date,return,equity,pnl,rolling_sharpe_90d,fee_drag,funding_pnl,weight_BTC,weight_ETH,weight_SOL,weight_AVAX,weight_DOGE
2020-11-23 00:00:00+00:00,0.03175128466308452,1.0317512846630845,0.03175128466308452,,0.00035,-0.0021750684595,0.19321885746651613,0.21061639812671845,-0.20570928898677918,0.20260027642047304,0.21382724728409855
2020-11-24 00:00:00+00:00,0.04806205404303743,1.081339370665535,0.08133937066553498,,0.0,-0.0017849365525574867,0.19235724489493916,0.19983623476533596,-0.19686058501306225,0.20234364167912827,0.23625585187873657
2020-11-25 00:00:00+00:00,-0.057298738265338156,1.019379989089765,0.019379989089765015,,0.0,-0.0017432895173055839,0.19938950497476432,0.19940822110922823,-0.2068102180721706,0.20324490503243187,0.2182991084822746
2020-11-26 00:00:00+00:00,-0.05548611481974364,0.9628185539701813,-0.037181446029818654,,0.0,-0.0016162804639308932,0.19323464401477894,0.192766684758772,-0.18379728285194027,0.1882732814627685,0.2020620687557916
2020-11-27 00:00:00+00:00,0.006400291524047752,0.9689808734003527,-0.03101912659964734,,0.0,-0.00152222728869201,0.19187995106519357,0.1910511010726602,-0.17807997015442903,0.18953426658406902,0.20225787581353039
2020-11-28 00:00:00+00:00,0.019621311916487416,0.9879935493584514,-0.012006450641548594,,0.0,-0.000783846420443501,0.19448420130048277,0.19406909424112614,-0.17712819379859202,0.18830312464271867,0.20544584707311217
2020-11-29 00:00:00+00:00,0.02230802745947913,1.010033736587328,0.01003373658732798,,0.0,-0.0009095561836776195,0.1952154332859349,0.20358105600881332,-0.17576702456780932,0.18784584407856028,0.20380406396985737
2020-11-30 00:00:00+00:00,0.03214943479918686,1.0425057503467214,0.04250575034672144,,0.00011581565884450601,-0.0008457940195993819,0.2101474427462454,0.2075433900529727,-0.19879130238133166,-0.1034253706676121,0.20078207518071403
2020-12-01 00:00:00+00:00,-0.032391321376576965,1.0087376115503113,0.008737611550311275,,0.0,-0.0011753128741723233,0.20674936475523042,0.20356881631090584,-0.20654713400483954,-0.10256020307769279,0.19337128691883756
2020-12-02 00:00:00+00:00,-0.01044622447963739,0.9982001120190035,-0.0017998879809965063,,0.0,-0.0007581734223950238,0.21376559417985327,0.20957249775577994,-0.2242536142853396,-0.10882881133785986,0.1976458979005732
2020-12-03 00:00:00+00:00,0.012040623581739851,1.010219063827075,0.010219063827074937,,0.0,-0.0002605152003083426,0.2137218873589707,0.21375328916211134,-0.21979488928927612,-0.10988599965556783,0.19883679224405584
2020-12-04 00:00:00+00:00,0.0007854047113686757,1.011012494639319,0.011012494639319081,,0.0,-0.0005059965518739331,0.20509190298323338,0.19676766999996353,-0.19319111499181213,-0.10171097950993487,0.1907311965142239
2020-12-05 00:00:00+00:00,0.004865408651070657,1.0159314835770779,0.015931483577077854,,0.0,-0.00028365846248665336,0.2093852277940683,0.20591821245942285,-0.2059280164727677,-0.1042213726504864,0.19621739573423405
2020-12-06 00:00:00+00:00,0.017997543156195617,1.0342157542964943,0.03421575429649426,,0.0,-0.00011625103898057641,0.2081261585669694,0.20393464147518434,-0.18938865920776063,-0.10118652338723352,0.19235132961375045
2020-12-07 00:00:00+00:00,-0.01386437675949237,1.019876997428325,0.01987699742832505,,8.877906621790467e-05,3.9754022086401494e-05,0.2006781019486343,0.1994176634123001,-0.19698159601782514,0.11948792982683296,0.19980367684741984
2020-12-08 00:00:00+00:00,-0.022180422603794936,0.9972556946214753,-0.0027443053785246585,,0.0,0.0002558117251003064,0.1960935240149777,0.19130511011032697,-0.18293305467680437,0.11260053229932661,0.19424451574013446
2020-12-09 00:00:00+00:00,0.013059464289569611,1.0102793197529545,0.010279319752954486,,0.0,2.9289425186925233e-05,0.1958760662105984,0.19499562076374047,-0.1798793640196717,0.1164183189833581,0.19017082374627167
2020-12-10 00:00:00+00:00,-0.0057885380807723985,1.0044312794383476,0.004431279438347646,,0.0,-0.000352209965021306,0.19399323557775033,0.19149169505517386,-0.17145023051819583,0.1130932777288009,0.18799899180526145
2020-12-11 00:00:00+00:00,0.007819386241426418,1.0122853155652463,0.012285315565246258,,0.0,-0.0003165010455821403,0.1901466262018633,0.1849240667283275,-0.1562379619030044,0.11545672184622403,0.18491355520451705
2020-12-12 00:00:00+00:00,0.018761102176673816,1.0312769038025122,0.031276903802512246,,0.0,-0.0007470298291304357,0.19460006683471326,0.18938258379841053,-0.15847064101052166,0.11680221061768838,0.18647622821001592
2020-12-13 00:00:00+00:00,0.009308582911166985,1.0408766303659296,0.04087663036592959,,0.0,-0.0006835917340657764,0.19665189124445284,0.19508738516392166,-0.16491968451572236,0.11596769414103278,0.19102628913825984
2020-12-14 00:00:00+00:00,0.004821224718223771,1.0458949305048713,0.045894930504871256,,0.00012889885542753662,-0.00013547853472068504,0.20000725269745329,0.19747221067707957,-0.2028331200950743,-0.18738743373275396,0.1968170168896525
2020-12-15 00:00:00+00:00,-0.02846481720068028,1.016123722496932,0.016123722496931947,,0.0,-0.0004083248657940312,0.20751463776950582,0.20411416329621282,-0.22971112027261328,-0.20219355841882722,0.20145247031925625
2020-12-16 00:00:00+00:00,0.04352981302064918,1.0603553981430693,0.06035539814306934,,0.0,-0.0004217099043891612,0.21853330877108737,0.21187757493198772,-0.22433467419812161,-0.196394596158758,0.206055505813732
2020-12-17 00:00:00+00:00,0.0557219254371919,1.1194404425753213,0.11944044257532127,,0.0,-0.0006192484013724578,0.22125529410049163,0.20236851887350285,-0.19987692283416894,-0.17889023200586704,0.21286110488950016
2020-12-18 00:00:00+00:00,0.0005480000684463526,1.1200538960144741,0.12005389601447414,,0.0,-0.000521617568019864,0.22411293586528505,0.20583977362983058,-0.20208507595981656,-0.18960524839891907,0.22038325769357078
2020-12-19 00:00:00+00:00,0.012368568036571048,1.1339073588319557,0.1339073588319557,,0.0,-0.0004579194093137569,0.2282956250883741,0.2046607395565318,-0.1958592937560163,-0.1902361526739764,0.22129451336109845
2020-12-20 00:00:00+00:00,0.05014733545994776,1.190769791535805,0.1907697915358051,,0.0,-0.0005695781540189763,0.21398156622951078,0.18881154844260303,-0.1748239821460295,-0.1732284348020811,0.248904642717981
2020-12-21 00:00:00+00:00,0.003969779255580619,1.195496884752416,0.1954968847524159,,7.874625105766438e-05,-0.00039778103964674416,0.19288952461426753,0.18980290586322351,-0.04953725370245208,-0.18584541677188018,0.20502941112993234
2020-12-22 00:00:00+00:00,0.009757639143010755,1.2071621119504234,0.20716211195042344,,0.0,-0.00013572270001566892,0.20024391677009967,0.19693791812116643,-0.047645651067960135,-0.18293057723473372,0.19212654747915744
2020-12-23 00:00:00+00:00,-0.03716862817114719,1.1622935522690414,0.1622935522690414,,0.0,-0.00018448404979676323,0.20283537993924597,0.18789340911195324,-0.03975727183068246,-0.18253728839083072,0.16573436949426973
2020-12-24 00:00:00+00:00,0.034015228036571976,1.2018292324949102,0.20182923249491025,,0.0,-0.00019380911630331916,0.20037653477327355,0.19008496210344103,-0.043788977524544345,-0.18569719154827388,0.19528406324619552
2020-12-25 00:00:00+00:00,0.018786649271002043,1.2244075767694298,0.2244075767694298,,0.0,-0.00031534842611980434,0.2049056119875028,0.191110858766771,-0.045534293890007044,-0.17330653754700037,0.19126400309049935
2020-12-26 00:00:00+00:00,0.021168021075535393,1.2503258621595303,0.25032586215953034,,0.0,-0.00037450635080303553,0.21509142201760942,0.1903481058101815,-0.04078503457373476,-0.16816824720509468,0.18541189586832965
2020-12-27 00:00:00+00:00,0.014920719651848158,1.268981623822268,0.268981623822268,,0.0,-0.0007513475118264983,0.21030484806477925,0.20168284609350418,-0.03960158689893283,-0.16476172848395734,0.18410100566384224
2020-12-28 00:00:00+00:00,0.013795976833929524,1.2864884649072024,0.28648846490720237,,2.9360579009242987e-05,-0.0009416416615339784,0.20324961212867756,0.21024250418429352,-0.021644350231959313,-0.20097396288969369,0.1996550790566809
2020-12-29 00:00:00+00:00,-0.0022385862629559217,1.2836085495022098,0.2836085495022098,,0.0,-0.0009024423544559641,0.20596172496892926,0.21140018667498722,-0.023825163734578006,-0.1987546959900854,0.19528388266304908
2020-12-30 00:00:00+00:00,0.02435192196894409,1.3148668847383571,0.3148668847383571,,0.0,-0.0010780778387370937,0.21210201265067855,0.21188670753483746,-0.021365677427212494,-0.19345264508495486,0.19644795035624593
2020-12-31 00:00:00+00:00,-0.021140095214650434,1.2870704736003975,0.2870704736003975,,0.0,-0.0008927029309796144,0.21701769559491127,0.21190663867100434,-0.021450578384544578,-0.21633250062545975,0.20255242231935963
2021-01-01 00:00:00+00:00,0.0065065570707305564,1.2954448710909308,0.29544487109093076,,0.0,-0.0015975909732703075,0.21848561002511704,0.2084176644215905,-0.02604757659626225,-0.24600338377974368,0.2443480913281837
2021-01-02 00:00:00+00:00,0.25366194144753407,1.6240499321301067,0.6240499321301067,,0.0,-0.00035284637900325996,0.1912841498995754,0.17655539258775704,-0.020318291169624966,-0.18822106787899323,0.361745539997056
2021-01-03 00:00:00+00:00,0.024532862499570873,1.6638925258074921,0.6638925258074921,,0.0,-0.0009583601446670198,0.19165908943608428,0.21795889839151456,-0.02401412706627333,-0.18296450437422498,0.33081053681262795
2021-01-04 00:00:00+00:00,0.031718819837514456,1.7166692330625668,0.7166692330625668,,0.00020892818271679839,-0.002284168466507081,0.1878098463326775,0.20624127531207742,0.2211011591649421,0.03286169631800621,0.19222134857571632
2021-01-05 00:00:00+00:00,0.0043101665956089,1.7240683634466227,0.7240683634466227,,0.0,0.002211521935579465,0.19849603566731816,0.21681000193279454,0.18932633880284283,0.03870438055923721,0.19538219499144158
2021-01-06 00:00:00+00:00,0.028403604571159313,1.7730381194956064,0.7730381194956064,,0.0,0.0010295403998121149,0.2090463790485255,0.2321378282516476,0.1616659744197393,0.04044485484679778,0.19887725092360764
2021-01-07 00:00:00+00:00,0.045936220057687605,1.8544847887234253,0.8544847887234253,,0.0,2.922759982317551e-05,0.2143855353586907,0.22459281537075246,0.19493605648952067,0.03775182621475564,0.1774097072571968
2021-01-08 00:00:00+00:00,0.08347774908645911,2.0092930046011346,1.0092930046011346,,0.0,-0.0019474508323420998,0.20357027304116135,0.20581411400569732,0.24510276317101282,0.04447450760029966,0.16353980231577978
2021-01-09 00:00:00+00:00,0.0368186646681159,2.083272489957535,1.083272489957535,,0.0,-0.0019411544871481628,0.19391972038975136,0.20853666267417095,0.2478152797295387,0.054024733393554604,0.16496002251153027
2021-01-10 00:00:00+00:00,-0.022684915562992125,2.036013629428144,1.036013629428144,,0.0,-0.004188783401871113,0.18895679412448,0.2097095706775329,0.2587024464300861,0.05032251728004477,0.1628163512373341
2021-01-11 00:00:00+00:00,-0.08749204284455392,1.857878637730121,0.8578786377301211,,9.321072406301607e-05,-0.0015263177175581471,0.2030253335875154,0.18936145944484126,0.19707481467009574,0.21621576152293584,0.19599529313945982
2021-01-12 00:00:00+00:00,0.044993189129141964,1.941470522656505,0.941470522656505,,0.0,-0.0002623916396713535,0.1868679616522916,0.17518660280182988,0.22077175643895514,0.24711103252445152,0.1719143849714388
2021-01-13 00:00:00+00:00,0.06243099765684357,2.062678464307304,1.0626784643073042,,0.0,-0.0002866958685676307,0.1932614360572784,0.17737972468885385,0.20215633294718968,0.2552074029265196,0.17400787810364718
2021-01-14 00:00:00+00:00,0.05178907612659733,2.169502676320008,1.169502676320008,,0.0,-0.0010069570810303853,0.1923001997535246,0.18423023020422113,0.179447316754022,0.26726466184851977,0.1796286345728469
2021-01-15 00:00:00+00:00,-0.025519813249698986,2.1141373731755992,1.1141373731755992,,0.0,-0.0013581213091451683,0.18520239326324855,0.17893967552667042,0.18143611865715276,0.2753879037056862,0.1833738271952826
2021-01-16 00:00:00+00:00,0.11427569569252327,2.3557318922848047,1.3557318922848047,,0.0,-0.0001600361659657981,0.162909578370482,0.16902451281046976,0.17183187978665626,0.33790015859691674,0.16237232746312288
2021-01-17 00:00:00+00:00,0.028059997366994827,2.4218337229796623,1.4218337229796623,,0.0,0.0012552034005708917,0.1577776674979505,0.16488157399689038,0.18699360582955762,0.33724940848646356,0.155805031345729
2021-01-18 00:00:00+00:00,0.0005342318108487731,2.423127543595064,1.423127543595064,,9.512703543571763e-05,-0.001387082038444665,0.20442685749285922,0.20461786813609859,0.19781433561908046,0.19296555039765168,0.20156172976507247
2021-01-19 00:00:00+00:00,-0.01650515967168109,2.3831334365831793,1.3831334365831793,,0.0,-0.0022860982031638337,0.2033486278454254,0.2252693306314903,0.1923480899807984,0.18114394371456685,0.20162407888059847
2021-01-20 00:00:00+00:00,0.01458931515808426,2.41790172135326,1.4179017213532599,,0.0,-0.00048666583517948504,0.19824096040105108,0.22393455663484288,0.19406098799465313,0.18871552505728004,0.1992080145972495
2021-01-21 00:00:00+00:00,-0.1447416921595095,2.0679305347291983,1.0679305347291983,,0.0,-0.00013772420362803147,0.20162510574697048,0.2109540800369797,0.1820518663586341,0.2011499514602495,0.20924410851745218
2021-01-22 00:00:00+00:00,0.09377631760151539,2.2618534453318353,1.2618534453318353,,0.0,0.00010721633008731241,0.19691253067932718,0.21427136676659633,0.18595762549484313,0.20731636516497953,0.20003836557158963
2021-01-23 00:00:00+00:00,0.009085094492752521,2.282402597611433,1.282402597611433,,0.0,-0.0003364928251426175,0.18981630171207056,0.21253313731063356,0.1942931385507584,0.20837365632428043,0.19977300194456013
2021-01-24 00:00:00+00:00,0.03097317415472256,2.353095850758443,1.353095850758443,,0.0,-0.0008366778696843361,0.18519906703947805,0.23260435306119528,0.1953028526677095,0.1954649102615826,0.19688571328220086
2021-01-25 00:00:00+00:00,-0.021925858124801856,2.3015022049806535,1.3015022049806535,,2.09131334335785e-05,-0.0008891354050037551,0.20434013713869548,0.1933873056080438,0.20827428464800046,0.19907702028336144,0.19583031981171012
2021-01-26 00:00:00+00:00,0.026199193021297473,2.361799705487883,1.3617997054878832,,0.0,0.00042615667591691404,0.2004843133802798,0.19556583846103504,0.2216013604044419,0.19475203681406916,0.18806703288681603
2021-01-27 00:00:00+00:00,-0.08759823318161741,2.1549102241582805,1.1549102241582805,,0.0,0.00015791487830454028,0.2055697736878297,0.1940025126732189,0.22053902211244467,0.1945854552766219,0.18564592198297772
2021-01-28 00:00:00+00:00,0.780710085567182,3.837270369650487,2.837270369650487,,0.0,-0.00031879303116997464,0.12691314866072223,0.11697862603626068,0.12861039521857265,0.11722775928597497,0.510641539893649
2021-01-29 00:00:00+00:00,0.14492314908491521,4.393379675510472,3.393379675510472,,0.0,0.004892335022664557,0.11373468613749638,0.10617668376862562,0.11312626142986415,0.09963826587440909,0.5633754832415606
2021-01-30 00:00:00+00:00,-0.2022928418394001,3.504630415671997,2.504630415671997,,0.0,0.0017381192163976615,0.1426622806513434,0.1329569017157327,0.15677882003957358,0.12964352932003567,0.43082961314613405
2021-01-31 00:00:00+00:00,0.14182310379496355,4.001667978876833,3.0016679788768332,,0.0,0.0002571744338967645,0.12070256566120302,0.11076086962381612,0.1378424794125369,0.1269997085029183,0.49722574822078247
2021-02-01 00:00:00+00:00,-0.002113294351233086,3.9932112765415626,2.9932112765415626,,0.00017882512005669378,0.001153944275858612,0.03847345084402855,0.06110054237355255,0.08379876062355424,0.1078197706301248,0.18925053515695883
2021-02-02 00:00:00+00:00,0.0020778221086803494,4.001508459216592,3.001508459216592,,0.0,-0.000661533998243246,0.04063458253081076,0.06716567558931867,0.09501098259160631,0.10936716196144726,0.17000212769558395
2021-02-03 00:00:00+00:00,0.06036046988123367,4.243041390048637,3.243041390048637,,0.0,-0.0013350231811060265,0.04064041995793668,0.06959774644463965,0.0978652944070206,0.11379518761639884,0.19101751440684153
2021-02-04 00:00:00+00:00,0.08878285944377184,4.619750737395432,3.6197507373954316,,0.0,-0.0016743526921854292,0.036656739266318225,0.06123670188746551,0.1008282922847074,0.10758809795065769,0.24786253616358878
2021-02-05 00:00:00+00:00,-0.0008251908561838217,4.615938561329084,3.6159385613290844,,0.0,-0.0014544849837060361,0.038061868341618045,0.06609348825132504,0.10521251170122523,0.12579822947885283,0.22009375926407165
2021-02-06 00:00:00+00:00,0.04217040313975495,4.8105945513286725,3.8105945513286725,,0.0,-0.0010109543301272178,0.03736606276613818,0.06187815074582159,0.09226504917069035,0.12243645811591074,0.2602801569504583
2021-02-07 00:00:00+00:00,0.13410826683803534,5.455735049067857,4.455735049067857,,0.0,-0.0012167557719367974,0.03261150867276679,0.05237288775108286,0.08893233909607444,0.14145111979967057,0.31027867341726356
2021-02-08 00:00:00+00:00,0.08257817078665974,5.906259669716548,4.906259669716548,,7.06434599583224e-05,-0.0014997550266290882,0.05517996671665306,0.07371761671518788,0.13459403925845626,0.18767488746495778,0.18715536938980948
2021-02-09 00:00:00+00:00,-0.013795568662674618,5.824779458903388,4.824779458903388,,0.0,-0.003326590052281446,0.05600150495519629,0.07539513987758753,0.13547032028262995,0.20128339877244752,0.16848528789407433
2021-02-10 00:00:00+00:00,0.16778000465637555,6.802060983640558,5.802060983640558,,0.0,-0.0021987816299744835,0.04626130048736644,0.06356087644926894,0.13491343079959842,0.2966559088142848,0.14933313608269352
2021-02-11 00:00:00+00:00,-0.04114911383758346,6.522162201894548,5.522162201894548,,0.0,-0.00179545075491863,0.05169993298977388,0.06803810326501782,0.14242222677410227,0.26760120627465106,0.1495631253240014
2021-02-12 00:00:00+00:00,0.00310496450758202,6.542413284044123,5.542413284044123,,0.0,-0.003948996445261036,0.050790100834374845,0.06986537403080836,0.14217999805364798,0.2719656794281116,0.14945281893843365
2021-02-13 00:00:00+00:00,-0.04599273175420837,6.241509824845912,5.241509824845912,,0.0,-0.00632763139975541,0.05308198254523738,0.07223784391737026,0.14142170904423138,0.26022922441641666,0.14869376841538035
2021-02-14 00:00:00+00:00,-0.0423659830090376,5.977082125655749,4.977082125655749,,0.0,-0.005224111931721505,0.05711314023536262,0.0748349327279192,0.147137259992353,0.2409805448536544,0.14670519123403808
2021-02-15 00:00:00+00:00,-0.025751752710569398,5.823161784825098,4.823161784825098,,4.2840586448361996e-05,-0.0011425996609298193,0.05372659362070533,0.07008576028255295,0.13498415509625553,0.1991419875425386,0.18498266120406473
2021-02-16 00:00:00+00:00,-0.025338594232976908,5.675611051206437,4.675611051206437,,0.0,-0.0008823277514372666,0.056520749274054156,0.07202769366518741,0.12965710048998966,0.1963528625808097,0.1799849211445499
2021-02-17 00:00:00+00:00,-0.0073487209743055,5.633902569232436,4.633902569232436,,0.0,-0.001798884301586405,0.0604073835761128,0.07522658630904584,0.12982574102531438,0.20062287902752945,0.1675674176449629
2021-02-18 00:00:00+00:00,0.06370510612940761,5.9928109303281305,4.9928109303281305,,0.0,-0.003745326322883186,0.05616406298084314,0.07421555760662725,0.13302769631545378,0.2085567661076317,0.18714757866643722
2021-02-19 00:00:00+00:00,0.016673543050596207,6.0927323213690405,5.0927323213690405,,0.0,-0.0029399511326398194,0.059935114844564596,0.07364971019075635,0.16741356442145458,0.19393026336647412,0.172665345761261
2021-02-20 00:00:00+00:00,-0.04678356017216001,5.807692612199408,4.807692612199408,4.495112243524186,0.0,-0.005430968253835605,0.06277938297990535,0.0755286497694373,0.15254109477462915,0.18839185152396193,0.17773615699400383
2021-02-21 00:00:00+00:00,0.025113031876878855,5.953541381900686,4.953541381900686,4.481243506102254,0.0,-0.0015096007106155042,0.06296093005044923,0.07445456038956147,0.16500866450331544,0.18493164299276296,0.17949726838170943
2021-02-22 00:00:00+00:00,0.010508738365631709,6.0161055906320415,5.0161055906320415,4.402970404810195,1.826115457031885e-05,-0.00012781703677383486,0.05344730637042509,0.0709472407912071,0.22081261228308052,0.17638483392825224,0.18942270976907957
2021-02-23 00:00:00+00:00,-0.044915072704599934,5.745891770630253,4.745891770630253,4.433697905595277,0.0,0.0012886330548805948,0.05059323295275415,0.0659898064005414,0.2457057812239504,0.15754830301305095,0.1762381450930537
2021-02-24 00:00:00+00:00,0.08049850708863437,6.208427480058859,5.208427480058859,4.729744450816268,0.0,0.0004044111312027511,0.04756277359817625,0.06278342377872663,0.2569629025067062,0.15696398117685054,0.19407068299724695
2021-02-25 00:00:00+00:00,-0.09715490857094777,5.605248275864381,4.605248275864381,4.474239926816008,0.0,0.00011247473026445478,0.04991173698772974,0.06346373894349026,0.22885244175107294,0.1566900707288812,0.18899224851932156
2021-02-26 00:00:00+00:00,-0.008556839486928536,5.557285066083426,4.557285066083426,4.412523002113285,0.0,0.0006057082150103804,0.04951264370677858,0.06242165076647054,0.22658887877340622,0.15336871653969997,0.1927138609631935
2021-02-27 00:00:00+00:00,-0.009011637273528827,5.5072048288422835,4.5072048288422835,4.344224175925643,0.0,9.87022864440564e-05,0.04973580245678759,0.06357198884065529,0.22185252249792797,0.15321081362352387,0.19326695895692242
2021-02-28 00:00:00+00:00,-0.021967339885066606,5.386226188550425,4.386226188550425,4.226126009652251,0.0,8.402136847847106e-05,0.04981685597727504,0.06326730564610357,0.2254115389628032,0.14596331781549532,0.1899425144108987
2021-03-01 00:00:00+00:00,0.06686484437493179,5.746375364416031,4.746375364416031,4.437154200009073,5.055112266763032e-05,-7.096930094930912e-05,0.027194159752423046,0.04214733717539932,0.1777640503622724,0.18796101464697315,0.19695864812749403
2021-03-02 00:00:00+00:00,-0.019773447627348006,5.632749712100668,4.632749712100668,4.4158256883156755,0.0,-0.00043168851661662996,0.027103808441285987,0.04067362145653446,0.1686935654071665,0.18917234885173598,0.19939935589136468
2021-03-03 00:00:00+00:00,0.006190841444892792,5.667621172467048,4.667621172467048,4.403145447802464,0.0,-0.0003616434213289497,0.02800627513635822,0.04266309569301393,0.1693085872969642,0.1887774613065059,0.1989537177397212
2021-03-04 00:00:00+00:00,-0.02648299974587598,5.517525562396882,4.517525562396882,4.341240145748749,0.0,-0.0006459279500301404,0.02763281855868562,0.04304310301947294,0.16138111568660393,0.18354859305910884,0.20263941852438383
2021-03-05 00:00:00+00:00,-0.019357188259502056,5.4107217813589505,4.4107217813589505,4.2870342468408795,0.0,-0.00033613129919509436,0.02840236542974139,0.043584776840772894,0.1581178307600913,0.17624621249227085,0.20470105971248398
2021-03-06 00:00:00+00:00,0.019884315902926275,5.518310282522336,4.518310282522336,4.2910202233849475,0.0,-0.0004563540271291707,0.02792720896387678,0.0461387265101338,0.1610225797268757,0.1776110730233495,0.20638328747076867
2021-03-07 00:00:00+00:00,0.02954039441866607,5.681323344792626,4.681323344792626,4.385100084930612,0.0,-0.0009539625035767432,0.028283442674000576,0.046863349710690956,0.16591509661113715,0.1849836216963813,0.20489353369956786
2021-03-08 00:00:00+00:00,0.03448289977481389,5.877231848279421,4.877231848279421,4.508754726731239,2.6553712080579012e-05,-0.000869279234389514,0.020012630462749596,0.022934289828653875,0.14717333600980334,0.14637897888858944,0.2342547997358328
2021-03-09 00:00:00+00:00,0.04417168263543214,6.1368390682564735,5.1368390682564735,4.57332980167573,0.0,-0.0020365293726642363,0.02007567247127999,0.022431208424364146,0.15413620465192937,0.1878824443007365,0.20633731119000137
2021-03-10 00:00:00+00:00,-0.04299019113545299,5.873015183744612,4.873015183744612,4.486415517755875,0.0,-0.002223124631365516,0.02137101507055609,0.022481556136537566,0.15374832963093707,0.16926312023113077,0.20794280895370942
2021-03-11 00:00:00+00:00,0.027094538444257577,6.032141819424289,5.032141819424289,4.527394395695309,0.0,-0.0014793088852698515,0.021512582128450055,0.02228075564815226,0.16907542393629488,0.17175759875372182,0.20283726120382664
2021-03-12 00:00:00+00:00,-0.03668579459379062,5.810847903676275,4.810847903676275,4.402556240939931,0.0,-0.0016241670523082187,0.02211815949040464,0.022350792426194324,0.15911500744484378,0.16188128609154653,0.20797381630778572
2021-03-13 00:00:00+00:00,0.054833597781563936,6.129477600396304,5.129477600396304,4.495836156579377,0.0,-0.001778315816553316,0.022423733455447657,0.023077113641004458,0.15857933209158928,0.16953007439802886,0.22368867269382994
2021-03-14 00:00:00+00:00,-0.04141851909575367,5.875603715357295,4.875603715357295,4.389967702748815,0.0,-0.00253647080348902,0.022541070103528623,0.023143750244540396,0.15617368149440983,0.1645994431955363,0.21608708541768631
2021-03-15 00:00:00+00:00,-0.009369662676734336,5.82055129052223,4.82055129052223,4.43367366745081,4.3962877971045275e-05,-0.0014572119521475276,0.02786485832286334,0.03159038596969917,0.10685222430215027,0.12091648873162798,0.19810667615316474
2021-03-16 00:00:00+00:00,0.0187062819176822,5.929432163879068,4.929432163879068,4.382776775595362,0.0,-0.0009832273331825698,0.02799592507286649,0.031223842192250557,0.10104400117318041,0.13527319682269362,0.2002096024147141
2021-03-17 00:00:00+00:00,0.000667635599495231,5.933390863876466,4.933390863876466,4.269188442642211,0.0,-0.001085043914790833,0.02896205660122017,0.031522766346689324,0.10515121168380274,0.1340938884752337,0.19743739748091527
2021-03-18 00:00:00+00:00,-0.003303291408858988,5.91379114481042,4.91379114481042,4.260718235548415,0.0,-0.0019190846344461245,0.02843754841714126,0.030791767194323243,0.10542185551324176,0.13660652203906906,0.19616856453326462
2021-03-19 00:00:00+00:00,0.019178011128334393,6.02720589719624,5.02720589719624,4.275153335223976,0.0,-0.0011165731315790634,0.028090595267654766,0.030781744534616615,0.10296669819808031,0.15065943646002647,0.19548034406199497
2021-03-20 00:00:00+00:00,-0.011850556784815391,5.955780151457742,4.955780151457742,4.144808639785707,0.0,-0.001572587473944467,0.028455126497218423,0.031087429982447966,0.10446437668996066,0.13967398469482736,0.19998869671541247
2021-03-21 00:00:00+00:00,-0.011172416590336298,5.8892396944852,4.8892396944852,4.1114731820441355,0.0,-0.0012795914930084143,0.02841513656928512,0.031044159592081018,0.10676373109928786,0.13562158696835358,0.19751118628365988
2021-03-22 00:00:00+00:00,-0.02066680064890236,5.767527951745672,4.767527951745672,4.044367459304205,2.203480179558716e-05,-0.0011802849923041822,0.030397574119975106,0.015397340816233467,0.10933149243757585,0.08738307904838535,0.1947536249466748
2021-03-23 00:00:00+00:00,-0.012510654572001956,5.695372401807016,4.695372401807016,4.100868784633324,0.0,-0.0003497592805194028,0.03093648092268354,0.015477811777108679,0.10582497487490101,0.0863467792885468,0.1919018546473469
2021-03-24 00:00:00+00:00,-0.021396043847481394,5.573513964170218,4.573513964170218,3.981575100476758,0.0,-0.000357501931532039,0.030399227604667053,0.014989842550366752,0.10389865633394672,0.07998573910737877,0.1891280307601745
2021-03-25 00:00:00+00:00,-0.006121272573823777,5.539396966001519,4.539396966001519,3.9280732528411257,0.0,-0.0001299642121482876,0.030009750405142192,0.015133547154081209,0.09984615905563068,0.08048397895362022,0.1894767757745806
2021-03-26 00:00:00+00:00,0.03431810163336313,5.729498554068302,4.729498554068302,3.955103719099318,0.0,-0.00029548402553883997,0.031108354245751986,0.015660278559901458,0.10988460517480018,0.08523255941097643,0.19276172186982973
2021-03-27 00:00:00+00:00,0.012615707447570346,5.8017802316477045,4.8017802316477045,3.950227638686769,0.0,-0.00044005708042626823,0.031166277487677318,0.015603613116985786,0.12106073512255042,0.08223534527070407,0.1920595861077991
2021-03-28 00:00:00+00:00,0.01168127212265424,5.869552405329418,4.869552405329418,3.9457452147014953,0.0,-0.0007826553345310317,0.030793771847323768,0.01518917287740012,0.13143948291376123,0.08468297814478927,0.18723520878509384
2021-03-29 00:00:00+00:00,0.011879279689677169,5.939278460005543,4.939278460005543,3.9761589452158064,1.545847908587377e-05,-0.0010175960329689283,0.041044829262070995,0.018552236370024774,0.12503741120002632,0.09517966880311816,0.1993596381175516
2021-03-30 00:00:00+00:00,0.0002930549544200023,5.941018994983928,4.941018994983928,3.92511155393202,0.0,-0.001466977925064395,0.04182711475148326,0.018801681453299964,0.12573967660651542,0.09547259991397739,0.19895184516036388
2021-03-31 00:00:00+00:00,-0.002281433470843419,5.927464955397855,4.927464955397855,3.9670695219171845,0.0,-0.001223444912372331,0.0419320853376728,0.01965880334612696,0.1280806453391593,0.09279310138306689,0.19836727994667816
2021-04-01 00:00:00+00:00,0.02543470526108682,6.07822827948382,5.07822827948382,4.006978350692173,0.0,-0.0018255165243451922,0.0408828095684013,0.019636445561540854,0.12262059452042846,0.08893334884399628,0.22341630905918367
2021-04-02 00:00:00+00:00,-0.008330826863641283,6.027591612049752,5.027591612049752,3.566256473130598,0.0,-0.00203439854478178,0.04139268779983703,0.021492992776735182,0.1287499998213956,0.09225828537588796,0.20940873283430686
2021-04-03 00:00:00+00:00,0.0008554168401575524,6.032747715420292,5.032747715420292,3.514824324170251,0.0,-0.0028497978270860817,0.04002847698646024,0.020215279878909028,0.14585935855071447,0.08920018472178451,0.20127982756756074
2021-04-04 00:00:00+00:00,0.01898342207748338,6.147269911589089,5.147269911589089,3.4878248320748537,0.0,-0.0009580216535209715,0.040039030023854796,0.020480370481488083,0.1514000802547851,0.09075946663238499,0.2042228924660328
2021-04-05 00:00:00+00:00,0.016317345018482143,6.247577035658223,5.247577035658223,3.5140112436234827,0.00013277872874845563,-0.0025287093368184343,0.2001712584201826,0.00434504240165597,0.19039453165952527,0.2111843555062249,0.16336368052760217
2021-04-06 00:00:00+00:00,0.022949709970400134,6.390957116644311,5.390957116644311,3.5024534685571247,0.0,-0.003331631553274501,0.19177168802606298,0.004255854526136573,0.20294755759442765,0.2076125244023391,0.17130028360821084
2021-04-07 00:00:00+00:00,-0.024210850566923292,6.236226608913621,5.236226608913621,3.349802345712286,0.0,-0.0012635733994270414,0.18961842918970437,0.0040539670440695235,0.22017425569546933,0.1995608276629815,0.16026440580257967
2021-04-08 00:00:00+00:00,0.02598062715384053,6.398247687286665,5.398247687286665,3.2343531240282477,0.0,-0.001116839379693938,0.1917586141150386,0.0041858871351620605,0.21774070481872052,0.20252435406985428,0.1642821282371958
2021-04-09 00:00:00+00:00,0.008996114048802628,6.4558070531939835,5.4558070531939835,3.175077412745848,0.0,-0.0014815348820669974,0.1902247302607853,0.004120551463892177,0.22142989287640102,0.20579816286480715,0.16234379194000986
2021-04-10 00:00:00+00:00,0.003736875192839051,6.479931598420819,5.479931598420819,3.234571641953512,0.0,-0.002690376680360993,0.19491248463137395,0.004240077981740798,0.2140070422193501,0.2070242690495744,0.167218084551792
2021-04-11 00:00:00+00:00,0.03314995771999718,6.694741056936943,5.694741056936943,3.5166418839207707,0.0,-0.0031332621398221156,0.18947124266991786,0.004140709065378822,0.21574247492212617,0.19875308001338737,0.18914866329641972
2021-04-12 00:00:00+00:00,-0.010904855904608102,6.621735870392381,5.621735870392381,3.3952184465809583,0.0002952667380526751,-0.0003197302709799835,0.2015430832742651,0.2006632602602049,0.20674305789052227,-0.2167679154224938,-0.03224142505730676
2021-04-13 00:00:00+00:00,0.010213726779809695,6.689368471380635,5.689368471380635,3.2858049925233974,0.0,-0.00019134377678163835,0.2119547670385843,0.21385296784667776,0.19694421370792137,-0.2134397755607672,-0.04271140164683302
2021-04-14 00:00:00+00:00,-0.03990733798928181,6.422413582858402,5.422413582858402,3.083189246791139,0.0,-0.00017420949224251076,0.21857767674811615,0.2356946329959215,0.19701045476241932,-0.25368383373352965,-0.05714466440660986
2021-04-15 00:00:00+00:00,-0.00019413545003421628,6.421166764707188,5.421166764707188,3.1408264044901197,0.0,-0.00034860279103968915,0.21936059995111357,0.24374679670844668,0.20723923749002165,-0.2443673357609868,-0.08530442761191868
2021-04-16 00:00:00+00:00,-0.11026343854128773,5.713146837783538,4.713146837783538,2.64430119552273,0.0,-0.0007233232165934056,0.23949658431646453,0.2638909261528695,0.2124612773483731,-0.2631809498596634,-0.1928889714213698
2021-04-17 00:00:00+00:00,0.0350882464862019,5.913611142239551,4.913611142239551,2.659119866890737,0.0,0.0009476204580777147,0.2263509547342451,0.24365535328357463,0.20118872162944385,-0.243081242654324,-0.14415781168111266
2021-04-18 00:00:00+00:00,0.04931564387114329,6.205244683322662,5.205244683322662,2.7629472604424827,0.0,-0.0003306664461965935,0.2015328108787709,0.22374790093192623,0.24967164709190795,-0.20011659087808695,-0.15691209312490575
2021-04-19 00:00:00+00:00,0.060675909568439934,6.58175354857799,5.58175354857799,2.9278891444047535,0.0002756727507036785,-0.0005398795753282584,0.01104075337665609,0.07926006209749584,0.1840573382067283,-0.12246675228378923,0.2389145120488685
2021-04-20 00:00:00+00:00,-0.05284093414883784,6.2339675427337005,5.2339675427337005,2.77481039355097,0.0,-0.0003848427432103233,0.011819330282538447,0.09015164013961875,0.19504305324543153,-0.13549014253643193,0.19570209520078571
2021-04-21 00:00:00+00:00,0.007096589027018485,6.278207448392254,5.278207448392254,3.148934663287444,0.0,-0.00013453298962288725,0.011192925378630342,0.09062824548933478,0.19954246758440547,-0.12673946647007464,0.1872647494176812
2021-04-22 00:00:00+00:00,0.02088042162490633,6.409299066963312,5.409299066963312,3.000360565266188,0.0,-0.00012477890956285622,0.010539007451080155,0.09028145567524024,0.2329835322640662,-0.1151597622146455,0.15641842237504774
2021-04-23 00:00:00+00:00,-0.01551384402052347,6.309866200957557,5.309866200957557,2.9447533314533083,0.0,-0.0001898083968102338,0.01058254069789105,0.09054700986617642,0.2271490339158431,-0.11501222328187473,0.15214113360738127
2021-04-24 00:00:00+00:00,0.0358502519551962,6.536076494065462,5.536076494065462,2.955137418911104,0.0,-8.966461582554843e-05,0.010010406375921552,0.08176212549277477,0.23980255981815277,-0.10285976274497506,0.15874165204440688
2021-04-25 00:00:00+00:00,0.03197200045458537,6.745047934704927,5.745047934704927,3.075454895596924,0.0,-2.4040435649640643e-05,0.009501110624380632,0.08298995652339326,0.2694242731529159,-0.09867826355451338,0.14322067762288224
2021-04-26 00:00:00+00:00,-0.02787833203528145,6.557007248787334,5.557007248787334,2.953612583176536,0.00014030561714213868,7.716418363979981e-05,-0.06123532044464046,0.22463478880332807,0.19089158594189468,-0.24217670552544537,0.22251305802583418
2021-04-27 00:00:00+00:00,-0.007156646305694125,6.510081067083891,5.510081067083891,3.149216602230529,0.0,-0.000536465896156036,-0.06284425534940745,0.238229825126024,0.18903089043145482,-0.25862994484040974,0.2245850635636364
2021-04-28 00:00:00+00:00,0.05346982290263824,6.858173948822685,5.858173948822685,2.8973832675751043,0.0,-0.0004774166116939202,-0.059497848537014265,0.23291293413285524,0.18632176483084642,-0.24797197754999215,0.2530474929741953
2021-04-29 00:00:00+00:00,-0.019261076449279768,6.726078136091952,5.726078136091952,2.3100846812652724,0.0,-9.404142706799065e-05,-0.05922551866415345,0.23842130093976852,0.17984084506527412,-0.25002139629501924,0.24341834992926442
2021-04-30 00:00:00+00:00,-0.019904155824793657,6.59220122878144,5.59220122878144,3.4622394725417536,0.0,-0.0005313539576102084,-0.06508277466252242,0.24449846088354377,0.18515391862060898,-0.29961517611985167,0.2748702742267744
2021-05-01 00:00:00+00:00,0.09674094699450264,7.22993701843208,6.22993701843208,3.343812361799016,0.0,-0.00046083067928118053,-0.0594985293154395,0.23690832361796632,0.19569981603206751,-0.2649221963425565,0.29028998563451897
2021-05-02 00:00:00+00:00,-0.01744559350092001,7.10380647617126,6.10380647617126,3.2623200702453077,0.0,-0.0005650319763521794,-0.05929224760248054,0.24143952529259421,0.18817782840023517,-0.26484173508231335,0.28288885100626404
2021-05-03 00:00:00+00:00,0.07148580646271929,7.611627811075451,6.611627811075451,3.562841744551584,0.00018817569682150087,-0.0013031237936161828,0.02063211878939254,0.217127543441175,0.1829014040172652,0.059431570864527064,0.2200659241644225
2021-05-04 00:00:00+00:00,0.010958845781232185,7.695042466401165,6.695042466401165,3.3484050378838104,0.0,-0.0014237808684459366,0.01899896638638841,0.20290780984544463,0.16767862929997013,0.049740494016539426,0.26549130532594145
2021-05-05 00:00:00+00:00,0.09296269756151476,8.410394371928229,7.410394371928229,3.3619399046406615,0.0,-0.0010317953451167542,0.0187649496075651,0.20195083357845695,0.1619874883666245,0.052889337831054276,0.2952756074027704
2021-05-06 00:00:00+00:00,-0.03859869364966284,8.085764136093323,7.085764136093323,3.156107146514621,0.0,-0.0021325789971726205,0.01915768005772288,0.20795555680325645,0.1629766734888254,0.05934305897287001,0.27284824409699904
2021-05-07 00:00:00+00:00,0.04806581505425611,8.47441297963112,7.47441297963112,3.1807476675911253,0.0,-0.0014393769368544046,0.018575615958978133,0.19772656586227982,0.1543258181192789,0.05631597641906863,0.3094471875586934
2021-05-08 00:00:00+00:00,0.009023774123950279,8.550884168192384,7.550884168192384,2.7031792198209326,0.0,-0.0016810086391953105,0.01891477512143074,0.22036116795295194,0.16167536671057098,0.05658404486326142,0.28287925781231354
2021-05-09 00:00:00+00:00,-0.03375460991251744,8.26225240868793,7.26225240868793,2.1356485491125485,0.0,-0.0007849223171803964,0.019365432842579834,0.22884806588458095,0.16240598857218738,0.05948072871752759,0.2620584386299944
2021-05-10 00:00:00+00:00,-0.060537662746383725,7.762074958845283,6.762074958845283,1.8666624966598877,0.00010881446239354925,-0.0009382982098954035,-0.08621452223522894,0.2140741132332091,0.2058191568100645,0.13046764896331942,0.16804251138142337
2021-05-11 00:00:00+00:00,0.04287338344509517,8.09486137488543,7.094861374885429,1.3405879006466952,0.0,-0.00035872503371103093,-0.08391424212771925,0.21699529805097142,0.20533243096088202,0.13273271947628948,0.17650769616834186
2021-05-12 00:00:00+00:00,-0.06363821374812706,7.579718856449013,6.579718856449013,1.2013894848860696,0.0,-0.00042616252070282933,-0.07837428730192801,0.21249061038611022,0.2136854036619874,0.12715435221740445,0.14920635470512714
2021-05-13 00:00:00+00:00,0.027027603112967924,7.784580489408996,6.784580489408996,1.332444435849513,0.0,-0.00024793488251546273,-0.0764843102827612,0.20097966625075878,0.19642536759512375,0.13137349997443926,0.1820002878169991
2021-05-14 00:00:00+00:00,0.060843222075221526,8.258219448888545,7.2582194488885445,1.9236126175974433,0.0,-0.00015286622076653131,-0.07233751358802601,0.20781710398929465,0.19277767023696032,0.1309454712589782,0.19621041981282616
2021-05-15 00:00:00+00:00,-0.04141533705873435,7.91620250690783,6.91620250690783,1.9295647156501723,0.0,-0.0006570634688223471,-0.07080272153446286,0.19389347610459193,0.20481899905317477,0.1274178318698571,0.18588325574244774
2021-05-16 00:00:00+00:00,0.021884070779339515,8.089441242872585,7.089441242872585,2.2002266314713075,0.0,-0.0004453314592597135,-0.06874728890768099,0.18622659428079938,0.21579323768432926,0.13235941420650124,0.18369829696749163
2021-05-17 00:00:00+00:00,-0.020131261065052586,7.926590589341914,6.926590589341914,2.2318011027238933,8.724385212753133e-05,-0.0003477629301663593,-0.19150571310535297,0.1871199906720084,0.2035424613286856,0.05646002909451594,0.19390866365033058
2021-05-18 00:00:00+00:00,0.04894631405212313,8.314567981690447,7.3145679816904465,2.5291061451410526,0.0,-0.00024176593995134225,-0.17970468188447344,0.18342848725140143,0.23228070927948885,0.05907872412938794,0.18035912176380273
2021-05-19 00:00:00+00:00,-0.18758343561457325,6.7548927540340244,5.7548927540340244,1.011244738383736,0.0,0.002248352577871973,-0.1892508131406537,0.16336554504664041,0.1786102238103008,0.045163119350760235,0.15366873072410414
2021-05-20 00:00:00+00:00,0.08637943905302459,7.338376600990824,6.338376600990824,1.3296889764200184,0.0,0.00012267098557273333,-0.192298955334822,0.17040839854972345,0.20899641348545797,0.04530961386523358,0.17058697786093213
2021-05-21 00:00:00+00:00,-0.05393980031987866,6.942546032461308,5.942546032461308,1.2919838776565875,0.0,1.8185557488494756e-05,-0.18675467711831936,0.15817104723254194,0.1935164833473505,0.04167808276015397,0.1623343620448904
2021-05-22 00:00:00+00:00,-0.06109262740657029,6.518407654447187,5.518407654447187,0.8648113019087836,0.0,6.375168035829719e-05,-0.2000907096794823,0.15904813086466596,0.16535360621366124,0.038215138018170274,0.16528989840781233
2021-05-23 00:00:00+00:00,-0.05817339267906918,6.1392097663227805,5.1392097663227805,0.5296735478346761,0.0,-8.949223196160993e-06,-0.1966660975751283,0.1542653311200801,0.13785026188437818,0.03372926946288806,0.1571283093324006
2021-05-24 00:00:00+00:00,0.07392909275897308,6.593075974604051,5.593075974604051,1.0856268702272436,0.00013573674434281535,-0.0004666566489466804,-0.20838964698646295,0.23528804450498217,0.2386122958192456,-0.23208031939305712,0.22217713371502032
2021-05-25 00:00:00+00:00,-0.0154157795572063,6.491438568775641,5.491438568775641,0.64390770837794,0.0,1.9189402671450005e-05,-0.20918102384932033,0.24416406604843194,0.23147165369109274,-0.23609026479040826,0.21356852426672224
2021-05-26 00:00:00+00:00,0.04046270993810985,6.754099764665069,5.754099764665069,1.336234901765885,0.0,3.03631264510966e-06,-0.20575331711669975,0.25005190093611174,0.26260154274490977,-0.2428075864005043,0.20924030134561025
2021-05-27 00:00:00+00:00,-0.01200617125211978,6.673008886236598,5.673008886236598,1.3189223570037036,0.0,-1.0669833724109789e-05,-0.20455400895240558,0.24067412767115937,0.2534785843214792,-0.2257230521519337,0.20063747914029023
2021-05-28 00:00:00+00:00,-0.03512120538870689,6.438644770582417,5.438644770582417,1.1860334731876387,0.0,-7.935393900857687e-05,-0.1962822012644129,0.21932257395767443,0.22548355745744797,-0.20453627455005602,0.19383628649492862
2021-05-29 00:00:00+00:00,-0.01733762264140859,6.327013977227979,5.327013977227979,1.2094355813575857,0.0,-9.099930022108267e-05,-0.19381499329267915,0.2108214220213236,0.21669597146511746,-0.2011221745848392,0.19188885333079334
2021-05-30 00:00:00+00:00,0.008718911038114507,6.382178649232337,5.382178649232337,0.9363235582386655,0.0,-0.00011119943629363072,-0.19791232866597924,0.21891888275838298,0.2243165858274242,-0.20364251954608392,0.18960203613363355
2021-05-31 00:00:00+00:00,0.03763572015500527,6.622376538854095,5.622376538854095,1.2181429919666018,3.453186891356059e-05,-7.406778442928365e-05,-0.20134348876079122,0.17565047943392825,0.22077707363523127,-0.21174792528098743,0.2079062279856626
2021-06-01 00:00:00+00:00,0.0192059213596254,6.749565381873155,5.749565381873155,1.2815124660853496,0.0,-5.737271010391305e-05,-0.19463217538545763,0.16777462714764615,0.20475041916096007,-0.2034819993010562,0.23212801975518424
2021-06-02 00:00:00+00:00,0.04267830868213074,7.037625416710961,6.037625416710961,1.6200361099019507,0.0,-6.1961667413183e-05,-0.19112491436008489,0.16534073373855276,0.21564824218727613,-0.20543251254390058,0.2546442614665239
2021-06-03 00:00:00+00:00,0.005258902022008627,7.074635599245042,6.074635599245042,1.7442744940772352,0.0,-7.172274314651019e-05,-0.1986136937133593,0.17365699037409235,0.2500673083933811,-0.22159360183287963,0.23961084649182532
2021-06-04 00:00:00+00:00,-0.004755962187443119,7.040988899845093,6.040988899845093,1.623464132523293,0.0,-5.1952832036164406e-05,-0.18726094056029585,0.1641623332454444,0.2369513776160278,-0.2002576095942221,0.225968033142148
2021-06-05 00:00:00+00:00,0.025542732914678234,7.2208349987690506,6.2208349987690506,1.604638204210511,0.0,-0.00013348622205077687,-0.17600557360179214,0.15639738860079255,0.2451958904781945,-0.18431916865053752,0.21736467705415158
2021-06-06 00:00:00+00:00,0.017381401662696083,7.346343232222709,6.346343232222709,1.5236223561721876,0.0,-0.000162898404990771,-0.17447569092054308,0.15863712648875425,0.2564488429342963,-0.18299220009122769,0.21384109461580902
2021-06-07 00:00:00+00:00,-0.01533189151771619,7.233709894734361,6.233709894734361,1.2337383449875567,5.39647220173531e-05,-0.00013130291389235193,-0.19033465407280153,0.19423116352765094,0.18408224517861924,-0.1814193430393775,0.1811612849345055
2021-06-08 00:00:00+00:00,0.014428732418620083,7.338083159199408,6.338083159199408,1.5290257548038153,0.0,-0.0001238230191896229,-0.18662987154660451,0.1850612732115894,0.1956121319534879,-0.17020810227205738,0.17556078595525998
2021-06-09 00:00:00+00:00,-0.00887392709765722,7.272965544208126,6.272965544208126,1.3506543784022274,0.0,-0.000251073906679305,-0.2108470638061471,0.1944672341252052,0.2011691922095772,-0.17895197060078522,0.18664403836290022
2021-06-10 00:00:00+00:00,-0.006156543661326119,7.228189214287888,6.228189214287888,1.5109142910308113,0.0,-0.00012425283678852754,-0.20818592956263401,0.18524510790577844,0.19791660969730226,-0.16585876218775925,0.17848710664630058
2021-06-11 00:00:00+00:00,-0.03124096555803324,7.002373603997373,6.002373603997373,1.0824209938476252,0.0,-8.009797111501672e-05,-0.21859611895975103,0.1821761345329453,0.1797971394252712,-0.16187303165804565,0.17998419248435663
2021-06-12 00:00:00+00:00,0.007825497102818657,7.0571706583483085,6.0571706583483085,1.340042056756877,0.0,-0.00012724114345109995,-0.2066449312315816,0.18201618622823817,0.17994027849683455,-0.16210187473318846,0.1749157305636784
2021-06-13 00:00:00+00:00,-0.006370401319097163,7.012213649077273,6.012213649077273,1.3556098551279467,0.0,-0.00013358815387294585,-0.22819848293360845,0.19385611426737762,0.19218576064286952,-0.17767179349324286,0.18275488475912505
2021-06-14 00:00:00+00:00,-0.0031970055847524437,6.989795562879696,5.989795562879696,1.2448439374275317,6.449117208201233e-05,-6.62821845195423e-05,-0.20832283961422915,0.08787143816689315,0.20562504747267657,-0.20570754271784705,0.20290718550606007
2021-06-15 00:00:00+00:00,0.0005980669207261702,6.993975928388493,5.993975928388493,1.2444879489869967,0.0,-2.8874276979558364e-05,-0.20636650734579542,0.08660536509908809,0.2048183795009118,-0.2002636405143514,0.19815702324953693
2021-06-16 00:00:00+00:00,0.004987880193342731,7.028861042394418,6.028861042394418,1.2869079059066468,0.0,-2.488518599681702e-05,-0.19619443378626678,0.0801690515383887,0.20450798227353784,-0.190549287724899,0.18959349981542803
2021-06-17 00:00:00+00:00,-0.011954865202271958,6.944831956107092,5.944831956107092,1.1283283396187096,0.0,-2.6258043634856645e-05,-0.19709625895083688,0.08133343470206318,0.20485402164428188,-0.20346240582610378,0.19088411487087492
2021-06-18 00:00:00+00:00,0.00231665145194504,6.960920711141721,5.960920711141721,1.2014140630300167,0.0,-4.2193994962426536e-05,-0.18501969939503263,0.07632873015472459,0.19153031623849706,-0.1864475867307185,0.18229769557758005
2021-06-19 00:00:00+00:00,-0.010284620409116929,6.889330283929668,5.889330283929668,1.2060393808215994,0.0,-5.46065438730533e-05,-0.1852279680150856,0.07476091229771287,0.18484898605950748,-0.1846411166757799,0.17943002412350106
2021-06-20 00:00:00+00:00,-0.008223098204047208,6.832678644444798,5.832678644444798,1.2713362004410131,0.0,0.00011723219949317657,-0.18731977771389202,0.07814532298436885,0.1867898985641236,-0.19377770857644588,0.177497134787882
2021-06-21 00:00:00+00:00,-0.05021673687403072,6.489563818811905,5.489563818811905,1.0696749464324884,2.5577444161969105e-05,0.00015001242653979024,-0.18700469873184572,0.06502623388142777,0.15886516732837,-0.16904854212918627,0.09461128721882273
2021-06-22 00:00:00+00:00,0.012563696193329532,6.5710967270586815,5.5710967270586815,1.243756108395674,0.0,0.00027774147940595864,-0.18988494658554744,0.06400440143947717,0.15912539060363934,-0.15805633389247034,0.0998603690006685
2021-06-23 00:00:00+00:00,0.028993058719202658,6.761612920315854,5.761612920315854,1.4193508702759023,0.0,0.00017826290754136595,-0.19108225053301753,0.06511658301231837,0.17654504759052572,-0.16632930862086195,0.11950474141851747
2021-06-24 00:00:00+00:00,0.011359290188913684,6.83842004362283,5.83842004362283,1.3068033571532525,0.0,6.673531357541339e-05,-0.19452649881245673,0.06513792488291653,0.1767006367454122,-0.16506446301672256,0.13263076033339016
2021-06-25 00:00:00+00:00,0.0018595579047993027,6.851136481671287,5.851136481671287,1.2525104035317973,0.0,7.124303696065182e-05,-0.17692284015311513,0.05908558718980579,0.16187829497936462,-0.14663483975623026,0.11922953761895935
2021-06-26 00:00:00+00:00,0.0059445022553668014,6.891863077938408,5.891863077938408,1.223615210535059,0.0,4.741204394202077e-05,-0.17970759675494188,0.05941475613778951,0.16682026287286322,-0.14690858224757702,0.12278083516250404
2021-06-27 00:00:00+00:00,0.003945154205462265,6.919052540543807,5.919052540543807,1.1835808727944843,0.0,-0.00015239179489485522,-0.19249856306745988,0.06409827253357478,0.17857703514242548,-0.1554459314126491,0.13166228314009856
2021-06-28 00:00:00+00:00,-0.012057903741732656,6.835623271025939,5.835623271025939,1.119995100733826,0.00011461958710659059,2.886434488835072e-05,-0.20124786457879573,-0.10773578291664347,0.14347957703384553,-0.20946148448451762,0.19644364722762356
2021-06-29 00:00:00+00:00,-0.014225064101010987,6.738386091825232,5.738386091825232,1.0584057257810489,0.0,0.00010988160839615527,-0.21258174363833973,-0.11357014450824762,0.1496767382327776,-0.2235490100350164,0.20438431721736455
2021-06-30 00:00:00+00:00,-0.001540593064704221,6.728004980944867,5.728004980944867,0.9229396875658025,0.0,6.759697752059909e-05,-0.20769320038957825,-0.11951631026135152,0.15672548418899576,-0.224307166554937,0.19723881241571467
2021-07-01 00:00:00+00:00,0.014655289085049317,6.826605838906266,5.826605838906266,1.039750607275318,0.0,9.680940499174823e-05,-0.1956865668045249,-0.10900059423797077,0.14471790939266366,-0.2070354513152309,0.18665389526749418
2021-07-02 00:00:00+00:00,0.0014928849739008765,6.836797176185913,5.836797176185913,1.0429986869582137,0.0,-0.00015156070739636115,-0.19697587889117993,-0.11128862849192617,0.1476134960930319,-0.2051741625955732,0.18738520222181618
2021-07-03 00:00:00+00:00,-0.013137136776173564,6.7469812365714015,5.7469812365714015,0.8797228083719817,0.0,-0.0001241112471293429,-0.2048716179140599,-0.11664621042642906,0.15191225418095183,-0.21522896098201366,0.19083291209187203
2021-07-04 00:00:00+00:00,-0.025619533634199665,6.574126723851746,5.574126723851746,0.6651749659796382,0.0,-1.8845582434036876e-05,-0.21406402525213272,-0.12483802019079626,0.15495751003484248,-0.2373618598960028,0.19593004727393318
2021-07-05 00:00:00+00:00,0.013297281104114989,6.661544734912877,5.661544734912877,0.6167810427394663,0.0002083194900087956,-5.558522183357927e-06,-0.1883433496059221,0.029919978243911696,0.1892602502867427,-0.19222038178551362,-0.13491722093804046
2021-07-06 00:00:00+00:00,-0.017080128997388422,6.547764691518692,5.547764691518692,0.6537057822471023,0.0,-2.3578085306668407e-05,-0.1946508901937953,0.032196091405278834,0.20027158187651284,-0.2174611557106175,-0.13915808926195594
2021-07-07 00:00:00+00:00,0.027192181052382747,6.725812694498868,5.725812694498868,0.6597433049023339,0.0,5.2406601638277974e-05,-0.18750161022188575,0.031244032463519786,0.20895171777788868,-0.20714587939081544,-0.1294899541246774
2021-07-08 00:00:00+00:00,0.008029661253544873,6.779818692090485,5.779818692090485,0.6548534781867901,0.0,-2.924737514015776e-05,-0.18054742652705266,0.028320059981479948,0.1873213322942767,-0.18996625667932948,-0.11881289460668158
2021-07-09 00:00:00+00:00,-0.018179894330330848,6.656562304689478,5.656562304689478,0.542648347101967,0.0,-5.641192885533869e-05,-0.18922482269562096,0.029289756202081983,0.19192442902142537,-0.20080858250250622,-0.1283927298048654
2021-07-10 00:00:00+00:00,0.0037752725670763265,6.6816926417494065,5.6816926417494065,0.3946243842340935,0.0,4.7227579728042075e-05,-0.18680098601424874,0.02868514561941594,0.18181028000824287,-0.19156109800175294,-0.12451343186988276
2021-07-11 00:00:00+00:00,-0.0087530425939365,6.623207501456582,5.623207501456582,0.40566020100307243,0.0,5.85954893775666e-05,-0.19270259475969753,0.029337744447114934,0.18622299109749751,-0.19976244635757004,-0.1269470465966477
2021-07-12 00:00:00+00:00,0.010865752568802733,6.6951736353792475,5.6951736353792475,0.4089696240724609,0.0001492048319923433,9.000374065828774e-05,-0.19098903943087012,-0.18770722619009556,0.18907730048157925,-0.19336383347669242,0.04632101233989608
2021-07-13 00:00:00+00:00,0.0027536820765683423,6.713610015018504,5.713610015018504,0.6300293774455334,0.0,6.053274785317255e-05,-0.18838096651095068,-0.17884723883146822,0.1787227117817861,-0.18900728880795511,0.044461263419424704
2021-07-14 00:00:00+00:00,0.009570544597150121,6.777862919075112,5.777862919075112,0.6799706149369565,0.0,3.853731866387791e-06,-0.1871309335985988,-0.1820363657249877,0.19043905534766556,-0.18521869427590093,0.04352868732814835
2021-07-15 00:00:00+00:00,-0.0013187902697601173,6.7689243394076675,5.7689243394076675,1.2932509653909179,0.0,4.460138849252593e-05,-0.18202809390232225,-0.1754686386583225,0.17376526868080008,-0.17935464365388396,0.04087954206841387
2021-07-16 00:00:00+00:00,-0.000955986781760565,6.762453337212456,5.762453337212456,1.1044241676553916,0.0,2.8492182370342665e-05,-0.1794378894942652,-0.17167880888706624,0.15985119832511308,-0.1701969538842369,0.03796214749415141
2021-07-17 00:00:00+00:00,0.0015677643056291046,6.77305527017302,5.77305527017302,0.8547245886522097,0.0,5.308877485281212e-05,-0.17980609694087213,-0.17346122494932537,0.162828374924586,-0.1723536265112184,0.041310949975543326
2021-07-18 00:00:00+00:00,0.0013778223136615697,6.782387336855928,5.782387336855928,0.5404289399745861,0.0,7.319548980333956e-05,-0.18109993051256928,-0.17250267621425885,0.16182742743295497,-0.16790548763170032,0.039944210272612704
2021-07-19 00:00:00+00:00,0.0011130179742417923,6.789936255870119,5.789936255870119,0.8459885255797882,0.0002438930818039027,3.437807759336698e-06,0.06675916907383908,-0.034454507745094634,0.18361546568216014,-0.1902527298946418,-0.19106563359072024
2021-07-20 00:00:00+00:00,0.00458750535817698,6.821085124825603,5.821085124825603,0.8321278760095515,0.0,7.430287528770497e-06,0.06419547335461588,-0.033667960339983864,0.17498447648232754,-0.17890911404331625,-0.186686651676274
2021-07-21 00:00:00+00:00,-0.012160333273560808,6.738138456420396,5.738138456420396,0.6491850577901536,0.0,1.9665636335788294e-05,0.07010170543546301,-0.038100611759901454,0.20136242047801847,-0.1965556895717963,-0.21119217149041214
2021-07-22 00:00:00+00:00,-0.0008777493091299826,6.732224060045451,5.732224060045451,0.73128213469362,0.0,8.28270713633738e-05,0.07048682437469524,-0.038670314322744724,0.20912490643656353,-0.2041744874679929,-0.21226589640701937
2021-07-23 00:00:00+00:00,-0.001427258424263056,6.722615436541725,5.722615436541725,0.5263907913358318,0.0,8.569851336850091e-05,0.073576507455598,-0.04065425789215179,0.215779384724838,-0.20926129515020706,-0.21670526632285778
2021-07-24 00:00:00+00:00,-0.0022205346390811176,6.707687636099663,5.707687636099663,0.33661542679541584,0.0,9.31007740498317e-05,0.07504591319624433,-0.04188019131236214,0.21703306272051387,-0.2108054350569479,-0.21937155999594046
2021-07-25 00:00:00+00:00,-0.0034898047543920896,6.684279115896225,5.684279115896225,0.4748849365925336,0.0,0.00010904262403643566,0.07781826878389189,-0.0421150090513839,0.2148330006796563,-0.21344229618253072,-0.22131391371211223
2021-07-26 00:00:00+00:00,-0.0030799675996907583,6.6636917527919755,5.6636917527919755,0.4979165878780802,0.00011537957645865748,0.0001896601145711775,0.2110719290282303,-0.20419757269574082,0.20022527764502704,-0.20439537933930313,-0.20646299718592548
2021-07-27 00:00:00+00:00,-0.004700501257552614,6.632369061328034,5.632369061328034,0.17249207199230754,0.0,8.697971263169127e-05,0.22474248289526222,-0.2116675137801626,0.20061405661762644,-0.21371493985369563,-0.20950521071270384
2021-07-28 00:00:00+00:00,-0.005637248959859953,6.594980745735655,5.594980745735655,0.2503543455310289,0.0,8.063631966235803e-05,0.22922986343503282,-0.21305646612750168,0.2001216888467168,-0.22210217055986614,-0.2106622170520615
2021-07-29 00:00:00+00:00,0.01543562697970402,6.6967784084651605,5.6967784084651605,0.4520701228664984,0.0,7.928087270906888e-05,0.22580075874979702,-0.21733174940848776,0.22094130159484077,-0.22073233239525722,-0.2067338178350802
2021-07-30 00:00:00+00:00,-0.000573502432615336,6.69293778975722,5.69293778975722,-0.10692034959684435,0.0,8.736411169871862e-05,0.23829800424573377,-0.22469177515143485,0.22884968125988497,-0.23062994533816258,-0.21065670076515355
2021-07-31 00:00:00+00:00,0.011337852022526018,6.76882132801346,5.76882132801346,0.06380512124370431,0.0,5.964922072473967e-05,0.23141045608857436,-0.22837937732691377,0.256858690575684,-0.23809227808408948,-0.20724742034693402
2021-08-01 00:00:00+00:00,-0.012918935181533864,6.68137536402147,5.68137536402147,-0.44699702656543094,0.0,9.716736176562925e-05,0.22538170372732205,-0.23358290008265836,0.24210048361494838,-0.22866217877938955,-0.20630066719966592
2021-08-02 00:00:00+00:00,-0.010237745635404139,6.612973142549962,5.612973142549962,-0.5757842401997465,0.00012844091332212502,-9.282638973984882e-06,0.19849697937840532,0.031903162321446604,0.19630628297994984,-0.2043385362798582,-0.20131019728445934
2021-08-03 00:00:00+00:00,0.013127101496113402,6.699782312183288,5.699782312183288,-1.1055861911363123,0.0,-3.3691361045203795e-06,0.19119942527590378,0.03027928319292421,0.19926145950384766,-0.19517224377499973,-0.1918227389220915
2021-08-04 00:00:00+00:00,-0.0029123215666262414,6.680270391663815,5.680270391663815,-0.8857489848157747,0.0,9.694299759058122e-06,0.19942779777800052,0.0330101071346632,0.20941530032453395,-0.21336300756709978,-0.19757699908596874
2021-08-05 00:00:00+00:00,0.014965706639284537,6.780245358616554,5.780245358616554,-1.109101738765975,0.0,-9.680225257868336e-06,0.202179828263431,0.03373837345479838,0.21571778331942582,-0.21227204884660142,-0.19415197962099764
2021-08-06 00:00:00+00:00,0.00455127451668047,6.811104116534066,5.811104116534066,-1.1383851973943475,0.0,1.4116660763548784e-05,0.210829346938454,0.034363729133736635,0.22706824955022936,-0.22570708295268876,-0.19703052428123102
2021-08-07 00:00:00+00:00,-0.059273085342799514,6.407388960956049,5.407388960956049,-1.2878682604206835,0.0,0.00024395220158886918,0.23340568447750512,0.03995105658766665,0.2410274002527274,-0.2573744690005058,-0.2676326480186144
2021-08-08 00:00:00+00:00,0.022216150837656823,6.5497364805881855,5.5497364805881855,-0.7718190167362367,0.0,0.0004288298749154813,0.22416884609851562,0.03723938798873069,0.2250352919478624,-0.23555537724701792,-0.2399664418160658
2021-08-09 00:00:00+00:00,0.007868259144064194,6.601271504542784,5.601271504542784,-1.0081666232474762,0.00024839998816323576,5.575804007828946e-05,0.20958920687119426,0.20822106852651173,-0.015436559428727509,0.0076414072491327815,-0.21166047096296883
2021-08-10 00:00:00+00:00,-0.0063074859050951115,6.559634077572174,5.559634077572174,-0.6470682280599481,0.0,-4.359459878398259e-05,0.20786605844758757,0.2082544060122724,-0.01633617075943817,0.007818726063159984,-0.21429295832692563
2021-08-11 00:00:00+00:00,-0.004848300560202912,6.527830999999155,5.527830999999155,-0.8634614905641228,0.0,0.0002763802501838199,0.20856780683177165,0.21043649922555438,-0.016808839969826288,0.007976230071827047,-0.22106949120685074
2021-08-12 00:00:00+00:00,-0.012355777731630768,6.447174571093517,5.447174571093517,-1.3837404672457634,0.0,9.104928626732994e-05,0.20590238279631276,0.2053335906749626,-0.01680337184261602,0.00803103861318713,-0.22359824119273825
2021-08-13 00:00:00+00:00,0.014484412549563785,6.540558107360292,5.540558107360292,-1.0086062108698541,0.0,-2.4412462812462083e-05,0.21854396578910085,0.22082890663023536,-0.018085193997626772,0.00860523169370969,-0.2392796077626469
2021-08-14 00:00:00+00:00,-0.012921551486841487,6.456043949023358,5.456043949023358,-1.2520101212645078,0.0,0.00012845266609539318,0.21812134759011734,0.21982898747670016,-0.018012223563460477,0.008749272521334605,-0.24879965730216014
2021-08-15 00:00:00+00:00,-0.03935896590244459,6.201940735369064,5.201940735369064,-1.3763223414226284,0.0,0.00020729500149828977,0.22668332101732144,0.23205845745992157,-0.02275333895191399,0.009447097354960576,-0.29936488110155823
2021-08-16 00:00:00+00:00,0.02763255186096991,6.373316184377812,5.373316184377812,-1.538616077543906,0.00022514067657299506,-0.0006669386848617299,0.19010855899715892,0.18485732345358827,0.22568392095152345,0.19787112474756324,-0.11712995352655126
2021-08-17 00:00:00+00:00,0.046828010078848514,6.671765898895544,5.671765898895544,0.11455820599402847,0.0,-0.0007540805804833844,0.17677468978499875,0.1691700592912734,0.22284078850857245,0.2323649568080998,-0.10478675721351291
2021-08-18 00:00:00+00:00,0.09285963610946202,7.291303652474502,6.291303652474502,0.1702631619931222,0.0,-0.00023945814202539035,0.16178771808808515,0.1547757538067987,0.23111458026491943,0.2718428520030722,-0.09713826201371899
2021-08-19 00:00:00+00:00,0.01747936820568774,7.41875103371558,6.41875103371558,0.8199537502989015,0.0,-0.00039919739562196765,0.16632651285732492,0.16082473894318142,0.22741262007743177,0.2730884664656309,-0.10010814346135956
2021-08-20 00:00:00+00:00,0.10463763762286016,8.19503161599573,7.195031615995729,2.1759076071672863,0.0,-0.0006042101240413181,0.15881478907303934,0.15015081842990524,0.22253300649135166,0.3156787587462319,-0.09327761931438551
2021-08-21 00:00:00+00:00,0.02081669404188835,8.365625081809513,7.3656250818095135,2.9389330752888414,0.0,-0.0007223733806604981,0.15404844056325423,0.1443938363977515,0.20452587424301746,0.345119686267578,-0.08846191699574349
2021-08-22 00:00:00+00:00,-0.0010846791600207517,8.356551062622728,7.356551062622728,2.398660813914487,0.0,-0.0009431044557334994,0.15555742303931472,0.1452177359442033,0.20170599672811682,0.34581033195209315,-0.08798245052439703
2021-08-23 00:00:00+00:00,0.025938429276927577,8.573306871359602,7.573306871359602,2.774288871526711,0.00015895148839501478,-0.0013675113517548374,0.19590391411013802,0.1998266554373452,0.20266550851421472,0.2067973936508853,0.11761262546340279
2021-08-24 00:00:00+00:00,-0.0015996796147483838,8.559592327126506,7.559592327126506,2.422955967900836,0.0,-0.0013949960524616727,0.1890680243837153,0.19117066260230822,0.18907088261190436,0.24785183476609166,0.10691824062016488
2021-08-25 00:00:00+00:00,-0.028069851020730563,8.319325845705876,7.319325845705876,2.2552550279905605,0.0,-0.0005308433054125845,0.19971898614953748,0.20003319763977895,0.1987165687044706,0.21245016700360436,0.11151428026539219
2021-08-26 00:00:00+00:00,-0.04169158607217305,7.9724799561471755,6.9724799561471755,2.181916596670839,0.0,-0.00042559454213843723,0.1993063247230148,0.2000620562266642,0.21555805571954892,0.19793153746700407,0.1066447615447596
2021-08-27 00:00:00+00:00,0.11112458548646642,8.858418486573193,7.858418486573193,3.025544236535935,0.0,-0.0003731763513796657,0.18791443122220142,0.19053759693502634,0.22788737210990478,0.21616733788266435,0.10538245716258192
2021-08-28 00:00:00+00:00,0.016309369003593144,9.002893702458966,8.002893702458966,3.08499779236407,0.0,-0.0004933780857991311,0.18432630292060004,0.1859555278527645,0.24531644115627727,0.21319854927988885,0.10073504301795642
2021-08-29 00:00:00+00:00,-0.02115513658057855,8.812436256563016,7.812436256563016,2.6105918945976696,0.0,-0.0005192717279141264,0.1877844123568396,0.18869793983052022,0.24544576259153184,0.20548602970895838,0.10112523222170869
2021-08-30 00:00:00+00:00,0.004763117421071161,8.85441092521873,7.85441092521873,2.4959866537747906,9.500219839055814e-05,-0.0002668388479218701,0.1918103828447516,0.199339047131787,0.23299186662484891,0.17397087448970344,-0.0922762669555798
2021-08-31 00:00:00+00:00,-0.0021532234305440268,8.835345400150883,7.835345400150883,2.1517456652827183,0.0,-0.0005547518430640924,0.19273778534173702,0.21214086831052134,0.22931019421647067,0.16622923333081896,-0.09466099595930501
2021-09-01 00:00:00+00:00,0.04357984665221326,9.220388397808797,8.220388397808797,2.439755771875983,0.0,-0.0007221778343506311,0.19131910204446367,0.22704112488639874,0.22491213478091218,0.1714520871029839,-0.09598777319479125
2021-09-02 00:00:00+00:00,0.05358394435012892,9.714453176603557,8.714453176603557,2.8653964681160664,0.0,-0.0012913496919792207,0.1832849206547115,0.21310430905308222,0.24703614700860693,0.18199708884315274,-0.09115542038428329
2021-09-03 00:00:00+00:00,0.03808972622988316,10.084474038573406,9.084474038573406,2.950594314298542,0.0,-0.0012820947627191256,0.179166848318843,0.21362009832093543,0.2714880875345907,0.16926459319266193,-0.08828722131773788
2021-09-04 00:00:00+00:00,-0.01399241467817669,9.94336789601438,8.94336789601438,2.6935030849156236,0.0,-0.0011590706310054108,0.18139579567146177,0.2137348947519863,0.26170942409895565,0.17651855903330754,-0.0905458667322551
2021-09-05 00:00:00+00:00,0.013243783555809463,10.075055708244978,9.075055708244978,2.9313733873869032,0.0,-0.0015500111701216705,0.18568826155627208,0.21434962673635405,0.26382922959169886,0.1776617282358836,-0.09382467675368777
2021-09-06 00:00:00+00:00,0.023893731120177453,10.315786380358592,9.315786380358592,3.001097064475326,0.00013170452469097322,-0.0020256094886302515,0.1986416200651224,0.1941428795758835,0.22571745397793963,0.19101957015585191,0.16086111495207706
2021-09-07 00:00:00+00:00,-0.09825744436472728,9.302183574012096,8.302183574012096,2.108948893850101,0.0,0.00032899643070595773,0.1959531086347216,0.1882277339321398,0.2645932824920012,0.1706642583480912,0.1473521850133927
2021-09-08 00:00:00+00:00,0.02284360514538375,9.514678982566704,8.514678982566704,2.3213672603620887,0.0,-0.0005841105599824363,0.18829790151379985,0.1873985394363598,0.28486018769382127,0.1627974137309221,0.14474927189958586
2021-09-09 00:00:00+00:00,0.006748846005258491,9.578892085809516,8.578892085809516,2.627483980058357,0.0,-0.00038775533459173837,0.1884632557628951,0.18233376258581324,0.27838112642994955,0.17798012384157816,0.14154402439361186
2021-09-10 00:00:00+00:00,-0.00040358082307123677,9.575026228657414,8.575026228657414,2.5654265005022068,0.0,-0.0004374818071789849,0.18223065120544366,0.17087762167661044,0.2661015238336374,0.21557291632235065,0.13434460215944172
2021-09-11 00:00:00+00:00,0.03776268502446056,9.936604928231153,8.936604928231153,2.877142323632194,0.0,-0.00034350231334446667,0.1769028131257259,0.16760364660220514,0.25568668914908493,0.2402576322758711,0.13013094920827728
2021-09-12 00:00:00+00:00,0.017520999348819677,10.11070417670817,9.11070417670817,3.029734803020675,0.0,-0.0004273762795711571,0.17713789742517963,0.1716739004869644,0.24464446087536512,0.2451630042025477,0.13288904654083464
2021-09-13 00:00:00+00:00,-0.04197659240684559,9.6862912685363,8.6862912685363,2.6721425204856235,7.477747370925743e-05,-0.0003434047557864559,0.20389334289335617,0.20134222528419476,0.20294472592074403,0.18708597010913003,0.05921395618505769
2021-09-14 00:00:00+00:00,0.00100081963378984,9.695985499016459,8.695985499016459,2.642620570449807,0.0,-0.00025634406611774483,0.2132508903171076,0.210388939772532,0.1897758825977057,0.18110998233891526,0.06035610657451804
2021-09-15 00:00:00+00:00,0.03980051326652445,10.081890698502091,9.081890698502091,3.003706119603706,0.0,-0.0003522482239449476,0.20952626628735505,0.21289609715166866,0.18272443447912393,0.19584835588902008,0.059780111901736814
2021-09-16 00:00:00+00:00,0.019114814998561158,10.274604174039673,9.274604174039673,3.1223998019326156,0.0,-0.0004915315980768428,0.20405532344089042,0.206345068929768,0.17182493429112927,0.22433854404630593,0.057305047051467724
2021-09-17 00:00:00+00:00,-0.009396952172927242,10.178054210020465,9.178054210020465,3.129427324878626,0.0,-0.0004519098397501485,0.20408217012981308,0.19841551016732584,0.1680599241217768,0.23508385771832838,0.057392300278179306
2021-09-18 00:00:00+00:00,0.027258194796033308,10.45548959432179,9.45548959432179,3.381501825035714,0.0,-0.00025891012872462704,0.20279130933903286,0.19510196297174015,0.1875400027291101,0.22532677961370576,0.05616013332992395
2021-09-19 00:00:00+00:00,-0.027415223697720204,10.168850008224272,9.168850008224272,3.5961068388809383,0.0,-0.00030358140716360907,0.20406738905898184,0.1943750180117125,0.17430466587261917,0.23499483226724976,0.055739167242439366
2021-09-20 00:00:00+00:00,-0.10828469327535328,9.067719204120634,8.067719204120634,2.4951109750204643,2.6296199010615472e-05,-0.00027877325722229095,0.20420391392607598,0.2006731936946453,0.19475419468777488,0.1835188750100705,0.06071374415920978
2021-09-21 00:00:00+00:00,-0.034942948054926926,8.750866362994383,7.750866362994383,2.0485628739056465,0.0,-0.00025315917644333296,0.20028428180816812,0.19307792447319286,0.1887617469055608,0.19582820964866415,0.06052068285618119
2021-09-22 00:00:00+00:00,0.12797583388140166,9.870765782983298,8.870765782983298,2.619256580340568,0.0,-0.00025154185370753016,0.1897418521341738,0.19043034897321473,0.19927170017780943,0.2175744299569516,0.06000377188255059
2021-09-23 00:00:00+00:00,0.019850605774902164,10.066706463237693,9.066706463237693,2.7289986608864276,0.0,-0.00024161999971532486,0.19164163325582412,0.1912197733650519,0.19796169732494018,0.22038826894202862,0.05883060182164631
2021-09-24 00:00:00+00:00,-0.052596622060529064,9.537231707996495,8.537231707996495,2.326047658099062,0.0,-9.461959535402608e-05,0.19312175902538972,0.1874649383002462,0.19396668622876603,0.21998294847294034,0.057835520393801826
2021-09-25 00:00:00+00:00,-0.017979029810233027,9.365761534811327,8.365761534811327,2.1859988073999106,0.0,-0.00018112946621833882,0.1959824235472755,0.1905519979213873,0.19316286850457628,0.211473142372942,0.05868306102255549
2021-09-26 00:00:00+00:00,0.004781328870565593,9.410542320832553,8.410542320832553,2.292265170232829,0.0,-0.00017581972576439123,0.197329149348274,0.1985104756574116,0.19159382969507274,0.20588717463553838,0.05742233075226795
2021-09-27 00:00:00+00:00,-0.004607951471360616,9.367178998498972,8.367178998498972,2.3543416011896037,0.00016023416467541936,-0.00015509323410734733,-0.0025687451104359914,0.19208756733075077,0.2019142833927364,0.1995756550333056,-0.18075463554564872
2021-09-28 00:00:00+00:00,-0.025732677178133212,9.126136405260809,8.126136405260809,2.1964181771722995,0.0,-7.858021402976233e-05,-0.0025667145627282124,0.18906177341192476,0.20093751064324414,0.18992576436394393,-0.18260012004023243
2021-09-29 00:00:00+00:00,0.01797657478941117,9.290193078888347,8.290193078888347,2.215943325498406,0.0,-6.170727966636747e-05,-0.0025517260998139182,0.18869626772365206,0.2020296969843396,0.19865356084269206,-0.18132092816493198
2021-09-30 00:00:00+00:00,0.01726907766959518,9.450626144733205,8.450626144733205,2.3108883016943707,0.0,-7.836390168518958e-05,-0.0026472395947504373,0.1953309966544615,0.20754597923852275,0.19881558756417,-0.1833693516546262
2021-10-01 00:00:00+00:00,0.035915582409465685,9.790050886855422,8.790050886855422,2.6032054954951427,0.0,-9.920956898362044e-05,-0.0028079538222302585,0.20799208742536685,0.22903553069220967,0.19488236295768188,-0.19307155154995354
2021-10-02 00:00:00+00:00,0.02301799322029696,10.015398211795421,9.015398211795421,2.908614968864053,0.0,-0.0001698381545724521,-0.0027164091365156386,0.20814651914535584,0.2339848067251895,0.19466560185565027,-0.18519466309030766
2021-10-03 00:00:00+00:00,0.0035148811583840534,10.050601146263775,9.050601146263775,2.8495197131981236,0.0,-0.00021137957702908636,-0.0027387619672681386,0.2093157492230767,0.23890296091502872,0.19287878689755086,-0.1873319244720936
2021-10-04 00:00:00+00:00,-0.029732144126457638,9.75177522442552,8.75177522442552,2.762680049351104,9.770856708719069e-05,-0.0001961658484995336,0.21043245059911125,0.20417117959777617,0.19919911579899038,0.19561637418750924,-0.1866462147174485
2021-10-05 00:00:00+00:00,0.0048261205469741775,9.798838467205593,8.798838467205593,2.632176146923964,0.0,-9.526654328856673e-05,0.21902868810124845,0.21108266469904785,0.195280189054115,0.19289032170764545,-0.19360234964325293
2021-10-06 00:00:00+00:00,-0.008423680521361443,9.716296182477427,8.716296182477427,2.5295626224478758,0.0,-0.00022452069350321818,0.23748762929816877,0.21645905505568117,0.18410035194486596,0.18072299116518864,-0.19705252374711035
2021-10-07 00:00:00+00:00,0.007438659423148808,9.788572400633317,8.788572400633317,2.692775989072229,0.0,-0.0005474635185780968,0.2293141803355187,0.21564168671518857,0.18318597561809727,0.1839028528598439,-0.18699063316113484
2021-10-08 00:00:00+00:00,0.0002576347742269114,9.791094277273759,8.791094277273759,2.67095712116297,0.0,-0.00021881782763517646,0.229936768535044,0.21402232869332757,0.18853876538965042,0.1807213814626631,-0.1878498460149885
2021-10-09 00:00:00+00:00,0.0009003252747585844,9.799909446919132,8.799909446919132,2.732322672371002,0.0,-0.00022337478527910051,0.23392559930032453,0.21466921706781705,0.18601177195109825,0.1810628075144482,-0.18973983790917168
2021-10-10 00:00:00+00:00,-0.02088655789789584,9.59522307086192,8.59522307086192,2.5301294448021325,0.0,-0.0003771247041803703,0.23778215328884197,0.2092727490813365,0.17869428696686948,0.172123795993407,-0.17953797051235956
2021-10-11 00:00:00+00:00,0.001318751269944629,9.60787678347202,8.60787678347202,2.521264382040361,9.816372401470579e-05,-0.00018554961069641162,0.20994019990604731,0.03753682703762502,0.19602083240142806,0.19558920418274112,-0.2018729316823857
2021-10-12 00:00:00+00:00,0.004927920541286213,9.655223636831439,8.655223636831439,2.493152924403857,0.0,-0.00013116423955363677,0.20350384213417905,0.03682363287891142,0.20507590599904119,0.19119775099084035,-0.19649671497366583
2021-10-13 00:00:00+00:00,-0.002887015851979924,9.627348853137494,8.627348853137494,2.4833169930531667,0.0,-0.00013203132510879187,0.20912803025444554,0.038168762716719505,0.19993412807731967,0.19410379276646555,-0.2027189907671485
2021-10-14 00:00:00+00:00,0.008537537996183842,9.709542709773674,8.709542709773674,2.5415715878560223,0.0,-0.000221136188041983,0.20730185047639424,0.039776070131783026,0.20103158102866606,0.19663614130710166,-0.20115838874922762
2021-10-15 00:00:00+00:00,0.033150959323960505,10.031423365199638,9.031423365199638,2.724731754191332,0.0,-0.00018278810634325394,0.21577151724582197,0.03929651088050048,0.2115196020451364,0.19096298237413112,-0.19593268796166172
2021-10-16 00:00:00+00:00,-0.009047284628420416,9.94066622278649,8.94066622278649,2.6589376920576444,0.0,-0.0004330355361478207,0.21500034110780628,0.03925173800972659,0.2061934575737534,0.19703079390141384,-0.20033678350362247
2021-10-17 00:00:00+00:00,-0.0004837252885447896,9.935857671149545,8.935857671149545,2.6490353465118113,0.0,-0.0005342250824792689,0.2173847782472534,0.03945216662692647,0.2097012469609554,0.19177107581645,-0.20089795935148194
2021-10-18 00:00:00+00:00,-0.01792443056603199,9.757763080209049,8.757763080209049,2.5060032184388343,6.886625974070998e-05,-0.00024286527362510165,0.20517905538257908,0.1982056517872459,0.19978947090393598,0.2015388186418912,-0.21173828139193007
2021-10-19 00:00:00+00:00,0.019061264463250183,9.943758382850652,8.943758382850652,2.6967141727598136,0.0,-0.0002455661232734974,0.2087369132651967,0.20140840553867434,0.19440438718300987,0.20251230026974285,-0.2062330205403031
2021-10-20 00:00:00+00:00,0.04807508047545839,10.421805367334711,9.421805367334711,2.9697218614970664,0.0,-0.0004633097623266344,0.20457358307612683,0.20616415851764802,0.21032320635345164,0.20279080439788755,-0.20427078142886945
2021-10-21 00:00:00+00:00,0.014545164572825398,10.57339224154855,9.57339224154855,3.0655671960403716,0.0,-0.0009949840474663331,0.19003042582133128,0.19799275445081657,0.22351771131991152,0.20601868262358358,-0.19154395488739534
2021-10-22 00:00:00+00:00,0.009444504056184355,10.673252687461483,9.673252687461483,3.1365755027254383,0.0,-0.0004586489329907029,0.1836382270733422,0.19219067967772455,0.22816168137308687,0.21756053472762318,-0.19158209556780811
2021-10-23 00:00:00+00:00,0.007264544738523782,10.750789009115117,9.750789009115117,3.2026458246443252,0.0,-0.0003515809184355973,0.18408740005939295,0.20016059743636508,0.22816964822087588,0.21581689130438128,-0.19524774494998184
2021-10-24 00:00:00+00:00,-0.022973353720889822,10.50380733043006,9.50380733043006,3.07225294141564,0.0,-0.000588589743027179,0.1871184977723374,0.20064791492701795,0.23885263119086173,0.21772267348032945,-0.21938227494533136
2021-10-25 00:00:00+00:00,0.044956159426770226,10.976018167364952,9.976018167364952,3.3495585638063288,3.132044886992108e-05,-0.00039276369807937487,0.19837929680331623,0.1979274503251103,0.19854166806693951,0.20682285341990622,-0.18407459196768686
2021-10-26 00:00:00+00:00,-0.019899536164900145,10.757600496896872,9.757600496896872,3.2565614429913032,0.0,-0.0008479097256997482,0.19353100995044742,0.19760754212539192,0.192971385000285,0.20771433984200835,-0.18112662673409077
2021-10-27 00:00:00+00:00,-0.040393565417386146,10.323062657491363,9.323062657491363,2.897878262276379,0.0,-0.0004734469314477459,0.19529761269986107,0.19547237320379632,0.1854791721865125,0.1940429455719168,-0.17548832668828346
2021-10-28 00:00:00+00:00,-0.000728736120186646,10.315539868861899,9.315539868861899,2.8969376278870578,0.0,-0.0001796122027912206,0.2027049018330933,0.21383194084719248,0.19671499806753642,0.20276407485990194,-0.22132789190820415
2021-10-29 00:00:00+00:00,0.0275130870534408,10.599352215277136,9.599352215277136,2.986635668912262,0.0,-0.0002498150526847951,0.20276442408890444,0.21453877472530747,0.1963724403700065,0.19923123236080112,-0.20712293200355447
2021-10-30 00:00:00+00:00,-0.004766266955764431,10.548832873060952,9.548832873060952,3.0378052919635223,0.0,-0.0002741018120605092,0.2023849558650192,0.21085124456673127,0.19270892875329088,0.19242450157290733,-0.1941982141013599
2021-10-31 00:00:00+00:00,0.0014311593572930992,10.563929933935755,9.563929933935755,3.109865742347207,0.0,-0.0002916742199310309,0.20031107095579004,0.20879923431060876,0.19913259019179277,0.1986522972389728,-0.20186683445967082
2021-11-01 00:00:00+00:00,0.007818291139509048,10.646521813736639,9.646521813736639,3.079171645718133,4.409038255266916e-05,-0.0002967733112896362,0.1971273058194264,0.08722251240404377,0.1998849285020353,0.19979917244275824,-0.19251931956201823
2021-11-02 00:00:00+00:00,0.03609248185722724,11.030781209141503,10.030781209141503,3.297772856399154,0.0,-0.000456037600720778,0.19751517814775219,0.0894648855844778,0.2088928800579624,0.20134398805338005,-0.18754899359386684
2021-11-03 00:00:00+00:00,0.0465807062535839,11.544602788392076,10.544602788392076,3.4609094914684126,0.0,-0.00043838465214975856,0.18776899387248028,0.08571953384246463,0.2196468763334907,0.2145804494426755,-0.17580558051446082
2021-11-04 00:00:00+00:00,0.010575868266960997,11.666696986676502,10.666696986676502,3.4959681543393293,0.0,-0.0003671756321447786,0.18133322204556854,0.08351106836840463,0.2206944546335602,0.221670012088692,-0.17003650325419223
2021-11-05 00:00:00+00:00,-0.0240279467426876,11.386370212817566,10.386370212817566,3.757210076680328,0.0,-0.00012700580633948213,0.18450956377461541,0.08447129648670723,0.21627322955945708,0.21351898308142866,-0.17286527540673807
2021-11-06 00:00:00+00:00,0.03476970232219556,11.782270915647548,10.782270915647548,3.8227064613560597,0.0,-0.00023010209805028863,0.17978668844806867,0.08243718634452066,0.22856361888245674,0.21897590989509103,-0.1677030778213776
2021-11-07 00:00:00+00:00,0.02074304715531694,12.026671116847544,11.026671116847544,3.8958386942723315,0.0,-0.0001534108707667522,0.18130192325329747,0.08246062839435679,0.21647327304490854,0.23853494961206803,-0.1672541263649429
2021-11-08 00:00:00+00:00,0.018505232373030367,12.24922746053882,11.24922746053882,4.043815231016378,7.111909813526898e-05,-0.000456337645005566,0.20965780631780273,0.2047652015341047,0.19530972105841155,0.20449239284463372,-0.18606667949713393
2021-11-09 00:00:00+00:00,-0.0140119416598532,12.077591999983479,11.077591999983479,3.984181522460666,0.0,-0.0006623483544439358,0.21075964707122172,0.2042534954378291,0.1908139670613912,0.20095198186517177,-0.18323315317404468
2021-11-10 00:00:00+00:00,-0.01130291551506879,11.941079997982195,10.941079997982195,3.99111075222668,0.0,-0.0006150010415285056,0.20652094406341012,0.2021046634905736,0.18810155779692436,0.19585548202064887,-0.17271834979723824
2021-11-11 00:00:00+00:00,0.006160696973317226,12.014645373383903,11.014645373383903,3.9427317033614995,0.0,-0.0002526253925945067,0.20497556976378256,0.20472563405935812,0.1871389843555488,0.20088743951941204,-0.17528469007971934
2021-11-12 00:00:00+00:00,-0.014804598805520208,11.836773368840355,10.836773368840355,3.9302282495508694,0.0,-0.00020367589993337915,0.20588884459084256,0.20537244525908058,0.18596691963409895,0.19680672066455557,-0.17705883182754417
2021-11-13 00:00:00+00:00,0.03870928469659307,12.294966399063847,11.294966399063847,4.416127675638865,0.0,-0.0002419828733554944,0.19905307531456692,0.1968048710329089,0.18921608791687558,0.21809810560158208,-0.17168903332705404
2021-11-14 00:00:00+00:00,-0.00573314177251838,12.224477613609665,11.224477613609665,4.221413053374391,0.0,-0.00021083379053851668,0.20374761749133177,0.1973012574399767,0.18807688542450732,0.21426004806949145,-0.17381559457665874
2021-11-15 00:00:00+00:00,-0.008436258786381323,12.121348756932928,11.121348756932928,3.9149433723118365,1.2050114575410784e-05,-0.0003602222042273952,0.1958117045247515,0.19897917582498448,0.2013147654416357,0.19856183099932964,-0.16948101423302978
2021-11-16 00:00:00+00:00,-0.02115254345405937,11.864951400630096,10.864951400630096,3.333527419684163,0.0,-0.00021644461662440365,0.18889159426573668,0.18736260181861855,0.1890596088211365,0.21144004364723362,-0.15944585058085037
2021-11-17 00:00:00+00:00,0.024523413291698493,12.155920507513665,11.155920507513665,3.37360463469758,0.0,-0.0001911519291906465,0.1851705883667644,0.18629127908275256,0.1845594740544414,0.2268612427977424,-0.1562277369224639
2021-11-18 00:00:00+00:00,-0.047483782440625344,11.57871142276935,10.57871142276935,2.5225252353080214,0.0,-0.00019028331098010063,0.1833045413226614,0.18233865833885993,0.17262767576505775,0.22265821300988978,-0.15268606058116907
2021-11-19 00:00:00+00:00,0.0518083522601922,12.178585382879296,11.178585382879296,2.693486480209718,0.0,-0.00018247290835658993,0.17779185783795534,0.1861809169708434,0.1811013492846628,0.23555644878858178,-0.1529174998634688
2021-11-20 00:00:00+00:00,0.041208610135818224,12.680447959928143,11.680447959928143,2.9420367342140024,0.0,-0.00018831392190557237,0.17559768026852862,0.1837729790891432,0.17581227673310418,0.254506062191328,-0.1470608154542481
2021-11-21 00:00:00+00:00,0.011103953272653122,12.821251061551495,11.821251061551495,2.8544934604056706,0.0,-0.00020248977627848947,0.17060136316824512,0.17543946746696468,0.18433939544184033,0.257173538479008,-0.14080065498687003
2021-11-22 00:00:00+00:00,-0.01447041105619673,12.635722288436146,11.635722288436146,2.7689714706414246,6.509743009528037e-05,-0.0001807122353320435,0.1946451457954855,0.19469728936556646,0.1895779101672689,0.21272336338838443,-0.1973070731430237
2021-11-23 00:00:00+00:00,-0.0018452081178230717,12.612406751094966,11.612406751094966,2.9488939230810973,0.0,-0.00019696916655333825,0.19953080207310595,0.20721866294628322,0.19548501213373212,0.19582035698253136,-0.20427078236067167
2021-11-24 00:00:00+00:00,-0.02409937206762669,12.308455668132082,11.308455668132082,3.0805627483954003,0.0,-0.00027842099986518087,0.20300513714561882,0.20890870077447604,0.18574468300364444,0.18676488045761278,-0.20038535038143412
2021-11-25 00:00:00+00:00,0.025145381509414033,12.617956481698972,11.617956481698972,2.685449580263284,0.0,-0.0003198518881762593,0.20434121470694594,0.21602549050603265,0.18506459150949806,0.1883983615068938,-0.1992766363935001
2021-11-26 00:00:00+00:00,-0.06337784966006788,11.818257532784575,10.818257532784575,2.0974688838941073,0.0,-0.0003889327336121398,0.1988155945978811,0.20582583877770963,0.18089328100463642,0.17599568768432539,-0.19399726747394752
2021-11-27 00:00:00+00:00,0.019077522285604553,12.043720604243287,11.043720604243287,2.366847041320536,0.0,-0.00017189818087666805,0.1986616968769915,0.20470538423481008,0.17783160327872685,0.187830682807352,-0.1932316067477822
2021-11-28 00:00:00+00:00,0.01939811200053332,12.27734604542753,11.27734604542753,2.4601246598210795,0.0,-0.0001727393281350295,0.2040558780048928,0.2106791037746148,0.18163097302617418,0.1793643751383865,-0.1916909789093912
2021-11-29 00:00:00+00:00,0.023541569087395464,12.566374035565824,11.566374035565824,2.624500371607936,2.493522549267582e-05,-0.00020928664792510307,0.19714141750335842,0.2021483926367412,0.1988627303257175,0.21303629219505607,-0.17655601004108584
2021-11-30 00:00:00+00:00,0.00974642591296182,12.688851269098032,11.688851269098032,2.4221578252640255,0.0,-0.0002441024283337173,0.192358712692811,0.2085926676734109,0.20112939620128062,0.21087142200306347,-0.1745509778103667
2021-12-01 00:00:00+00:00,0.021965709604054418,12.967570891284078,11.967570891284078,2.239198167584716,0.0,-0.0002465589328741233,0.1889982409534594,0.20213273676833715,0.21680147490229748,0.20500081030919876,-0.16651872760306846
2021-12-02 00:00:00+00:00,-0.022498870360633583,12.675815194908752,11.675815194908752,1.8387913484623,0.0,-0.0002051716459182077,0.1909970585934523,0.20352378993175335,0.22552164491028312,0.18909616193634918,-0.17065260385620593
2021-12-03 00:00:00+00:00,-0.03620975701164675,12.216827006776567,11.216827006776567,1.6777757015461505,0.0,-0.00024171549910853706,0.1879980825382256,0.19710598173812566,0.211894540353212,0.19693532144168346,-0.1687792159188481
2021-12-04 00:00:00+00:00,-0.04106433830504852,11.715151089556041,10.715151089556041,1.3025442621011314,0.0,-0.00025358089277696666,0.1796795846364695,0.2007724195044481,0.20945676389857373,0.17636299935991942,-0.15690455322439587
2021-12-05 00:00:00+00:00,-0.006326545013374818,11.641034658849478,10.641034658849478,1.1053045914008301,0.0,-0.00019083139193749697,0.18171025361385815,0.2060634494740003,0.2063072487503381,0.164752683384767,-0.1517614652597466
2021-12-06 00:00:00+00:00,0.007602454716111096,11.729535097692061,10.729535097692061,1.91545389222426,0.000167148381117789,-0.00012179163932139931,-0.20267047936267124,0.20543959169296763,0.19562828123279544,0.21355912872200689,-0.20566686500266368
2021-12-07 00:00:00+00:00,-0.012200814460891829,11.586425216252602,10.586425216252602,1.6711368544072567,0.0,-7.257723542287234e-05,-0.2057941941755279,0.206092211396886,0.19460292243374339,0.2084226354657712,-0.2067639677640401
2021-12-08 00:00:00+00:00,0.016236657521842446,11.774550034391334,10.774550034391334,1.7360536572033696,0.0,-0.00010712527793897238,-0.20201933634474892,0.20889920633328599,0.1959085684044025,0.2134412604256416,-0.2067279173380819
2021-12-09 00:00:00+00:00,-0.023724380207273965,11.495206132605864,10.495206132605864,1.565691481229235,0.0,-0.00013143252102105848,-0.1949701024657232,0.19798149307800383,0.18674494250143325,0.2003707501074436,-0.19970049668638687
2021-12-10 00:00:00+00:00,-0.02827586482650457,11.170169237847494,10.170169237847494,1.1061786917607788,0.0,-6.388585172470368e-05,-0.19894086196629648,0.1934233019731039,0.17751821042721092,0.194457797274797,-0.1995236133373007
2021-12-11 00:00:00+00:00,0.013671948005440582,11.322887210879317,10.322887210879317,1.07990868044301,0.0,-6.193647419533061e-05,-0.2056041218347892,0.20030930435704564,0.18021441431996968,0.2060520104348931,-0.20273966625651116
2021-12-12 00:00:00+00:00,0.0023218425981286206,11.349177172739342,10.349177172739342,1.4073320084341596,0.0,-5.127623554013999e-05,-0.20793534985759063,0.20176028304783453,0.18053770626013388,0.20890862468521396,-0.2030845694247105
2021-12-13 00:00:00+00:00,-0.029544235545683417,11.013874409098237,10.013874409098237,1.1831574192951313,1.4402892264325519e-05,-6.431107372119273e-05,-0.19218225625008672,0.1886979968198727,0.18508469377214168,0.18520854683763352,-0.1910857755600465
2021-12-14 00:00:00+00:00,-0.01763714005091843,10.819621163641745,9.819621163641745,0.7833574941368067,0.0,-5.458369008206978e-05,-0.20252301863619188,0.1959487657604127,0.19565551568704828,0.20792927574768222,-0.2360306647199962
2021-12-15 00:00:00+00:00,0.07245415207260186,11.603547640800185,10.603547640800185,1.1291308858898148,0.0,-8.982591791581709e-05,-0.1909761027860117,0.19040201082169175,0.20198725972135495,0.22507690468157088,-0.20874290685752292
2021-12-16 00:00:00+00:00,0.0029926125355250743,11.638272562926606,10.638272562926606,1.2155302054419241,0.0,-2.789952115036418e-05,-0.18555177652321053,0.18698381202154898,0.19968033576564184,0.21810950265122842,-0.19911289716046812
2021-12-17 00:00:00+00:00,0.033138778739005836,12.023950702293673,11.023950702293673,1.2536669245060363,0.0,-7.590775857298746e-05,-0.17394642638573757,0.17711192994764818,0.1917350763587651,0.23780164770160694,-0.18750412987832527
2021-12-18 00:00:00+00:00,0.01575472489606522,12.21338473777216,11.21338473777216,1.5576372457473189,0.0,-4.78091022341197e-05,-0.17381265163364695,0.1781326308850819,0.19647253843875806,0.2449979694082263,-0.18883806999894384
2021-12-19 00:00:00+00:00,-0.018625670745246903,11.985902254961392,10.985902254961392,2.351864905868773,0.0,-7.210190489146455e-05,-0.1765539879927104,0.17990223601703367,0.19711094901207485,0.23162474338364333,-0.18916047976649247
2021-12-20 00:00:00+00:00,0.007680810226076806,12.077963695570057,11.077963695570057,2.6983188930715674,0.0001243676001978519,1.7701560199131517e-05,-0.19942681752138347,-0.053845324859908755,0.13582116714056078,0.20949836528225504,-0.19586109980580468
2021-12-21 00:00:00+00:00,0.008636622493224833,12.18227650849557,11.18227650849557,2.0356679966000804,0.0,1.6640221746229363e-05,-0.20605412373860751,-0.054344063160579534,0.13903295934399904,0.2253414965768149,-0.1983548840450389
2021-12-22 00:00:00+00:00,-0.013611560460569105,12.016456715252813,11.016456715252813,1.7501928738904162,0.0,2.831358450702361e-05,-0.20759197705384325,-0.054603202349733516,0.14001739995973447,0.21639911594190392,-0.2037304150096921
2021-12-23 00:00:00+00:00,-0.007547727114333158,11.925759779084888,10.925759779084888,2.195271156253758,0.0,1.6240220050895607e-05,-0.21885299182496085,-0.056853236106356855,0.15036803611475555,0.2269792086786651,-0.21960441827143376
2021-12-24 00:00:00+00:00,-0.012483340385030406,11.776886460412467,10.776886460412467,2.247905778866022,0.0,3.538902042279923e-05,-0.22157868098059166,-0.05664350470563,0.1524690979619009,0.2174321209827331,-0.2238106074899385
2021-12-25 00:00:00+00:00,-0.002064172275926368,11.75257693788415,10.75257693788415,2.1871688577112476,0.0,3.9639472269457866e-05,-0.2202675178984564,-0.05744642718618992,0.15490335672610014,0.21808670527180246,-0.22978916098931054
2021-12-26 00:00:00+00:00,0.004176274116428624,11.801658920751171,10.801658920751171,2.265722352870661,0.0,4.035391322281628e-05,-0.22092722449063457,-0.05676551706026186,0.1580956247769277,0.21733647083645044,-0.2275742518124479
2021-12-27 00:00:00+00:00,-0.0025379996322837384,11.771706314749967,10.771706314749967,2.4893970647416586,8.981063805679994e-05,-2.7625713773140006e-05,-0.2002617827273383,0.1299225566195848,0.16037505171966032,0.19833034645087738,-0.19847287360768087
2021-12-28 00:00:00+00:00,-0.007467062629312404,11.683806246443856,10.683806246443856,2.265969133134199,0.0,-9.40245988156313e-06,-0.1890923898407461,0.12294456584186714,0.14629941254224266,0.187839547244242,-0.18493531448251913
2021-12-29 00:00:00+00:00,-0.007082710647874024,11.601053227534472,10.601053227534472,2.051765675175893,0.0,-2.4465175480182042e-05,-0.18609120429114356,0.11848467814519072,0.1419049460769622,0.18223474968975642,-0.1799934853513128
2021-12-30 00:00:00+00:00,-0.0042459515134981585,11.551795718024849,10.551795718024849,1.712636436326089,0.0,-9.298252197132498e-06,-0.18953477254683274,0.12160741576244427,0.14402983208946993,0.18062903689399887,-0.1841201769822674
2021-12-31 00:00:00+00:00,0.01488656769517549,11.723762306982064,10.723762306982064,1.6440148785814033,0.0,-3.180567929842182e-05,-0.18324732335607058,0.11877837009888778,0.13986016338436436,0.19149962284466776,-0.18064502838891128
2022-01-01 00:00:00+00:00,0.00940035248948412,11.833969805170623,10.833969805170623,1.6962423209999906,0.0,-2.5873741374881426e-05,-0.18740921384431097,0.12045842677433416,0.14595100157324836,0.19777041030159814,-0.1819895693219376
2022-01-02 00:00:00+00:00,-0.0016694537639041496,11.814213539737453,10.814213539737453,1.9696210712363726,0.0,-7.779310205884549e-06,-0.18605273751817225,0.12268472301362184,0.14394151603383395,0.19629037897028181,-0.1835887810044007
2022-01-03 00:00:00+00:00,0.008725492481211239,11.917298371149856,10.917298371149856,2.0044569639288956,0.00022577941736141974,0.0001480518075130155,-0.19472782217692058,-0.14078424785126858,-0.19135498253603414,0.18952053070640573,-0.1934852851684815
2022-01-04 00:00:00+00:00,-0.0016768635296414702,11.897314688139419,10.897314688139419,2.0681053040314366,0.0,0.00015924954210788973,-0.19248309535937047,-0.14182734087641466,-0.18902955591408008,0.18145848120641964,-0.19168112087267497
2022-01-05 00:00:00+00:00,0.03503586070078146,12.314147348266433,11.314147348266433,2.2955474462063172,0.0,0.0001600687895448362,-0.17618204832296505,-0.1280536817520442,-0.16799476906416883,0.16518845757693734,-0.17476429852653927
2022-01-06 00:00:00+00:00,0.00572394774597651,12.384632884224166,11.384632884224166,2.344848179706749,0.0,3.261379786127786e-05,-0.17380086612658036,-0.12253415037683794,-0.162580822216988,0.1603849526980791,-0.1748743731521522
2022-01-07 00:00:00+00:00,0.01977838021799716,12.629580862268663,11.629580862268663,2.5081715102878266,0.0,4.104617580762148e-05,-0.16439239124490748,-0.11281603353311723,-0.14475381209945942,0.14340603092613283,-0.16631292829653285
2022-01-08 00:00:00+00:00,-0.002652954046673872,12.596075164612312,11.596075164612312,2.6871255572720583,0.0,0.00011285456845842484,-0.16536196175390327,-0.10899181617990929,-0.15122398872381573,0.1390766835289565,-0.16232457357655183
2022-01-09 00:00:00+00:00,0.008002706497819423,12.696877857179176,11.696877857179176,2.747118596888276,0.0,1.705726949983689e-05,-0.16469122472802117,-0.11058285505309792,-0.1485669601658996,0.14698200689104587,-0.16048106993695255
2022-01-10 00:00:00+00:00,0.010412661101147025,12.829086143348642,11.829086143348642,2.7954113381976207,9.404355912874402e-05,-9.55170163949707e-05,-0.1976854177060556,-0.19360439464708973,-0.19083415668926473,0.18694739210362388,-0.18809140343824923
2022-01-11 00:00:00+00:00,-0.022833359616032167,12.536155005892507,11.536155005892507,2.5979679789653094,0.0,9.608575685817546e-05,-0.20665618511018058,-0.20813019995704524,-0.20162424347409005,0.2030099642607001,-0.20696171885572065
2022-01-12 00:00:00+00:00,-0.02827404265589928,12.181707224514938,11.181707224514938,2.245885411483859,0.0,-2.6721017296618026e-05,-0.21854635007533646,-0.22299147564281072,-0.22429682253990174,0.2237936853828563,-0.2254411599114667
2022-01-13 00:00:00+00:00,-0.0036391092253932333,12.137376661373166,11.137376661373166,1.9356102590301754,0.0,7.386092953821914e-05,-0.21261438018085557,-0.21520084479602425,-0.21712076900496838,0.2100570217726617,-0.23876759416675752
2022-01-14 00:00:00+00:00,-0.02134988683275796,11.878245043206292,10.878245043206292,1.8172684230838982,0.0,1.5230382032188577e-05,-0.2198478228175452,-0.22432287303348278,-0.22190295530878978,0.21621908611593674,-0.26031924911064025
2022-01-15 00:00:00+00:00,0.0011719217589596376,11.892165417030679,10.892165417030679,1.8321887766005933,0.0,0.00017912414939195536,-0.21973388944042957,-0.2253108704311235,-0.2238273320279684,0.22229585543526387,-0.26177464826590224
2022-01-16 00:00:00+00:00,0.007519020878830496,11.98158285709584,10.98158285709584,2.067716058591723,0.0,0.00014815678906019613,-0.2180441588680168,-0.22507179769599298,-0.22268383141792883,0.21884082946605923,-0.2487897133344491
2022-01-17 00:00:00+00:00,0.01777189620023112,12.194518303946616,11.194518303946616,2.056987171861674,4.6700615773856415e-05,9.876938719337756e-05,-0.19246309544730109,-0.1884588147750555,-0.18563210935825336,0.1846025486617493,-0.19013364400277866
2022-01-18 00:00:00+00:00,0.005521621436666679,12.261851817623512,11.261851817623512,1.7110755903772106,0.0,0.00015759124472132825,-0.1921379680633934,-0.18454476330728165,-0.186528365830639,0.18217357111259086,-0.18257152283453673
2022-01-19 00:00:00+00:00,0.01211900754670614,12.410453292337884,11.410453292337884,1.6897861811688923,0.0,0.00012849327367439814,-0.1867896684195841,-0.17791939264501758,-0.1764892180784104,0.17278711142686065,-0.1766023440716636
2022-01-20 00:00:00+00:00,0.019460925106273175,12.651972194394974,11.651972194394974,1.7771244820325043,0.0,0.00016350405353634452,-0.17884237267588945,-0.16983047226959902,-0.16318439348373157,0.16265108785807972,-0.16647432112548224
2022-01-21 00:00:00+00:00,0.0499157868007476,13.28350534105938,12.28350534105938,2.1187327274320027,0.0,2.546782459269104e-05,-0.15259551764581125,-0.13840829535046506,-0.13682869119482566,0.12913013648862343,-0.14494288325598229
2022-01-22 00:00:00+00:00,0.03250266633254073,13.715254682886355,12.715254682886355,2.60995401655112,0.0,-3.405496362428108e-05,-0.14218365553670984,-0.12590712326202594,-0.11156836670240786,0.11321536862666251,-0.13172326236674156
2022-01-23 00:00:00+00:00,-0.016726221046725387,13.485850301348263,12.485850301348263,2.0879462947084853,0.0,-9.458719103248492e-05,-0.14949729895392846,-0.13481791556598657,-0.11972452822325831,0.12475192196494991,-0.1425668874175769
2022-01-24 00:00:00+00:00,0.029626996215342594,13.885395537186985,12.885395537186985,2.5313225956914747,0.0001596471031318311,-1.7541664610320994e-05,-0.1964564236503431,-0.18654165417115218,-0.17897626375464337,-0.07363628339596401,-0.188032245951135
2022-01-25 00:00:00+00:00,-0.021603253046260207,13.585425823749723,12.585425823749723,2.737246607103501,0.0,-4.333074396104266e-05,-0.20236093781116923,-0.19216510045016463,-0.18828549954600496,-0.08120623969598563,-0.19984731184523957
2022-01-26 00:00:00+00:00,0.007092633311634344,13.681782267499988,12.681782267499988,2.808968976257971,0.0,-0.0002250169965829148,-0.20013696557715174,-0.19114097348600573,-0.18205509110275714,-0.07813008450615998,-0.19905193300904295
2022-01-27 00:00:00+00:00,0.009825620842015104,13.81621427250345,12.81621427250345,2.6621319609136855,0.0,-0.00026019590576238666,-0.2000405880521765,-0.18628233213225967,-0.17513328879868914,-0.0759947785867205,-0.19480085233947586
2022-01-28 00:00:00+00:00,-0.018704868179900358,13.557783805791015,12.557783805791015,2.5226884200048336,0.0,-0.00014875557528775345,-0.2069567142760728,-0.19929340995865613,-0.1821834975119589,-0.08016212742094199,-0.19842980198930024
2022-01-29 00:00:00+00:00,-0.02456651357301598,13.224716325906034,12.224716325906034,2.2664120894016118,0.0,5.7607662334917664e-05,-0.2147231293782719,-0.208859474715902,-0.19663315370647827,-0.08824668367566099,-0.2056436301312924
2022-01-30 00:00:00+00:00,0.018040599571718774,13.463298137591277,12.463298137591277,2.3544223201811643,0.0,4.653516187315093e-05,-0.2093700195332244,-0.20519853956561915,-0.18720003630997387,-0.0819066910211927,-0.1965568060570154
2022-01-31 00:00:00+00:00,-0.0299339005316005,13.060289110313338,12.060289110313338,1.7561804359630284,2.0447798889629233e-05,-0.00019902864002990285,-0.2092651458590776,-0.21289749951642,-0.22017738269405607,-0.1160695933678226,-0.2097853127145893
2022-02-01 00:00:00+00:00,-0.03941920724615555,12.545462867179188,11.545462867179188,0.9779249823584641,0.0,3.966534230503153e-06,-0.21922125556671343,-0.22997346320938464,-0.25338287224795136,-0.12683801644489776,-0.21955197082674013
2022-02-02 00:00:00+00:00,0.05566818488641645,13.243846013554991,12.243846013554991,1.3497175359722164,0.0,6.0207165843840764e-05,-0.1980594592983593,-0.20937292515279537,-0.22227672390757924,-0.11111657622860348,-0.20015142810455847
2022-02-03 00:00:00+00:00,-0.0059331681052094964,13.165268048797062,12.165268048797062,1.5190952509925284,0.0,-0.00025557373979317164,-0.20139014077751166,-0.21191007192004443,-0.22342774972483395,-0.11281875267518597,-0.20275817697179707
2022-02-04 00:00:00+00:00,-0.10035281040216915,11.844096400402394,10.844096400402394,0.2894912125021419,0.0,-7.715281186898736e-05,-0.24942860232068037,-0.2617117134451617,-0.274732761600601,-0.14252461401546937,-0.24159490330424235
2022-02-05 00:00:00+00:00,1.713181130780228e-05,11.844299311227038,10.844299311227038,0.11996758900753979,0.0,0.0003102426346911051,-0.24837194465354595,-0.26327555879066955,-0.2773882094038901,-0.14111069874849996,-0.24011924514252153
2022-02-06 00:00:00+00:00,-0.02813409898328667,11.511070622017302,10.511070622017302,-0.26283424683209644,0.0,0.0003241015510488777,-0.26165632187569243,-0.27473523184964505,-0.28923515292346713,-0.14881705098840947,-0.25898140525760793
2022-02-07 00:00:00+00:00,-0.0067750521802065755,11.433082517903092,10.433082517903092,-0.20375394245733297,0.0002875068263437616,-1.5436867507699793e-05,-0.20828551813694782,-0.20686191592015638,-0.2052912399151389,0.2122008864184827,-0.012946507913812976
2022-02-08 00:00:00+00:00,0.016653007077549242,11.623477721991936,10.623477721991936,0.025681305383620807,0.0,0.00030202131893064077,-0.205769253096802,-0.2019616257032396,-0.19489729805352202,0.21660519045538468,-0.012179061784101683
2022-02-09 00:00:00+00:00,-0.0015571455115950261,11.605378275828011,10.605378275828011,-0.03759682516036863,0.0,5.9979334709937625e-05,-0.20766556138871117,-0.21049628013741006,-0.19611381249896898,0.2261173964186964,-0.012284463007246251
2022-02-10 00:00:00+00:00,0.03227305298114458,11.979919263790032,10.979919263790032,0.3461160881695064,0.0,-2.0650118223964154e-05,-0.19715131499896302,-0.19316418773032729,-0.17695560261952034,0.22194563696135305,-0.011313713901645487
2022-02-11 00:00:00+00:00,0.007636886532313758,12.071408547873876,11.071408547873876,0.09413489391867173,0.0,-0.00011198331651212211,-0.19068237597069823,-0.18265734437706846,-0.15964047540508733,0.19745179773831473,-0.01071767247316383
2022-02-12 00:00:00+00:00,0.001204231531479083,12.085945318676591,11.085945318676591,0.15136159968584048,0.0,3.119426582017513e-05,-0.18970620206049543,-0.18186964165752798,-0.1585225900894354,0.19612819128413614,-0.010687742685357236
2022-02-13 00:00:00+00:00,0.00020115844149937168,12.088376508600943,11.088376508600943,0.22272109271752757,0.0,-5.321376520197336e-05,-0.18895458904407905,-0.1789275304561405,-0.15339943402656728,0.18790832734946378,-0.010961121064009864
2022-02-14 00:00:00+00:00,-0.005097212350146596,12.02675948656808,11.02675948656808,0.35650006592649464,8.904301928430898e-05,2.467029074323977e-05,-0.20332091089268875,-0.2051069864884566,-0.20873946117894732,0.14512014552526015,-0.13476835427650394
2022-02-15 00:00:00+00:00,-0.03275599708603427,11.632810987871622,10.632810987871622,-0.11734033580029204,0.0,-1.932607022681935e-05,-0.22011469784846813,-0.2305051018783417,-0.23611960642751031,0.17048311887623901,-0.14495457202980624
2022-02-16 00:00:00+00:00,0.023201164837791,11.902705753128098,10.902705753128098,0.4726290409810115,0.0,0.0001944082543847054,-0.21189210804136976,-0.2208962600114505,-0.2227553144075065,0.17072189601658783,-0.1389109893351628
2022-02-17 00:00:00+00:00,0.04793945124931587,12.473314935315134,11.473314935315134,0.4417137719087568,0.0,0.0001365402360135325,-0.18666764277366646,-0.19519340602072574,-0.19518894372938117,0.1508026215763267,-0.12333577918493602
2022-02-18 00:00:00+00:00,0.009623165804760081,12.593347713072662,11.593347713072662,0.1789098213287875,0.0,-7.714944981985715e-05,-0.18249169420070122,-0.18581977858538323,-0.18579891819798314,0.14165728274869024,-0.12228386409574744
2022-02-19 00:00:00+00:00,-0.0019131858131848922,12.569254298887508,11.569254298887508,0.06808945683310184,0.0,9.058261196245987e-05,-0.18323402479046158,-0.18506566361329996,-0.18911879206384163,0.14422018352447555,-0.12457129697098313
2022-02-20 00:00:00+00:00,0.009095650590770443,12.683579844176728,11.683579844176728,0.2693909279093326,0.0,1.527320719028939e-05,-0.17394556761308186,-0.17402344429387337,-0.18614074932856445,0.12996876841832977,-0.11978279599412027
2022-02-21 00:00:00+00:00,0.033491209990472504,13.108368280168976,12.108368280168976,0.5655848088486254,9.309526844155105e-05,-3.2526748905222246e-06,-0.18653251447899616,-0.18952552961500183,-0.17697541338010006,-0.011932401306513149,-0.05743001823565102
2022-02-22 00:00:00+00:00,-0.020896442677354687,12.834450013808771,11.834450013808771,0.5934569976002365,0.0,-0.00015943633588730673,-0.1968265241122928,-0.19875043128264225,-0.18827567428471623,-0.012949847838670243,-0.0600564201414662
2022-02-23 00:00:00+00:00,0.015233713621777056,13.029966349812147,12.029966349812147,0.511300506032385,0.0,-9.618827609014916e-05,-0.18887966108150514,-0.19149338459863127,-0.1815628557568971,-0.012592573000000969,-0.057374295490994875
2022-02-24 00:00:00+00:00,-0.0162546057234213,12.818169384206504,11.818169384206504,0.9449243094331253,0.0,-7.533191501797071e-05,-0.19760825086570036,-0.19597505470633525,-0.1950868430093814,-0.013315039549011412,-0.0568052341749443
2022-02-25 00:00:00+00:00,-0.02711697384166789,12.470579420316907,11.470579420316907,0.5357571999704921,0.0,9.452749433576057e-05,-0.2078358076517466,-0.21470039869910496,-0.20802028152353982,-0.014505257906949318,-0.060060972157550206
2022-02-26 00:00:00+00:00,0.005098070686323952,12.5341553157011,11.5341553157011,0.4116975774210679,0.0,8.72648576228745e-05,-0.20622201553741323,-0.21452178699952354,-0.2014276291909819,-0.014581475520114191,-0.05980788868715715
2022-02-27 00:00:00+00:00,0.03386041517935667,12.958567018613278,11.958567018613278,0.4996692970368789,0.0,2.3104024593559524e-05,-0.1921864723197373,-0.19538440088615516,-0.18483096595618778,-0.012934478453628388,-0.05568202011168765
2022-02-28 00:00:00+00:00,-0.08068631435367712,11.912988006576255,10.912988006576255,-0.27493385208875387,0.00012506944121610378,2.490931028105282e-05,-0.24918643299820606,-0.24281392803989754,-0.2532131203701579,0.21137296912450673,-0.23631774990132162
2022-03-01 00:00:00+00:00,-0.004173054421244493,11.86327445930518,10.86327445930518,-0.492760890818184,0.0,0.00021701579061339393,-0.25741547690116623,-0.24846659387903403,-0.2516962546325825,0.21821273336739813,-0.2384285174992026
2022-03-02 00:00:00+00:00,-0.0069241691540847805,11.781131140227616,10.781131140227616,-0.3650380507570843,0.0,0.0002062915887053706,-0.25624182374224364,-0.2478329110036182,-0.25879728912360533,0.21070299756169722,-0.2382283893848143
2022-03-03 00:00:00+00:00,0.02529157985337016,12.079094559223709,11.079094559223709,0.1475304745766837,0.0,0.00024976983268137963,-0.24174203577507525,-0.23232939922324733,-0.23960342258431958,0.19348945406341142,-0.226290643598362
2022-03-04 00:00:00+00:00,0.06063768055545382,12.811542836505037,11.811542836505037,0.9829467597934823,0.0,0.00020610412796188195,-0.21008587989545469,-0.20259926784053378,-0.20860411074671806,0.1761930242838877,-0.20172641152391366
2022-03-05 00:00:00+00:00,-0.009674298127879899,12.687600151626583,11.687600151626583,0.9548678853745568,0.0,6.056675381486871e-05,-0.21347949329886343,-0.20795910765947065,-0.21381611066769585,0.18000484075900663,-0.20772142167164892
2022-03-06 00:00:00+00:00,0.023757735692961246,12.989028802606903,11.989028802606903,1.0836466829731188,0.0,5.4402311102160714e-05,-0.20336722475560168,-0.19442529473769798,-0.197058222668323,0.1662365634688138,-0.19581866988938545
2022-03-07 00:00:00+00:00,0.015010405616341593,13.183999393496377,12.183999393496377,1.3069273530737218,0.0001598739752087106,2.9069339127638724e-05,0.1608089616138528,-0.19241507637835184,-0.1902285881502202,0.08829499415348849,-0.19062083141674324
2022-03-08 00:00:00+00:00,-0.0038043936977637527,13.133842269292439,12.133842269292439,1.144313543574959,0.0,-1.0489602868760946e-05,0.16459551542831935,-0.1997893980060636,-0.1924289804689239,0.09024053096450714,-0.19182454475821997
2022-03-09 00:00:00+00:00,-0.013141157955970595,12.961248373462864,11.961248373462864,1.2356625769958731,0.0,5.9873081306490045e-05,0.18069388258014238,-0.21430994654671953,-0.20871783895909743,0.09725918401722974,-0.2018927431942874
2022-03-10 00:00:00+00:00,0.014164332337160523,13.144835802929073,12.144835802929073,1.5958362050436303,0.0,7.999120924107978e-06,0.1674203161375482,-0.20194368529408369,-0.19357710371149725,0.09133940544975153,-0.191401852805433
2022-03-11 00:00:00+00:00,0.004883414215277604,13.209027480946586,12.209027480946586,1.5245701259076319,0.0,5.6697412895667915e-05,0.16367175114611235,-0.1971404219392431,-0.1875884279835758,0.0875618279336759,-0.18826962132988692
2022-03-12 00:00:00+00:00,-0.0013834532751586526,13.19075340861641,12.19075340861641,1.4936454651815796,0.0,0.00016357052241628222,0.16423549807552607,-0.1983210886667523,-0.18957211373135496,0.08730125973210043,-0.18740337796689352
2022-03-13 00:00:00+00:00,0.00794978044432848,13.29561700211019,12.29561700211019,1.8203798784517435,0.0,9.1480008941781e-05,0.15853447567805123,-0.19265187322854874,-0.1818600967100783,0.08298296676062177,-0.18041545407941648
2022-03-14 00:00:00+00:00,-0.006740173482222223,13.206002236962783,12.206002236962783,1.917018753546493,6.308988689228256e-05,0.00011876478804977709,0.21153394317517785,-0.20734219877574905,-0.207766827724077,-0.01097028018341365,-0.20579348096390876
2022-03-15 00:00:00+00:00,-0.0063502073164578565,13.122141384936464,12.122141384936464,1.3126958041045103,0.0,4.697384229533809e-05,0.2108307080681575,-0.21095064556127857,-0.21329196470200043,-0.011181357344095904,-0.2048699464845479
2022-03-16 00:00:00+00:00,-0.02389944431516544,12.808529497611447,11.808529497611447,1.0698479674278738,0.0,0.00010936409085541761,0.22608432457869612,-0.2289548595016598,-0.23144105624710987,-0.012154252442533667,-0.21810925757830354
2022-03-17 00:00:00+00:00,-0.0040995939795842595,12.756019727195712,11.756019727195712,0.7518655503033314,0.0,0.00013937253035727326,0.22586792913019196,-0.23304469314413606,-0.23265867296130627,-0.013080963377683068,-0.21782752631561514
2022-03-18 00:00:00+00:00,-0.01703446492797589,12.538727756532229,11.538727756532229,0.46242246076095994,0.0,0.00013821043639610867,0.23457689300550513,-0.24781922845689527,-0.24191862102766162,-0.01437052077275267,-0.22684055678616394
2022-03-19 00:00:00+00:00,-0.014310871924174795,12.3592876295164,11.3592876295164,0.5011372610246907,0.0,0.00014891161021139053,0.24047181236971235,-0.2524424010787958,-0.2523753054945597,-0.015227161801608598,-0.23867534810320698
2022-03-20 00:00:00+00:00,0.021988226488782736,12.631046445154217,11.631046445154217,0.624877602644089,0.0,0.00014887514785748393,0.23012671443870364,-0.23951448930217126,-0.23696701066932976,-0.014115710846746808,-0.2252582428575335
2022-03-21 00:00:00+00:00,0.000987637887671422,12.64352134518439,11.64352134518439,0.5580139848039468,0.0001617673668625314,4.510360993661024e-05,0.1984195320063317,-0.08453056792834293,-0.1997026881624555,0.20304411115705961,-0.19982065307878835
2022-03-22 00:00:00+00:00,-0.010733734034367726,12.50780914980733,11.50780914980733,0.5837287736822427,0.0,5.998733462161286e-05,0.2072666536938655,-0.08779637996991807,-0.20617817881484582,0.19972376653649657,-0.20741308349585363
2022-03-23 00:00:00+00:00,-0.01709555551129316,12.293981204162138,11.293981204162138,0.49854618122916217,0.0,0.000108072156896938,0.21345138750201378,-0.09134128373945256,-0.21994626790729901,0.20816303142957546,-0.22386877905887462
2022-03-24 00:00:00+00:00,-0.022031945711262213,12.02312087769676,11.02312087769676,0.4134006042915556,0.0,0.00013011749685668987,0.22388868780387022,-0.09568637004734426,-0.24268847469686514,0.21684016857942762,-0.24111516481484488
2022-03-25 00:00:00+00:00,0.0112700246632631,12.158621746517797,11.158621746517797,0.5294978104295982,0.0,0.00012186493086929958,0.2229905886214326,-0.09436077493482943,-0.23111901196470738,0.2044555442293978,-0.22815716574332265
2022-03-26 00:00:00+00:00,-0.01071756213288777,12.028310962499212,11.028310962499212,0.3989151289555778,0.0,0.00011480115899338893,0.2264171227831555,-0.09667783980999929,-0.24104286562388338,0.2125379324847076,-0.2397419972347889
2022-03-27 00:00:00+00:00,-0.010520918565482318,11.90176208238246,10.90176208238246,0.3288859901129846,0.0,7.648814448201136e-05,0.24081685681893764,-0.10241598297202982,-0.2562077760991868,0.22490593456526636,-0.2577894884412813
2022-03-28 00:00:00+00:00,0.005262433498100183,11.964394313851209,10.964394313851209,0.4400494413559919,0.0002516223936710598,-0.00012875371229067878,0.20018208746761412,0.20123365085017944,0.03616938142196287,0.1981727585805499,-0.1957553716775235
2022-03-29 00:00:00+00:00,0.011388365161946634,12.100649205238865,11.100649205238865,0.6008555990554203,0.0,-0.00012770465822149973,0.19917383190669125,0.20286995118098183,0.037734048343985055,0.2028985802842098,-0.19624199342922655
2022-03-30 00:00:00+00:00,0.008521026229129092,12.203759154506196,11.203759154506196,0.7119374187008233,0.0,-0.0001339303254859924,0.1959695856511616,0.20033328192947056,0.04053093230243889,0.20732350653078102,-0.19291299617587865
2022-03-31 00:00:00+00:00,-0.0012060341845816502,12.18904100378546,11.18904100378546,0.5727342523727436,0.0,-0.00013537329307139204,0.18975457808092883,0.1944324897246438,0.04125144724929555,0.2116788447793962,-0.18640013010116305
2022-04-01 00:00:00+00:00,0.01147314010331435,12.328887578946935,11.328887578946935,0.5906073109560546,0.0,-0.00012917907579117606,0.19073617827488903,0.20235556991537298,0.04466103841787748,0.20790348701935976,-0.18858081548435535
2022-04-02 00:00:00+00:00,-0.0012418628334575077,12.313576791684765,11.313576791684765,0.5943500903517249,0.0,-0.0001371226374429432,0.18902671410984775,0.20194674627985218,0.0440351685768584,0.2068720018890449,-0.18534295573767182
2022-04-03 00:00:00+00:00,0.001817279119530335,12.335953997675027,11.335953997675027,0.5343719393426521,0.0,-0.00013696130253537948,0.19114689040366098,0.20612891224022836,0.04540520361188925,0.21042408361266188,-0.19544487068859853
2022-04-04 00:00:00+00:00,-0.013011252537210916,12.175447784923861,11.175447784923861,0.4346366135043475,6.459461090205949e-05,-0.0001657812907302693,0.2034467588470343,0.20251987426003418,0.19557569342986003,0.19865572465624098,-0.20527701677679933
2022-04-05 00:00:00+00:00,-0.06329638716965669,11.404785927965381,10.404785927965381,-0.41197220762066034,0.0,-0.00015555460087571704,0.21204905057737178,0.20920561738514573,0.20049289028492404,0.20071779599614828,-0.2547508770454478
2022-04-06 00:00:00+00:00,-0.022067704953812606,11.153108477045647,10.153108477045647,-0.6457230225926435,0.0,-9.988457742035964e-05,0.20578339769170728,0.19895746033205727,0.18243681425306368,0.18699642261729113,-0.21611229492464967
2022-04-07 00:00:00+00:00,0.020416897188135774,11.380820346149614,10.380820346149614,-0.640164381557912,0.0,-7.193847695163266e-06,0.20286871887831054,0.19857044626584713,0.1875619306458981,0.19351313356712485,-0.21560290850451905
2022-04-08 00:00:00+00:00,-0.02467556207576249,11.099992207225098,10.099992207225098,-0.8224637876354186,0.0,2.1671442257545984e-05,0.20231031337272048,0.20145487260871914,0.17837261974477772,0.1895459782864585,-0.21575176154779796
2022-04-09 00:00:00+00:00,0.0107378601061352,11.219182370725472,10.219182370725472,-0.7990249060200632,0.0,-3.1635001526166256e-05,0.20252383872983976,0.20345364631349777,0.18139451322344194,0.18948340803022048,-0.21617440290307224
2022-04-10 00:00:00+00:00,-0.023471021306798123,10.95585670225732,9.95585670225732,-1.0808339603221873,0.0,-5.563475376421286e-05,0.20454089548452897,0.20467955651688088,0.18271028328675396,0.18588482703377857,-0.22763668533677958
2022-04-11 00:00:00+00:00,0.0004416268627038811,10.96069510288097,9.96069510288097,-0.8891303294155186,0.00030891558932063775,-3.6108678580887886e-06,-0.16884348435176233,0.18601450851082826,0.17929622472328777,-0.15400536785850188,-0.09544183218045796
2022-04-12 00:00:00+00:00,8.601168263600023e-05,10.96163785070963,9.96163785070963,-0.6544977865613334,0.0,-3.0056018031878706e-05,-0.17120120797057256,0.188971424425899,0.18566955027267057,-0.15811765214249224,-0.09818145152093008
2022-04-13 00:00:00+00:00,-0.005251093614313862,10.904077264189349,9.904077264189349,-0.6681002749290418,0.0,5.349149689153528e-05,-0.17669791231018617,0.19562792660119313,0.18976139746302756,-0.16703853289160672,-0.10012383738598421
2022-04-14 00:00:00+00:00,-0.0043156120276423016,10.857019497197673,9.857019497197673,-0.525582059293234,0.0,6.805897515999699e-05,-0.172226132419612,0.19038382500934947,0.18300704311646754,-0.1607296911648905,-0.1035621059732586
2022-04-15 00:00:00+00:00,-0.0027344960280467623,10.82733102050616,9.82733102050616,-0.5588295990622667,0.0,5.4631855383430726e-05,-0.1753531501844735,0.19213038176265942,0.18462024920581965,-0.16240873035858736,-0.10508568153638144
2022-04-16 00:00:00+00:00,0.004271586794873716,10.87358090471708,9.87358090471708,-0.5866994722452198,0.0,0.00011623467127292048,-0.17388137611345464,0.19249660719702613,0.1850867943971614,-0.1624494098263137,-0.10293073121780838
2022-04-17 00:00:00+00:00,0.0031095777232066357,10.907393149669874,9.907393149669874,-0.7136880987595331,0.0,5.2403665197410805e-05,-0.17028488767226072,0.1873841305893246,0.18100435914310917,-0.15702890721369983,-0.09951391505453255
2022-04-18 00:00:00+00:00,-0.004645173730855934,10.85672641353891,9.85672641353891,-0.8007295299140017,8.003180229602373e-05,2.871640155722171e-07,-0.20667637340271333,0.13360131010528012,0.20547446608108041,-0.20712847794633643,-0.020126105496957557
2022-04-19 00:00:00+00:00,0.0036352522990066305,10.896193353193413,9.896193353193413,-0.8744162484015044,0.0,1.2537522562158242e-05,-0.20939797325192896,0.13513985931797856,0.21693202117679136,-0.21317783295190448,-0.020398088418298006
2022-04-20 00:00:00+00:00,-0.0004577951081602416,10.891205129178752,9.891205129178752,-1.0489209253143728,0.0,3.0256605042804188e-05,-0.20876042339709877,0.1340500783357544,0.21116782765728542,-0.20774827060974246,-0.020141134913809196
2022-04-21 00:00:00+00:00,0.0019780563406588403,10.912748546541941,9.912748546541941,-1.4974792184567247,0.0,2.6039219176634876e-05,-0.2039224784760742,0.12975100264522044,0.2031014418739193,-0.1987719864253646,-0.019461238546264106
2022-04-22 00:00:00+00:00,0.0031470175647927423,10.947091157898075,9.947091157898075,-1.7761055884085089,0.0,-3.7922928743789835e-05,-0.19938492270317054,0.12843590815658293,0.20009499914886397,-0.19558398084491396,-0.01941015654765299
2022-04-23 00:00:00+00:00,0.0037425683575134094,10.988061394872439,9.988061394872439,-1.5966492019952665,0.0,7.2833727315469324e-06,-0.19734422682692676,0.1266560027198081,0.1995671150307544,-0.19169406315839627,-0.018991528401514347
2022-04-24 00:00:00+00:00,0.00025458680891166097,10.990858810359084,9.990858810359084,-1.8775105862631811,0.0,-5.949765528415503e-05,-0.19738559982387016,0.12613503630389683,0.19658138238374975,-0.18811676681545078,-0.018685926555857636
2022-04-25 00:00:00+00:00,0.014802839608322405,11.153554730486547,10.153554730486547,-1.550885333131311,0.0001363351761133775,6.15787605842611e-05,0.04420902137531099,0.20293845281294762,0.20065376007531635,-0.20094500651906602,0.04790996648990366
2022-04-26 00:00:00+00:00,-0.02111913409210131,10.91800131252981,9.91800131252981,-1.80028660466577,0.0,-5.0157756143743825e-05,0.0425730359603861,0.1936458440237464,0.19424020910786188,-0.19344538106343767,0.04258846566865268
2022-04-27 00:00:00+00:00,0.009644092456062126,11.023295526623256,10.023295526623256,-1.801998443468969,0.0,8.327819749105987e-05,0.04340091862265719,0.19723948043577294,0.19771488746145935,-0.19483507918388396,0.04288070375372526
2022-04-28 00:00:00+00:00,0.010175556388346774,11.135463691839822,10.135463691839822,-1.5441788448401228,0.0,4.399590276941388e-05,0.04353737016979894,0.1984861846064202,0.195484364287623,-0.18566153291973198,0.041699096816784846
2022-04-29 00:00:00+00:00,-0.008126306172106634,11.044973504511555,10.044973504511555,-1.4028946957164097,0.0,-0.0001445788963851195,0.04261223741918745,0.19193031654624884,0.18857459436841664,-0.17648648568509204,0.04127268377744601
2022-04-30 00:00:00+00:00,-0.010541432900769143,10.928543657422974,9.928543657422974,-1.6670833985655944,0.0,-8.092810517477068e-06,0.04199693617358366,0.1877556140426524,0.1714319330256303,-0.16020912892690642,0.039349679555951304
2022-05-01 00:00:00+00:00,0.014697109648390105,11.089161661853337,10.089161661853337,-1.2685899191637466,0.0,2.7203029671165888e-05,0.04229752148083362,0.1917093958522964,0.17916578108817546,-0.1628547204792371,0.04040418701201427
2022-05-02 00:00:00+00:00,-0.004796230107847799,11.035975490819965,10.035975490819965,-0.9670370078341486,0.00025321723166921086,-3.746298615640411e-05,-0.20135776480356798,0.1841550914592178,-0.09296757547489158,-0.20645776900718524,0.19801833111198416
2022-05-03 00:00:00+00:00,0.0017404396305258363,11.0551829399257,10.0551829399257,-1.5208783527543936,0.0,-5.9291818959186e-05,-0.19676764764383198,0.1790544040356119,-0.09107602166581015,-0.2035706623634156,0.19575291983007304
2022-05-04 00:00:00+00:00,-0.023761146284968948,10.792499120883033,9.792499120883033,-1.6832597155983235,0.0,-8.35973939697323e-05,-0.21209142828293565,0.19388930845744803,-0.10078358334963214,-0.23533488361665342,0.21062157689831743
2022-05-05 00:00:00+00:00,0.02973583616843878,11.11342310658963,10.11342310658963,-0.4921803708113421,0.0,4.4325332529655104e-05,-0.18962141991949177,0.17590379319350335,-0.08919451320653704,-0.20049852022110118,0.19269537274383913
2022-05-06 00:00:00+00:00,0.0085985057033231,11.208981938555084,10.208981938555084,-0.39988008558386573,0.0,-0.00012346582598646093,-0.18522914663479892,0.17092545473753964,-0.08545071687691436,-0.19191467439343715,0.190545280877863
2022-05-07 00:00:00+00:00,0.007987636401804998,11.298515210714662,10.298515210714662,-0.013918643429343652,0.0,-0.00014609291043642656,-0.18106274681531534,0.16599445622255743,-0.08183459289651905,-0.1839415475083071,0.18859124294316376
2022-05-08 00:00:00+00:00,0.010098634494322134,11.412614786156208,10.412614786156208,0.16817084691968776,0.0,-2.4032923489731304e-05,-0.1720014118220703,0.15710491606778565,-0.0774591167729763,-0.17075011062262918,0.18179631649206923
2022-05-09 00:00:00+00:00,0.037892876008498444,11.845071583180781,10.845071583180781,0.39091255738427944,6.509795179116412e-05,1.104069493759346e-05,-0.17017727736175517,0.06808474325033756,-0.08796876152346036,-0.15376749208724927,0.1579384825256476
2022-05-10 00:00:00+00:00,-0.011448711623468055,11.709460774465608,10.709460774465608,0.2853652445980184,0.0,-6.641081184189728e-05,-0.1775634709286108,0.07237894106307727,-0.09579636370247857,-0.16824305774077097,0.1696666715523824
2022-05-11 00:00:00+00:00,0.04048664506047839,12.183537556690991,11.183537556690991,0.36934355597759855,0.0,-0.0003678463426083391,-0.16004468094013674,0.06192896484145509,-0.07004007373874646,-0.11292974213222712,0.1285580688765666
2022-05-12 00:00:00+00:00,0.004018985795709806,12.23250302107283,11.23250302107283,0.33150467655267973,0.0,-0.00022699557496018606,-0.15910797966768983,0.0580050319020748,-0.06123870726852377,-0.10958437893462303,0.1242381079233178
2022-05-13 00:00:00+00:00,-0.004459887170080834,12.177947437791172,11.177947437791172,0.27186757008138557,0.0,-9.266328214080072e-05,-0.16121737035588632,0.05971305061483905,-0.06737077776997895,-0.1169050570974735,0.13304381784638505
2022-05-14 00:00:00+00:00,-0.012159667853264833,12.029867641813114,11.029867641813114,0.14164245639559744,0.0,5.459476033613982e-06,-0.16769244789006044,0.06184785720365761,-0.07311136579894101,-0.12470627143198007,0.1367309347466393
2022-05-15 00:00:00+00:00,-0.017082335272943006,11.824369409466534,10.824369409466534,0.015871892443194174,0.0,7.531553322039871e-05,-0.17766594122531926,0.06564998804793318,-0.08346680623113584,-0.13663882963549445,0.14483332413327532
2022-05-16 00:00:00+00:00,0.037272648164707434,12.26509497023511,11.26509497023511,0.7450935761408262,0.00014750149745732685,0.0001325241141917105,-0.1838135337390326,-0.1818889488054494,-0.0604208572778227,-0.1716693543556586,0.18209763713829602
2022-05-17 00:00:00+00:00,-0.018364076016960995,12.039857833846465,11.039857833846465,0.3128865415420621,0.0,1.8913121233417053e-05,-0.1908278008719688,-0.1914387668793192,-0.06524860915832584,-0.18482951568720457,0.19014607743554018
2022-05-18 00:00:00+00:00,0.046526093503137966,12.600025385188493,11.600025385188493,0.29867526452825205,0.0,-5.415569800793582e-05,-0.17194150185690416,-0.16754090332852575,-0.05460355496929194,-0.15194732423787077,0.1680031823090023
2022-05-19 00:00:00+00:00,-0.018922001011399292,12.3616076921063,11.3616076921063,0.00024599496509279125,0.0,-2.8962104676840968e-05,-0.18514584401646939,-0.18016285673799204,-0.05817640490384139,-0.15901568438484898,0.17792221280515105
2022-05-20 00:00:00+00:00,0.018212443573503156,12.58674277467657,11.58674277467657,0.20895643511287165,0.0,4.6707455114726794e-05,-0.1750513771190303,-0.1716158161363893,-0.05410273981500146,-0.14794104326040083,0.16920977934734802
2022-05-21 00:00:00+00:00,-0.008563154240320836,12.47896055491377,11.47896055491377,0.02582868475923436,0.0,-0.00015427485294903395,-0.17800599974865064,-0.17444579152811304,-0.055519843736582294,-0.15497796819362192,0.17168910282319094
2022-05-22 00:00:00+00:00,-0.020061257710898395,12.22861691125751,11.22861691125751,-0.5349645568718081,0.0,1.7475949719973276e-05,-0.18693776994743225,-0.18421174943082097,-0.059102126194444465,-0.16778690048467726,0.1782783954549795
2022-05-23 00:00:00+00:00,0.03584114980237807,12.666904601849783,11.666904601849783,0.0587608951444108,7.182060106138308e-05,7.290960638703327e-05,-0.1855030556846572,-0.18643263609086783,-0.09941850494561803,-0.1769212569939925,0.0795811880944154
2022-05-24 00:00:00+00:00,-0.005134235432875056,12.601869731418118,11.601869731418118,-0.1525388416271683,0.0,-0.0002820402587212896,-0.1899553540021856,-0.1879752521512239,-0.10098905419739303,-0.17789553786571596,0.0803088179367335
2022-05-25 00:00:00+00:00,0.01804925023753512,12.829324031661303,11.829324031661303,0.20344657835627583,0.0,-0.00010807951044386141,-0.18591785638473252,-0.18123075028786637,-0.09578277446628387,-0.1637337658339057,0.0782152066565122
2022-05-26 00:00:00+00:00,0.04334052528573462,13.385353674254402,12.385353674254402,0.9213845027936921,0.0,-0.00011375543225421861,-0.17612729233071026,-0.16019797494697016,-0.08311176601318562,-0.13490868547565643,0.07032765624567233
2022-05-27 00:00:00+00:00,0.021801038180362164,13.677168280764473,12.677168280764473,1.0864170046795296,0.0,-1.6940133874647455e-07,-0.16899929792836937,-0.15113651596499628,-0.0771038785160876,-0.1272343161188364,0.07211896320334879
2022-05-28 00:00:00+00:00,-0.02583256389929134,13.323851957190264,12.323851957190264,0.48138321975180753,0.0,6.209051805988649e-05,-0.17587842039457247,-0.16100213231247132,-0.08505336789717506,-0.14329261249905573,0.07429480820742095
2022-05-29 00:00:00+00:00,-0.013135378616885851,13.148838117097235,12.148838117097235,1.2852890842283073,0.0,6.943831608271052e-05,-0.1808848172592056,-0.1650308335046491,-0.08760822736708619,-0.153416513445538,0.07609368483947695
2022-05-30 00:00:00+00:00,-0.05735991204034929,12.394621919267745,11.394621919267745,0.6551284113184184,9.923824012179689e-05,0.00011362808332676238,-0.2285264986573346,-0.23385258811687656,-0.22281544619796684,-0.22464744949242682,0.006337012651424927
2022-05-31 00:00:00+00:00,0.02325472619816038,12.682855458330033,11.682855458330033,0.9708504477538633,0.0,0.00018967801791404382,-0.22383485544702836,-0.2221103790001971,-0.2110637014695483,-0.20946913940543233,0.006047237241297765
2022-06-01 00:00:00+00:00,0.07594493286454163,13.646054064643593,12.646054064643593,1.4120581613011447,0.0,0.00014762171223954261,-0.19494481157428523,-0.19318792584067065,-0.17185950083591664,-0.17455942419701329,0.0053010261354514655
2022-06-02 00:00:00+00:00,-0.01601400181081314,13.427526130141937,12.427526130141937,0.678905791076805,0.0,-6.388410308741726e-05,-0.2023741092024449,-0.1980899093764788,-0.17792390618635756,-0.18444238637367208,0.0055016952932597325
2022-06-03 00:00:00+00:00,0.03486428816644227,13.895667270505639,12.895667270505639,1.1242576439784258,0.0,7.257988550816229e-07,-0.19070985877514446,-0.18523334441321604,-0.16098412616366714,-0.16635632131386804,0.005158242591220116
2022-06-04 00:00:00+00:00,-0.018637550603109232,13.636686068587622,12.636686068587622,0.6927933486765615,0.0,6.416521278193115e-06,-0.19541590062155184,-0.19189608270970587,-0.16725879741575014,-0.18117080331611565,0.005359679151678124
2022-06-05 00:00:00+00:00,0.004390868077880139,13.696562958134257,12.696562958134257,0.585689578220618,0.0,1.7488985374852185e-05,-0.19496248333364183,-0.19123512910457202,-0.16447750062060604,-0.17744101866244183,0.005281477511078683
2022-06-06 00:00:00+00:00,-0.051080866534934155,12.996930653682478,11.996930653682478,0.09785052700236127,4.0157362892932184e-05,0.0002116451056481367,-0.22098411818756467,-0.2170288183992292,-0.2317732163882791,-0.22654702909766772,-0.04029952464917797
2022-06-07 00:00:00+00:00,0.0371032620929701,13.479159178130216,12.479159178130216,0.5875982816130823,0.0,-1.106873786602065e-05,-0.21142652041776314,-0.20403031043533468,-0.20728091247876684,-0.2067503721312252,-0.0378492160922764
2022-06-08 00:00:00+00:00,0.012687620068302374,13.650177628622503,12.650177628622503,0.5734217162994519,0.0,0.00016961085944426526,-0.20256759149871448,-0.19907432573963535,-0.20218273050250293,-0.20341253194547382,-0.03687240100436393
2022-06-09 00:00:00+00:00,-0.004221046551422081,13.592559593416906,12.592559593416906,0.4843616331115308,0.0,0.00014634271224804073,-0.20275788911571052,-0.19958443835014972,-0.20905770217878342,-0.2036074932523167,-0.03706608944031438
2022-06-10 00:00:00+00:00,0.057210455490678935,14.370196119040486,13.370196119040486,1.0195064335944775,0.0,2.3207174397147676e-05,-0.1853132823675966,-0.17547222350932384,-0.18373669789270303,-0.17404840039420091,-0.033300851413168873
2022-06-11 00:00:00+00:00,0.05304075266254471,15.132402137102773,14.132402137102773,1.4044597251393043,0.0,-0.0002999419221160854,-0.17197881838684373,-0.15362357602205162,-0.15939347924330718,-0.14902328499545545,-0.029327211591236357
2022-06-12 00:00:00+00:00,0.05876719064338243,16.02169089838622,15.021690898386218,1.9421108405872392,0.0,-0.0003227679128768916,-0.15184684026306927,-0.1358313164225242,-0.1356736896583064,-0.12221125731863351,-0.02515387455762272
2022-06-13 00:00:00+00:00,0.11735592871783296,17.901931313396386,16.901931313396386,2.714330333339298,0.00015024905762294537,-0.0005043842053603914,-0.15139110122855107,-0.15085466067458778,-0.16737171848582097,-0.16684251936278932,-0.1527595911564694
2022-06-14 00:00:00+00:00,-0.011923732252422159,17.688473477614195,16.688473477614195,2.8208092252158834,0.0,-0.00027523042559474635,-0.1508397996100626,-0.15258419776303167,-0.17519988318922694,-0.1733657283317722,-0.15854305834697674
2022-06-15 00:00:00+00:00,-0.07663097307057753,16.332988542891517,15.332988542891517,2.1385337555345916,0.0,-0.00026195256528753876,-0.16664257399748908,-0.1690997246482329,-0.22286085706747782,-0.20763056397150104,-0.1942724938447577
2022-06-16 00:00:00+00:00,0.12075376815214334,18.305258454631453,17.305258454631453,2.9190507720340277,0.0,-9.215390762007581e-05,-0.13432416520437837,-0.13029261456487037,-0.1723893244421058,-0.1599233517557243,-0.15226302085510054
2022-06-17 00:00:00+00:00,-0.012951626037198793,18.068175592612796,17.068175592612796,2.9293844832687945,0.0,-0.00024340387925796217,-0.13655329466495694,-0.13425469216847685,-0.17813276545391682,-0.1639726302827464,-0.1589846510807176
2022-06-18 00:00:00+00:00,0.03681897551346425,18.733427307330178,17.733427307330178,3.0192824801211557,0.0,-0.00023025210892715838,-0.12206253727251536,-0.11852948981041975,-0.1789702963635579,-0.14666232609236013,-0.14252858837763435
2022-06-19 00:00:00+00:00,-0.07239468939166027,17.377226656174763,16.377226656174763,2.4268686502327306,0.0,-0.00016317194042845566,-0.14272482682001966,-0.1449774241655155,-0.20609010168691047,-0.1725208702838512,-0.17562326278410487
2022-06-20 00:00:00+00:00,-0.01728268046262904,17.076901600549416,16.076901600549416,2.379887816272952,9.227812524961905e-05,0.0001609420002578939,-0.2035569297265847,-0.20348952341229246,-0.20981319508923693,-0.21520978520305944,-0.05843145017917367
2022-06-21 00:00:00+00:00,-0.010942134514033586,16.89004384615329,15.89004384615329,2.4240290074429796,0.0,0.0001177113393293985,-0.20723966883066866,-0.2053102511323583,-0.2191814523237837,-0.2150442823214274,-0.0647592119799112
2022-06-22 00:00:00+00:00,0.049341400180686,17.723422258635672,16.723422258635672,2.8807153057539363,0.0,-0.0001358128635237251,-0.19048024697507235,-0.18243197646843143,-0.19578826438212948,-0.19498325648253528,-0.0578388348977049
2022-06-23 00:00:00+00:00,-0.07913000775043944,16.32096771794552,15.320967717945521,2.1977685537480856,0.0,-2.2631258387940595e-05,-0.21843645888705543,-0.21591235812792936,-0.23779414558134335,-0.24072526244530884,-0.06515251977360888
2022-06-24 00:00:00+00:00,-0.07188956220001952,15.147660494021766,14.147660494021766,1.757280407485329,0.0,0.000187720773442224,-0.23685771947917147,-0.24905332275105385,-0.28133082475000826,-0.29074577798120954,-0.07344885765767406
2022-06-25 00:00:00+00:00,-0.022412318706306333,14.808166299374824,13.808166299374824,1.6793715128136604,0.0,0.00012478375432430693,-0.24514891320926452,-0.258337771543248,-0.2899790287093609,-0.3100456365364902,-0.07691842337258695
2022-06-26 00:00:00+00:00,0.052850789259552,15.590789575783482,14.590789575783482,1.9523964135293879,0.0,0.00017230608118467636,-0.22793506485119638,-0.23659726160640568,-0.2568263037380647,-0.2719993259790504,-0.07778270468351058
2022-06-27 00:00:00+00:00,0.00965792678919497,15.741364280092144,14.741364280092144,1.9419798254850853,0.00013617621827687472,8.382290291724056e-06,-0.19524288109083768,-0.19718145903745224,-0.10681954329750257,-0.19414291011827514,0.027629479300509338
2022-06-28 00:00:00+00:00,0.031138699630866018,16.231529894189975,15.231529894189975,2.0738966878635408,0.0,-6.134954135348294e-05,-0.18513245954311558,-0.18346166826829421,-0.09503719190208798,-0.17629953604957768,0.02453618063498482
2022-06-29 00:00:00+00:00,0.01644649194131831,16.498481619790038,15.498481619790038,2.180705654639124,0.0,9.395560021138829e-07,-0.1807108416463943,-0.1735196956535519,-0.09005808100914577,-0.17038047703219997,0.025411197860788735
2022-06-30 00:00:00+00:00,0.013323691562568962,16.718302300142835,15.718302300142835,2.191717966881526,0.0,-0.0002197390917670452,-0.1766817674671111,-0.16680347441988455,-0.08811635500069873,-0.16048029681950718,0.02393721139112767
2022-07-01 00:00:00+00:00,0.017835191552823204,17.016476424103885,16.016476424103885,2.3067886167936176,0.0,-0.00025634775929979316,-0.16790956074606686,-0.16210386197345275,-0.08426235697504254,-0.14967799416506652,0.023539031307072217
2022-07-02 00:00:00+00:00,-0.00401489338141392,16.948157085533765,15.948157085533765,2.2704572983612565,0.0,-7.036543306479565e-05,-0.16831436256808166,-0.16387745876684015,-0.0859162813388467,-0.15214704814508073,0.023701525786212332
2022-07-03 00:00:00+00:00,-0.004616716612547145,16.869912247164923,15.869912247164923,2.324165679367942,0.0,-4.896787981478244e-05,-0.1696662666453088,-0.16577523194412358,-0.08639243994289623,-0.1558516757275179,0.024008068169447307
2022-07-04 00:00:00+00:00,-0.05818742457396853,15.888295500713546,14.888295500713546,2.362789853361648,8.241122600341169e-05,-0.00015600366433988211,-0.222465439576476,-0.2274314742977473,-0.2335919629983091,-0.2286825651444243,0.04073286081945769
2022-07-05 00:00:00+00:00,0.01012267361022956,16.04912753029015,15.04912753029015,2.568613612503775,0.0,-7.80942904438809e-05,-0.21961977626587084,-0.22154474142801556,-0.22280988374911315,-0.22765493148701788,0.03902218352437347
2022-07-06 00:00:00+00:00,-0.03888327224033472,15.425084935310027,14.425084935310027,2.1867051383691245,0.0,0.00010991148084952902,-0.23285623742796935,-0.24162161151678582,-0.2425729340866062,-0.25198965875470525,0.041369215830898504
2022-07-07 00:00:00+00:00,-0.043723289572080826,14.750649480009525,13.750649480009525,2.0563755999164877,0.0,7.156011227436049e-05,-0.25605244235157243,-0.26343510827430444,-0.26346507690699367,-0.2775394968702425,0.044608264589349314
2022-07-08 00:00:00+00:00,0.013536151709591104,14.950316509185935,13.950316509185935,2.0729262452357466,0.0,0.00012577911357539566,-0.25233470478453734,-0.25500184026077577,-0.25764718919828794,-0.2671837904694905,0.04308244321223234
2022-07-09 00:00:00+00:00,-0.002093112313487522,14.919023817610022,13.919023817610022,2.2100107374718605,0.0,8.003578560315873e-05,-0.25277144299457116,-0.2561578977720781,-0.2576454786487799,-0.27019184541489255,0.04342926849465383
2022-07-10 00:00:00+00:00,0.03643045279191104,15.46253061049886,14.46253061049886,2.4178641913897696,0.0,0.0001802354173769502,-0.23567939049196243,-0.23726561392506812,-0.2399585959732949,-0.251117014118175,0.040574978206560586
2022-07-11 00:00:00+00:00,0.018123785072833076,15.742770191965644,14.742770191965644,2.5253360982095114,0.00019981169543058363,5.272586550236409e-06,-0.1879290505550257,-0.18431521095154002,0.14362569978670228,-0.1777250236563884,0.0781258244137462
2022-07-12 00:00:00+00:00,0.015998821178236033,15.994635957116966,14.994635957116966,2.653776306072199,0.0,-4.7007236754011875e-07,-0.17911688366667392,-0.1718004811348463,0.13823108605911513,-0.1690685946287836,0.07445287340446834
2022-07-13 00:00:00+00:00,-0.029770035970339004,15.518475069341116,14.518475069341116,2.486973835651476,0.0,-0.00013428493292832734,-0.193184747412516,-0.1900911096601759,0.15242157229145342,-0.1959081146125472,0.07948622416134325
2022-07-14 00:00:00+00:00,-0.016286880321750852,15.265727523110684,14.265727523110684,2.4011468383805576,0.0,1.6593245477488927e-05,-0.19986506876779309,-0.2069084227138022,0.16465971355983536,-0.20899285671436665,0.08150736679410603
2022-07-15 00:00:00+00:00,-0.0029721624470137042,15.22035530104015,14.22035530104015,2.3569778159003043,0.0,6.472115924658237e-05,-0.2028426017207003,-0.21406055852862824,0.16617386072630216,-0.20537048443767167,0.08235279574937097
2022-07-16 00:00:00+00:00,-0.03353847530898457,14.709887790582243,13.709887790582243,2.122934463515798,0.0,2.9850361942467165e-05,-0.21351428448996976,-0.24394959488958967,0.1821602379254703,-0.23336269055621509,0.08721622408958221
2022-07-17 00:00:00+00:00,0.007738942885593181,14.823726772047044,13.823726772047044,2.197568112125294,0.0,7.07597173298896e-05,-0.2079828717104192,-0.23902203158342136,0.17623887675577202,-0.22459621810114058,0.08475796297115944
2022-07-18 00:00:00+00:00,-0.04496610626185216,14.157161498818514,13.157161498818514,1.8870268372574197,0.00015903055237589305,7.554147179629099e-05,-0.2257911385614931,-0.2472227692866202,0.2362482407396547,-0.06988837126606862,-0.14769531181492204
2022-07-19 00:00:00+00:00,-0.0016674804459912984,14.133554708848493,13.133554708848493,1.8797773122630912,0.0,0.0001220697180013112,-0.23587103666400722,-0.2415659487577634,0.2438731384031416,-0.07219641507470473,-0.15114051136560921
2022-07-20 00:00:00+00:00,-0.009771830325038144,13.99544401034398,12.99544401034398,1.808886255686284,0.0,7.013561252454532e-05,-0.23652416631478487,-0.24077654934612724,0.23068824720548184,-0.06960421691538185,-0.15513199333796662
2022-07-21 00:00:00+00:00,-0.005399239359601848,13.919879258188228,12.919879258188228,1.757768782878807,0.0,0.00014140460361263365,-0.23701960315242934,-0.2506843368167359,0.23795709423503797,-0.07413530523359524,-0.15559598894937976
2022-07-22 00:00:00+00:00,0.006763302220257117,14.014023608480844,13.014023608480844,1.7755331696605126,0.0,0.0001278285627916133,-0.23065257004636697,-0.24254209338393243,0.22199389659676433,-0.06957087000258252,-0.14889453515968037
2022-07-23 00:00:00+00:00,-0.0038224322465761906,13.960455952735508,12.960455952735508,1.751119300662258,0.0,9.457089716595172e-05,-0.22913902057698024,-0.2456115253654879,0.21987369926913056,-0.06974908105020924,-0.15077443308518246
2022-07-24 00:00:00+00:00,-0.003365227104973667,13.913475847965572,12.913475847965572,1.644415788427196,0.0,0.00011955569775497415,-0.2312487519712135,-0.25436257168206994,0.2259175363349141,-0.07054850829871524,-0.1502598468281278
2022-07-25 00:00:00+00:00,0.009154666328072159,14.040849076817388,13.040849076817388,1.8278467074373081,0.00022871860754712013,1.5896120297509833e-05,-0.1869861413512344,-0.1062619998307073,0.05266808299850104,0.17421679692796835,-0.18156017921355708
2022-07-26 00:00:00+00:00,-0.0040746261999099476,13.983637865300006,12.983637865300006,1.7464286683674544,0.0,7.363317161548826e-05,-0.18723109524450468,-0.1072797146379672,0.05227736569679363,0.1731719040039209,-0.18404145977369182
2022-07-27 00:00:00+00:00,-0.014206705101380335,13.784976445903194,12.784976445903194,1.600185445414566,0.0,0.00013559716886880788,-0.20513104713669267,-0.12289083249497194,0.05887263337077042,0.19859179591392134,-0.2007421249389421
2022-07-28 00:00:00+00:00,-0.009579201989266872,13.6529273721106,12.6529273721106,1.5913460922083544,0.0,0.00013256223687892467,-0.21519611576026318,-0.13078392852220794,0.0634186407707743,0.2073706066704623,-0.20853844236342878
2022-07-29 00:00:00+00:00,0.0026568875238532907,13.689201664509635,12.689201664509635,1.6708077438080653,0.0,9.228757363399689e-05,-0.214039705610611,-0.1302883058704477,0.06177621831241247,0.20921506697086764,-0.20708286973079865
2022-07-30 00:00:00+00:00,0.0014935579852244363,13.709647280967012,12.709647280967012,1.5935282118849772,0.0,7.767530475492733e-05,-0.21245100487189097,-0.12819228904798488,0.06452538531944532,0.20676878088094489,-0.20923849875451708
2022-07-31 00:00:00+00:00,0.0025280708650321504,13.74430624082789,12.74430624082789,1.637373529910247,0.0,6.280344732770704e-05,-0.20886790822521875,-0.1264333379956157,0.062145294907905345,0.20173411495273472,-0.20400422609214772
2022-08-01 00:00:00+00:00,-0.0028447932631184836,13.705206531027747,12.705206531027747,1.6099589316754104,6.90778609565249e-05,5.9471476435367544e-05,-0.20027686143304546,-0.0794079668402619,0.19719199915791694,0.1995408211030273,-0.20164718958557307
2022-08-02 00:00:00+00:00,-0.007050138752086599,13.608582923357998,12.608582923357998,1.713661755088756,0.0,0.00010951033624585969,-0.19924891760363952,-0.07999730005908512,0.18961942258427575,0.19447784715839428,-0.19726140457342226
2022-08-03 00:00:00+00:00,-0.0008645964121826166,13.596816991387573,12.596816991387573,1.5365190874470531,0.0,0.0001055559516164754,-0.19791450770321312,-0.07944759474568143,0.18400354281619477,0.19643814491417913,-0.19654089645307204
2022-08-04 00:00:00+00:00,0.00323682493023969,13.640827507597203,12.640827507597203,1.5047743779103422,0.0,4.285910848396465e-05,-0.1956096068719959,-0.0786933129010597,0.1847906887934161,0.19861128658463903,-0.1990751640439155
2022-08-05 00:00:00+00:00,0.001960786187663599,13.667574253762401,12.667574253762401,1.4690112464152336,0.0,1.260548555611508e-06,-0.20117801905781116,-0.08488862537358419,0.1926977196066784,0.21180532033336286,-0.20628073434220456
2022-08-06 00:00:00+00:00,0.020772251033331468,13.951480537178252,12.951480537178252,1.5308318385722928,0.0,1.7254019848082794e-05,-0.19408280076150916,-0.0808977571022901,0.18640215542840313,0.22154996202650024,-0.1986956638192123
2022-08-07 00:00:00+00:00,0.009636946999969531,14.085930215686146,13.085930215686146,1.369764163031589,0.0,-2.194451927705966e-05,-0.19411125943619204,-0.08057129955598774,0.18715898339285064,0.22956685958739906,-0.19757335633284048
2022-08-08 00:00:00+00:00,-0.0027457892970802478,14.047253219260496,13.047253219260496,1.4229489727494455,3.2058685597595e-05,2.848046861843328e-05,-0.206054753509962,-0.04160638339036244,0.2082517796683521,0.20083206860897476,-0.20397881529289372
2022-08-09 00:00:00+00:00,-0.0022330061152238123,14.015885616919789,13.015885616919789,1.1744946938488081,0.0,-7.6112086021303064e-06,-0.20075361445703105,-0.039960933646971245,0.19955704081452913,0.1975313918945414,-0.20125560458275316
2022-08-10 00:00:00+00:00,0.006242864104830437,14.103384886135066,13.103384886135066,1.187836307889069,0.0,-4.9986700392087574e-05,-0.20641151626677542,-0.04324089914618802,0.20889925452544347,0.20899158410729507,-0.20658788193299696
2022-08-11 00:00:00+00:00,-0.00228159466953326,14.071206678356484,13.071206678356484,1.201105194563493,0.0,2.996483414795616e-05,-0.2066787388294613,-0.04395039018872399,0.2108566637855399,0.20480026374491422,-0.20578180084365333
2022-08-12 00:00:00+00:00,0.008954104608652091,14.197201734924452,13.197201734924452,1.3294523312686939,0.0,-4.1303629453168103e-05,-0.20887253543477388,-0.045369421252283625,0.222233349300508,0.20874969460411577,-0.20821783521652268
2022-08-13 00:00:00+00:00,0.0014982756391581642,14.218473056428103,13.218473056428103,1.4441270527695933,0.0,-4.554499162783613e-05,-0.20891495984544214,-0.04588939791898782,0.2273190499411148,0.20722885912742375,-0.20963169799019973
2022-08-14 00:00:00+00:00,-0.03815343193192422,13.675989512493775,12.675989512493775,0.9862504849923568,0.0,-5.948662774544692e-06,-0.2160025435953718,-0.046548705570836395,0.22765807740133642,0.20820575239353223,-0.24404697030569014
2022-08-15 00:00:00+00:00,-0.020106579975413874,13.401012135617897,12.401012135617897,0.9754089822145848,0.0002852375024106731,-7.528184766653652e-05,-0.20229106540573655,0.20024958618574634,0.12671323393074388,0.20187260220255573,0.19147242279333723
2022-08-16 00:00:00+00:00,0.017343967556481488,13.63343885532207,12.63343885532207,0.8058352036926847,0.0,-7.833371107017004e-05,-0.19684279783001743,0.1944739285349503,0.12272887386839071,0.1928775155799447,0.21307324400278063
2022-08-17 00:00:00+00:00,-0.03461746710234981,13.161483734256059,12.161483734256059,0.7074906244070432,0.0,-0.00010068991505026233,-0.19954076649591834,0.19691228289439386,0.11960119812169781,0.18836233027519636,0.2040940884339233
2022-08-18 00:00:00+00:00,-0.024450819515643984,12.83967467091168,11.83967467091168,0.44831522993087347,0.0,3.0927657287825856e-05,-0.20324459210216694,0.2032027775691114,0.11948166409684607,0.1828017250503421,0.19486036115458671
2022-08-19 00:00:00+00:00,-0.0478929414564262,12.224744883578149,11.224744883578149,0.20830859967712564,0.0,0.00025349563655308044,-0.19173754622590217,0.1859556841400256,0.1137627370184915,0.1780220577059719,0.18553595014472288
2022-08-20 00:00:00+00:00,-0.004982991576205409,12.16382908280202,11.16382908280202,0.29909593125439426,0.0,0.00016169165828015952,-0.19550056334046986,0.18301043264048864,0.11260740506748954,0.17779637020076433,0.19081623200704212
2022-08-21 00:00:00+00:00,0.01058436980432731,12.292575548051028,11.292575548051028,0.14840369999068295,0.0,7.437301654421442e-05,-0.19691224466756108,0.18595064589711266,0.11522130375596526,0.18122487831840758,0.18873596441332346
2022-08-22 00:00:00+00:00,5.1567585093836854e-05,12.293209446486625,11.293209446486625,0.17968789152668033,0.0001538978761705346,-5.528629526546432e-05,-0.0865867336212576,0.2008058938995613,-0.1655765560211385,0.19647378642929217,0.19741828182567694
2022-08-23 00:00:00+00:00,0.012648601762853762,12.448701357162586,11.448701357162586,0.14723674800456688,0.0,-4.252330965584008e-05,-0.0860297497585547,0.20320258248679962,-0.16475585372108767,0.2021934876932789,0.1961783429283478
2022-08-24 00:00:00+00:00,-0.00379868085277546,12.401412713675212,11.401412713675212,-0.138342041206759,0.0,-6.197874753896337e-05,-0.08570243265355372,0.20293804596258144,-0.16162747377487763,0.19855972383247958,0.19420761140249976
2022-08-25 00:00:00+00:00,0.005102161077451317,12.464686718928336,11.464686718928336,-0.24046590654518865,0.0,2.068379193250073e-05,-0.08603960618903037,0.20659671864648335,-0.16251428723048825,0.19737992393519543,0.19623996308964595
2022-08-26 00:00:00+00:00,-0.03682434260550671,12.005682824720209,11.005682824720209,-0.30653145515990676,0.0,-6.424273871783222e-05,-0.083858651873508,0.1908284081548689,-0.15176857998810334,0.18413916820643608,0.18760169350494918
2022-08-27 00:00:00+00:00,-0.005772296213720329,11.936382467207949,10.936382467207949,-0.2619310885423746,0.0,0.000110381032597637,-0.08349158580634129,0.18974218863091002,-0.15178239143428374,0.17973455176911063,0.18872060694550757
2022-08-28 00:00:00+00:00,-0.01941959566501894,11.704582745991749,10.704582745991749,-0.0315813477532009,0.0,0.00015188497792662607,-0.08311933383038393,0.1852274335736308,-0.14928473334378342,0.1693845646422318,0.18715159533767153
2022-08-29 00:00:00+00:00,0.000759173068505925,11.713468549990605,10.713468549990605,-0.1707190787005807,0.0001888222265905844,0.00013520187863013734,-0.14440962260029866,0.2172335535714392,-0.21303039977319452,0.2083383854168864,-0.2065442766744073
2022-08-30 00:00:00+00:00,0.014257925623923473,11.880478313374537,10.880478313374537,-0.5675054285152815,0.0,0.00020163598430531394,-0.1390622752100676,0.21042428921742004,-0.20406990730594274,0.20636753855065143,-0.19626758084542492
2022-08-31 00:00:00+00:00,0.00031666978376221344,11.884240501873025,10.884240501873025,-0.46425967750032854,0.0,7.831112553448147e-05,-0.1406918262330123,0.2144392338886005,-0.20394047966283246,0.20342951179400431,-0.19556727824173517
2022-09-01 00:00:00+00:00,0.0016829488977290197,11.904241071325998,10.904241071325998,-0.6797586184043883,0.0,1.880908503967608e-05,-0.1410231135450994,0.2185396173053102,-0.20443914827838977,0.20510585669392234,-0.19864717612268865
2022-09-02 00:00:00+00:00,-0.00031746754876171845,11.900461861093216,10.900461861093216,-0.563334493795677,0.0,0.0001326689641570761,-0.13979550028646626,0.21710465097482115,-0.20204406702376432,0.20007093609939564,-0.19628851871720956
2022-09-03 00:00:00+00:00,-0.0037818252207859615,11.855456394287932,10.855456394287932,-0.6158186364652246,0.0,0.00017215858060605282,-0.1394796300292461,0.21542632486733618,-0.20209625311844648,0.2012570597677515,-0.20048815194812136
2022-09-04 00:00:00+00:00,-0.005098674276713622,11.795009283731677,10.795009283731677,-0.3250887445260504,0.0,0.00020394973696927977,-0.14141101456931052,0.21955345622286285,-0.20999010968372941,0.20368207696002613,-0.20318740956979026
2022-09-05 00:00:00+00:00,0.012688656410974497,11.944672103897203,10.944672103897203,-0.4869582428698743,4.008669470326521e-05,0.00022015485370034248,-0.16900401563793924,0.2023390216803332,-0.19748614877334733,0.20205951221862503,-0.15034259613886342
2022-09-06 00:00:00+00:00,0.005557745196145714,12.011057547902173,11.011057547902173,-0.5340047610806864,0.0,0.00018437247458011544,-0.15954618480238691,0.1939168995577178,-0.18857550411123486,0.18802202393063472,-0.14028636023269347
2022-09-07 00:00:00+00:00,-0.003048121870790621,11.974446380699087,10.974446380699087,-0.5263442019840923,0.0,0.00016499299341728716,-0.16434126798424817,0.20338751331319105,-0.20024261118924355,0.19689142086815076,-0.1457126425447637
2022-09-08 00:00:00+00:00,-0.003691530353193473,11.930242348422048,10.930242348422048,-0.9423832326414262,0.0,7.621680536615955e-05,-0.16514090518013785,0.20475126824024484,-0.20664262359924418,0.19907786571261188,-0.14625253822886716
2022-09-09 00:00:00+00:00,-0.007343805490518829,11.842628969160486,10.842628969160486,-1.3679822778225847,0.0,0.00014124380929099602,-0.18396187797268737,0.21677485810798922,-0.2147387056531562,0.21365513180967616,-0.15432168247797512
2022-09-10 00:00:00+00:00,0.0009642095973700915,11.854047745670645,10.854047745670645,-1.7991594749569346,0.0,0.0002022221792174986,-0.18625929134192257,0.22357315522233023,-0.2168220073556876,0.21397299543308135,-0.15617778394865245
2022-09-11 00:00:00+00:00,0.0029450080672759338,11.88895801191152,10.88895801191152,-2.853544601116011,0.0,0.00021464838786019842,-0.18726401071988788,0.22190583506390757,-0.21581505373440213,0.2158509454964204,-0.15331091269646763
2022-09-12 00:00:00+00:00,-0.009597841530632367,11.77484967694885,10.77484967694885,-2.8364279708383515,0.00017328382544679142,0.00016706978171465925,0.14406983175262664,0.19619844454948104,-0.21610626109075465,0.2086430518058369,-0.038675953205160325
2022-09-13 00:00:00+00:00,-0.026713720677829844,11.460299631655404,10.460299631655404,-2.545246156834133,0.0,0.000272541132345027,0.13332154225724085,0.1847482347075261,-0.19552132173360087,0.18897849982779924,-0.037051851816061215
2022-09-14 00:00:00+00:00,0.003785724001721613,11.503685163037884,10.503685163037884,-3.988808519106567,0.0,0.0009079405384775256,0.1331777412563113,0.19148541767867241,-0.20146189181211974,0.19096528684549252,-0.03785968879354098
2022-09-15 00:00:00+00:00,-0.022980163621624028,11.239328595739625,10.239328595739625,-4.069052285089741,0.0,0.001085978449446228,0.1327623446087438,0.17639982269331186,-0.19990975604007313,0.18604224000865774,-0.03712105672137001
2022-09-16 00:00:00+00:00,-0.0014509912417070003,11.22302042838454,10.22302042838454,-4.497660832102756,0.0,0.0001588606736717234,0.13364195531964168,0.17205350960767954,-0.1952936730318822,0.18487782760237642,-0.03834306417247255
2022-09-17 00:00:00+00:00,0.0009100929188377016,11.233234419804385,10.233234419804385,-4.0180196034714895,0.0,0.00010245526523518305,0.13560832997731503,0.17601948891552413,-0.20370992248166633,0.18901006185871136,-0.039418123168395616
2022-09-18 00:00:00+00:00,-0.020174863827388645,11.006605445043697,10.006605445043697,-4.0422337083054565,0.0,6.841680067528373e-05,0.1335983145230396,0.16320984016027926,-0.19190697005752144,0.1744058257252239,-0.037155073526626115
2022-09-19 00:00:00+00:00,-0.014947046753281401,10.842089198861707,9.842089198861707,-4.077921381695342,0.0002965588033141077,-0.0002516587711193757,-0.20427266676442324,0.20927228370028375,-0.21310042152489891,-0.20990658351832658,-0.1360945951121699
2022-09-20 00:00:00+00:00,0.01452931650250222,10.99961734438033,9.99961734438033,-4.554448946913525,0.0,-6.907188746947232e-05,-0.1945238216174214,0.19832906178215656,-0.2021926661254674,-0.1995882201345426,-0.13380158897709635
2022-09-21 00:00:00+00:00,0.0020057910354913666,11.021680278243522,10.021680278243522,-4.030089912799999,0.0,-0.00011271902062419158,-0.18981994138600086,0.1862709360180523,-0.1968396191819906,-0.19751382939775253,-0.13069601300218142
2022-09-22 00:00:00+00:00,-0.02846628172616006,10.70793402234738,9.70793402234738,-3.7893807864650695,0.0,-0.0001465198484206063,-0.20539044607904614,0.204293992840481,-0.21438118760735672,-0.21746193956965723,-0.1402965495842215
2022-09-23 00:00:00+00:00,-0.019516478305054097,10.498952860308288,9.498952860308288,-3.7623804563037635,0.0,2.8723345224115502e-05,-0.20827106416486532,0.2085003334024919,-0.22708134290839016,-0.22555818492609409,-0.1521703575315474
2022-09-24 00:00:00+00:00,0.009889489523518646,10.602782144628224,9.602782144628224,-4.484186744289634,0.0,0.00014379051469803336,-0.20227712913825174,0.2048353687006333,-0.2228535372991075,-0.21874807807613714,-0.14996653397462908
2022-09-25 00:00:00+00:00,0.012872984879722438,10.739271598859014,9.739271598859014,-4.437323157603755,0.0,9.73648310934471e-05,-0.19853094858123857,0.1988210180812777,-0.2130960796825085,-0.21253011955626494,-0.1435745810225861
2022-09-26 00:00:00+00:00,-0.01824344860706073,10.543350249367963,9.543350249367963,-5.133905769455284,0.00020084836649850518,-2.5766288369353526e-05,-0.2081890113148987,-0.03364310857014516,-0.21344645548753546,-0.20661716353477771,0.17542770688015716
2022-09-27 00:00:00+00:00,0.010723300747689235,10.65640976498016,9.65640976498016,-5.225034110975687,0.0,8.978811785192944e-05,-0.2044131002768994,-0.033085244876173335,-0.20369759247331562,-0.2012818424188253,0.17169164199401718
2022-09-28 00:00:00+00:00,-0.006978849157678657,10.58204028866795,9.58204028866795,-5.51010523434942,0.0,-0.00019225802186057585,-0.20948955543316827,-0.03354972539697832,-0.20864637557396246,-0.20222749690404748,0.17298409275197635
2022-09-29 00:00:00+00:00,-0.0060754756766195905,10.517749360285139,9.517749360285139,-5.866963959956719,0.0,2.2116273846626676e-05,-0.21267281739251315,-0.03371363224590848,-0.21434514635913307,-0.2044072347391388,0.1751351729255609
2022-09-30 00:00:00+00:00,0.010599843499707662,10.629235857473311,9.629235857473311,-5.656066105572899,0.0,7.242641185959695e-05,-0.2086066714245176,-0.033184573722035086,-0.20771995108715732,-0.20051258372952543,0.17557660504298403
2022-10-01 00:00:00+00:00,0.00617915757170695,10.694915580703476,9.694915580703476,-5.507761352484338,0.0,2.7732308109050583e-05,-0.20617529021933895,-0.032571681298091994,-0.20147273272471533,-0.19661328495042787,0.17141314210805558
2022-10-02 00:00:00+00:00,0.007092797443454035,10.770772450592247,9.770772450592247,-4.965005362664097,0.0,-8.930494463358159e-05,-0.20202313997617696,-0.03147040801119176,-0.19770892924565417,-0.19027586711886618,0.1664678965960458
2022-10-03 00:00:00+00:00,-0.017892890701848185,10.578052196359323,9.578052196359323,-5.337633946879291,0.00013444805111608701,-6.575828105869104e-05,-0.2097368383505964,-0.17592506252480775,-0.007951993494405011,-0.2112581738997689,0.12373012530863295
2022-10-04 00:00:00+00:00,-0.005075729810489649,10.524360861489347,9.524360861489347,-5.023485275783296,0.0,0.00010853435321065913,-0.21844538857529525,-0.18192166155954886,-0.008281742127091481,-0.21592854870983533,0.13577008026235896
2022-10-05 00:00:00+00:00,0.0017673072446431348,10.542960640685095,9.542960640685095,-4.57287644927469,0.0,5.220201481094081e-05,-0.2160974372814853,-0.18038357756848847,-0.008252576756488873,-0.21480562152739516,0.1333063804620425
2022-10-06 00:00:00+00:00,0.003968223845259411,10.584797468499094,9.584797468499094,-4.7353745240689475,0.0,3.315639603178591e-05,-0.21314962190856607,-0.17965598200337624,-0.008053239395303972,-0.2096454362500378,0.1301128151986236
2022-10-07 00:00:00+00:00,0.006776817339029906,10.656528707513738,9.656528707513738,-4.597589982302423,0.0,-8.73659451575125e-05,-0.2071196143421319,-0.17566204177033662,-0.007910233291898064,-0.2066437621041149,0.12699577784508773
2022-10-08 00:00:00+00:00,0.0034596410600571392,10.69339647178793,9.69339647178793,-5.272367887542035,0.0,-5.12268296651794e-06,-0.2051927372869439,-0.1729945383242479,-0.007787294072733871,-0.20434628876293173,0.12505540001032067
2022-10-09 00:00:00+00:00,-0.0018218373887443073,10.67391484228296,9.67391484228296,-5.640339116133462,0.0,-5.453638819663189e-06,-0.2058193575596272,-0.17434771238534444,-0.007882972519652575,-0.2061850242686872,0.12630072426626612
2022-10-10 00:00:00+00:00,0.015216058877572491,10.836329758977332,9.836329758977332,-5.656860491797256,9.174061308582158e-05,0.00011610692865940589,-0.19388205172532733,-0.19206198986927334,-0.19117658217492647,-0.18893224231631034,0.14933054500596205
2022-10-11 00:00:00+00:00,0.014209364489995213,10.990307118256423,9.990307118256423,-5.048169825319782,0.0,4.6075248836612775e-05,-0.19047597654143983,-0.18792027389640178,-0.18170914037972133,-0.18340869935541668,0.1493970834327397
2022-10-12 00:00:00+00:00,-0.006241865548860193,10.921707098883585,9.921707098883585,-4.918211050114614,0.0,-1.4208159689740625e-05,-0.19260784754996146,-0.19121966209116234,-0.18498907038895418,-0.18456070244568584,0.14926181079614306
2022-10-13 00:00:00+00:00,0.005735861414181143,10.98435249720906,9.98435249720906,-4.774858557371006,0.0,-0.00015964846410773916,-0.19368470999015389,-0.18900657006194224,-0.17997657381548354,-0.1800543964388101,0.14791402604742263
2022-10-14 00:00:00+00:00,0.0010053827888023559,10.99539597615589,9.99539597615589,-4.366033696121425,0.0,2.3895842083048305e-05,-0.19148288817506143,-0.19013336667764136,-0.17684543589649313,-0.18010357199611982,0.14533494898032295
2022-10-15 00:00:00+00:00,0.009052424045676855,11.094930963082183,10.094930963082183,-4.341780403427801,0.0,8.716622953834773e-06,-0.1887332813374711,-0.18534087981891403,-0.1729782712756052,-0.17575237893502296,0.1438590673985856
2022-10-16 00:00:00+00:00,-0.012528618467472219,10.955926806122783,9.955926806122783,-4.047517691543792,0.0,-7.077102952042745e-05,-0.19304811235683186,-0.19231500195182602,-0.17848926981214047,-0.1815603633387201,0.14650567788091687
2022-10-17 00:00:00+00:00,-0.021091004105210143,10.724855308878466,9.724855308878466,-4.317075075387494,0.0001800712915370657,6.037538018320396e-05,-0.07536621220933708,-0.20820123875537472,-0.21132083981572936,-0.2098563422333841,-0.20802040900045177
2022-10-18 00:00:00+00:00,0.016032334809141346,10.896799779970003,9.896799779970003,-3.8627010462834153,0.0,0.00020665339214106745,-0.07334299108014228,-0.20172969009175507,-0.20098230345960497,-0.20271057055932404,-0.20402068090446904
2022-10-19 00:00:00+00:00,0.027800322425937996,11.199734327264059,10.199734327264059,-3.240301519365791,0.0,0.0002242238404634413,-0.0706049971611793,-0.1924554377263839,-0.18717385890428417,-0.18703044178884198,-0.19481336251841508
2022-10-20 00:00:00+00:00,0.0025362178476027175,11.228139293353275,10.228139293353275,-3.311801776479893,0.0,0.00012272644178053252,-0.0701242905546123,-0.19163228797171494,-0.18126247199438275,-0.1876736586287096,-0.19687301059538156
2022-10-21 00:00:00+00:00,-0.009877394632729408,11.11723453056157,10.11723453056157,-3.4004363427029274,0.0,2.4403593707841946e-05,-0.0712561997417078,-0.1960919805578427,-0.18359379311825827,-0.19631089949213323,-0.19856916310002545
2022-10-22 00:00:00+00:00,-0.0026908448173511568,11.087319777641731,10.087319777641731,-3.3900489361142516,0.0,-3.833520268846517e-06,-0.07161335845376109,-0.19875666336952874,-0.1834335603137905,-0.19671495072325004,-0.20027988094912905
2022-10-23 00:00:00+00:00,-0.02761513199975596,10.78114197845865,9.78114197845865,-3.904369174233962,0.0,0.00016176242268801168,-0.07504985593301396,-0.21222276553699956,-0.19720538229789975,-0.21069846898963024,-0.20834983369222213
2022-10-24 00:00:00+00:00,0.013927856171834563,10.93130017330275,9.93130017330275,-3.599989369821888,0.00014571357812612326,9.450695028514858e-05,0.14057359054840546,-0.19422676668808894,-0.11479244297059785,-0.1903313905809854,-0.10787526731347558
2022-10-25 00:00:00+00:00,-0.039002848158682824,10.504948332466439,9.504948332466439,-3.847901489916669,0.0,-7.898435226619296e-06,0.15195948465251233,-0.2196424822156771,-0.13030676442510197,-0.209141751872916,-0.11903781531877765
2022-10-26 00:00:00+00:00,-0.03526634383085636,10.134477212648296,9.134477212648296,-4.1164851615488205,0.0,0.00014290180953130418,0.16293019665440708,-0.24424928060741533,-0.13690907753121181,-0.2216259762550828,-0.1422532358650532
2022-10-27 00:00:00+00:00,0.0007867800026724048,10.142450816656746,9.142450816656746,-4.1452032275501836,0.0,0.00013819427369206108,0.15909405615345365,-0.23598931702134823,-0.13373905245565684,-0.21996601395447138,-0.15040134010393733
2022-10-28 00:00:00+00:00,-0.04282578596912212,9.708092388780257,8.708092388780257,-4.6037372631004265,0.0,4.6971229921015774e-05,0.16864819658161992,-0.25307769142065556,-0.14653296279670175,-0.24944171362417242,-0.17138357587728756
2022-10-29 00:00:00+00:00,-0.08936986612890119,8.84048147162796,7.84048147162796,-5.0686518435403425,0.0,8.322236904344832e-05,0.1871240708247764,-0.28954634417330194,-0.16492912479219443,-0.27332401136739237,-0.2733113103076696
2022-10-30 00:00:00+00:00,0.013120488415481857,8.956472906363738,7.956472906363738,-4.851854177219661,0.0,0.00019357123278101275,0.18309231282425342,-0.2806890716207222,-0.16304090575752553,-0.2692087302444117,-0.2608392263027293
2022-10-31 00:00:00+00:00,0.0013562641325215452,8.968620249320539,7.968620249320539,-4.749994084465783,0.00045808790490938097,-6.338767194346034e-05,0.07720272229938059,0.07532588233908427,0.14015496638828617,-0.19876009661596628,0.21504133962735333
2022-11-01 00:00:00+00:00,0.03125026775230544,9.248892033480555,8.248892033480555,-4.277449854865088,0.0,-2.3369020045878917e-05,0.0748270411957151,0.07331600974289668,0.1344042211128648,-0.18621440705753842,0.23359524406931279
2022-11-02 00:00:00+00:00,-0.026462829331916682,9.004140182089236,8.004140182089236,-4.5881531282583135,0.0,-6.14306094137711e-05,0.07561453104545368,0.07241563101397311,0.1320942822972884,-0.1839596538535096,0.2156124271375497
2022-11-03 00:00:00+00:00,-0.008887493906133082,8.92411594109095,7.92411594109095,-4.714663588960265,0.0,-5.29550590727094e-05,0.076518351262848,0.07369150376181009,0.13345194235416472,-0.18685342381734052,0.20885084971644846
2022-11-04 00:00:00+00:00,0.01346477490150555,9.044277153432677,8.044277153432677,-4.824074969231046,0.0,-6.925809103609406e-05,0.07900738742244473,0.0781207283927507,0.1440224789898055,-0.19821254026577156,0.21201443732364125
2022-11-05 00:00:00+00:00,0.008147216946796432,9.117962841528648,8.117962841528648,-4.844565828524685,0.0,-0.00010125576738772958,0.07893356023525668,0.07664197033516801,0.156288641309148,-0.19882289775937076,0.20754778186695685
2022-11-06 00:00:00+00:00,-0.024766548378810982,8.892142373697729,7.8921423736977285,-5.066077798223605,0.0,-0.00010322708049725932,0.07945582963188991,0.07575190082007688,0.14162103723512412,-0.1895751493772923,0.1961873005767612
2022-11-07 00:00:00+00:00,-0.014349959539805668,8.764540490412974,7.7645404904129744,-5.198498956339398,0.0001586205704580327,-0.00010690877192078323,0.1997597094004873,-0.1024289973837167,0.05858996170607605,-0.11611056105268196,0.19668668411958798
2022-11-08 00:00:00+00:00,-0.043369406002277344,8.384427575460855,7.384427575460855,-5.647374465180395,0.0,-6.363270803232125e-05,0.18806889147857828,-0.09108062788179333,0.049303271787772614,-0.10745993745245765,0.16311785330609416
2022-11-09 00:00:00+00:00,-0.03803371879914097,8.065536614764014,7.065536614764014,-5.953642989451436,0.0,0.002232286485713937,0.16777282990992692,-0.07821432008332108,0.025174450250453125,-0.08980552658826438,0.14314856783580854
2022-11-10 00:00:00+00:00,0.032196629276820765,8.325219707068195,7.325219707068195,-5.592567570181296,0.0,0.004100138805018515,0.17973885760614391,-0.08930756107335863,0.036719295876001146,-0.10422514817826536,0.16712796829984927
2022-11-11 00:00:00+00:00,-0.005919563089678448,8.27593804377677,7.275938043776771,-5.677551293962151,0.0,0.0013501279444051823,0.17536371649146748,-0.08917710302117954,0.03444466683966928,-0.09611261098118022,0.15935349504495577
2022-11-12 00:00:00+00:00,0.008992642859124267,8.350360598928695,7.350360598928695,-5.231116343899513,0.0,0.000534440206205883,0.17123936530070144,-0.08619991458725812,0.03025962526309616,-0.08828046154888089,0.16359760897874392
2022-11-13 00:00:00+00:00,-0.010712853358093799,8.260904410345168,7.260904410345168,-5.142576178357852,0.0,0.00012542529345683243,0.1680914848326682,-0.08463476477641274,0.027574789372968665,-0.0887249962086324,0.1594182219739375
2022-11-14 00:00:00+00:00,-0.008811619257070968,8.188112465962147,7.188112465962147,-5.47329404313423,0.00023167539599049992,-0.0005648654846133756,-0.19317660543681656,-0.18523968219010573,-0.032718893476561185,-0.2035297853973747,0.20408303294577113
2022-11-15 00:00:00+00:00,-0.009138978211186033,8.113281484544979,7.113281484544979,-5.258709170903406,0.0,-0.0004326340608559655,-0.19828214568749689,-0.18844030570272155,-0.03373774010073843,-0.211321815616371,0.20862652063106038
2022-11-16 00:00:00+00:00,0.011344787279017332,8.205324937121931,7.205324937121931,-4.863758041318402,0.0,-0.0005885541011094407,-0.19329842807744518,-0.18081911666033632,-0.033251999012338905,-0.2017567604262458,0.2025170545232212
2022-11-17 00:00:00+00:00,0.003509397885856247,8.23412068710903,7.23412068710903,-4.4127080274917505,0.0,-0.0008587338269534534,-0.19298684699550256,-0.17780360548751187,-0.031655215387734595,-0.19826052725005724,0.19987176468322698
2022-11-18 00:00:00+00:00,-0.0030687355672796013,8.208852348091225,7.208852348091225,-4.390380356009772,0.0,-0.00022650936095260356,-0.1936690867982085,-0.18018541784880643,-0.030906384666905207,-0.2008349271290632,0.20067656970473519
2022-11-19 00:00:00+00:00,0.0011763178317856227,8.218508567486781,7.218508567486781,-4.5144117841916716,0.0,-0.0002071513490220011,-0.1934786275851672,-0.18069684939250805,-0.029892065307826572,-0.19896154257474713,0.19996743590778032
2022-11-20 00:00:00+00:00,0.010413201325211396,8.304089551792996,7.3040895517929965,-4.378856286356238,0.0,-0.00016604707543382992,-0.18666338782103623,-0.16776279605717953,-0.028233512351993253,-0.1861635151243016,0.18038568892600143
2022-11-21 00:00:00+00:00,0.004366278129179113,8.340347516385735,7.3403475163857355,-4.491255411375984,0.00012433303800343505,-0.0005161720918931651,-0.11374295743804068,0.03700434338160111,-0.07219661118388704,-0.19303957167633654,0.1929782571249494
2022-11-22 00:00:00+00:00,-0.004394953062994422,8.303692080522158,7.303692080522158,-4.498235133293096,0.0,-0.0003676969913995933,-0.11748706053432734,0.038247519322822325,-0.0762070012194067,-0.20267810227252966,0.20442534764374004
2022-11-23 00:00:00+00:00,-0.0163485217422783,8.167938990002558,7.167938990002558,-4.744504641613911,0.0,-0.0001647807446727971,-0.12220249327597053,0.04040970692883216,-0.089343676751844,-0.2178675045739807,0.21629743307982696
2022-11-24 00:00:00+00:00,-0.0009909637447803599,8.159844858593887,7.159844858593887,-4.405288135409282,0.0,-0.000510472354242702,-0.12229865104450849,0.041102069416048374,-0.09105482539382255,-0.2162452239443824,0.21513781267923038
2022-11-25 00:00:00+00:00,0.027086070750711233,8.380862993748588,7.380862993748588,-3.9488236936327286,0.0,-0.0002213349303057216,-0.11852586193154692,0.03987275641591797,-0.08515382705148448,-0.20849219335266278,0.23009934659683517
2022-11-26 00:00:00+00:00,-0.0008587908559659629,8.373665585244453,7.373665585244453,-3.7473360956568564,0.0,-0.0001944705083262733,-0.11814722565510147,0.040116460610502676,-0.08594459242714433,-0.20784081689776088,0.22882927886053706
2022-11-27 00:00:00+00:00,0.023401958415663948,8.56962575905702,7.56962575905702,-3.440455795877445,0.0,-0.0002808238115646456,-0.11525888612582327,0.0388223723494535,-0.08377728159016687,-0.20456811231417482,0.24820590125364364
2022-11-28 00:00:00+00:00,0.0024563619588255925,8.59067586177294,7.59067586177294,-3.593986168584683,9.431392827963983e-05,-0.00021844231874240783,-0.19684177719986784,-0.018010845892700914,-0.008576663026763985,-0.19306643015048938,0.19227108968744666
2022-11-29 00:00:00+00:00,0.008962201061518904,8.667667226100486,7.667667226100486,-3.485114562402324,0.0,-8.537009905794772e-05,-0.19784673455318755,-0.01859306211069346,-0.008515165739499352,-0.19158221029241052,0.20327144758199256
2022-11-30 00:00:00+00:00,-0.010158099404107945,8.579620200816029,7.579620200816029,-3.6215084415904713,0.0,-5.506215897471291e-06,-0.20863568650465225,-0.019993340804296603,-0.009135372800252738,-0.2040368205367776,0.21609010640893864
2022-12-01 00:00:00+00:00,-0.003633490961785557,8.548446228360811,7.548446228360811,-3.660646933890277,0.0,-3.977005710991379e-05,-0.2071650212862799,-0.019782164760689645,-0.008732977041377626,-0.2011160123435971,0.20665512486305013
2022-12-02 00:00:00+00:00,-0.01168729666969237,8.448538001225046,7.448538001225046,-3.7483246823588976,0.0,6.4053051552160794e-06,-0.21100442067129993,-0.020318921380940113,-0.00897643403723526,-0.21419291049646388,0.20979811600232373
2022-12-03 00:00:00+00:00,0.001464713673294149,8.460912690354785,7.460912690354785,-3.670744714996662,0.0,-1.1346042713301277e-05,-0.20818591304188602,-0.01942373972201973,-0.008692502732723501,-0.21118526513928082,0.20462463421231095
2022-12-04 00:00:00+00:00,-0.00288971177760855,8.43646309130415,7.43646309130415,-3.868716696210572,0.0,-5.647931890520276e-05,-0.21151052137112755,-0.020093771175565888,-0.008987313769876165,-0.2199512493360635,0.21413478847651413
2022-12-05 00:00:00+00:00,-0.0020060076919278247,8.419539481450329,7.419539481450329,-3.962455146590774,9.146759319855764e-05,-1.951859590844472e-05,-0.19872899916388412,0.06928048643159077,-0.0646009345891303,-0.12684975540309767,0.19546947900649006
2022-12-06 00:00:00+00:00,-0.0060677787655053494,8.36845157856945,7.36845157856945,-3.9973800948444516,0.0,-6.373399524832104e-06,-0.20136056851672854,0.07037130312410607,-0.0672120236979559,-0.12821539409633892,0.19412282423474878
2022-12-07 00:00:00+00:00,-0.0003208279166463379,8.365766745683942,7.365766745683942,-3.957239796341972,0.0,-1.540182738401507e-05,-0.19846961225686893,0.06818410703228553,-0.06349551738582539,-0.12447324662263351,0.185612428986345
2022-12-08 00:00:00+00:00,0.001133788968396221,8.375251759732375,7.375251759732375,-3.8576482425465692,0.0,-6.177101133638236e-05,-0.20281573816646709,0.07081272639456758,-0.06428417934341148,-0.12570135109272956,0.19069112550371403
2022-12-09 00:00:00+00:00,-0.0033330192898137767,8.347336884060141,7.347336884060141,-3.9092077740899547,0.0,-4.3994212017612105e-05,-0.2023829028154721,0.07008239208405088,-0.06406979100690517,-0.1265545108675088,0.18788829149401765
2022-12-10 00:00:00+00:00,-0.0007314948214386385,8.341230850356647,7.341230850356647,-3.954503837169578,0.0,-3.08706056618652e-05,-0.20250739582603747,0.07033204301395973,-0.06402697871683558,-0.1269013696226199,0.1872671921210206
2022-12-11 00:00:00+00:00,-0.001338411219786173,8.330066853399703,7.330066853399703,-3.8599633269981743,0.0,-4.3095105511176666e-05,-0.20227303470588565,0.07023436415572137,-0.06338466340822972,-0.12230084320154529,0.18040856726221288
2022-12-12 00:00:00+00:00,-0.005363673602208574,8.28538709371349,7.28538709371349,-3.6437573390091527,4.2261017785513656e-05,-3.085548881461404e-05,-0.1562812684673392,0.09165791112185384,-0.048628986616940054,-0.14184917678788178,0.19585982901729634
2022-12-13 00:00:00+00:00,-0.010651377244688787,8.197136310160072,7.197136310160072,-3.81411687646393,0.0,-3.485434204889623e-05,-0.16326385336180696,0.09600057554671834,-0.05133232368887681,-0.15169471896063882,0.19968000876164016
2022-12-14 00:00:00+00:00,-0.007748441342327106,8.133621280285737,7.1336212802857375,-3.6574986948725416,0.0,-2.0073319204835726e-05,-0.16478682404454,0.09577618933615084,-0.052574667719048736,-0.1524345554441561,0.19506943542825358
2022-12-15 00:00:00+00:00,-7.278790198517182e-05,8.133029251057204,7.133029251057204,-3.6406795904976117,0.0,3.6035475181656525e-05,-0.16061403145092634,0.09274361174095255,-0.0522954944004482,-0.14644122772737705,0.18754214104176342
2022-12-16 00:00:00+00:00,0.0007948813211728911,8.139494044093421,7.139494044093421,-3.6421090914359926,0.0,-1.9732659128715187e-05,-0.15375598048439176,0.08534716080420154,-0.04553803763792545,-0.13141466330474977,0.1671732841758185
2022-12-17 00:00:00+00:00,0.005560568038561753,8.184754254525071,7.184754254525071,-3.3490475057850424,0.0,-7.278408440763378e-05,-0.15422930625984174,0.08634898703949871,-0.04621125975713799,-0.1319586028003568,0.1738965128391259
2022-12-18 00:00:00+00:00,-0.0009168610440907221,8.177249972193641,7.177249972193641,-3.1897336044844704,0.0,-0.00013232512337488293,-0.15402376625129202,0.08613684540283964,-0.045809241636014256,-0.1318253405575,0.17251636261326134
2022-12-19 00:00:00+00:00,-0.007613662783500619,8.114991148408969,7.1149911484089685,-3.4719536966488986,6.211126860991539e-05,-5.816576176794787e-05,-0.17043116376703354,0.0135687923841114,-0.014709215242211336,-0.15435260805924472,0.1832017250158789
2022-12-20 00:00:00+00:00,-0.003160430994024188,8.089344278867305,7.089344278867305,-3.53568376497604,0.0,9.570391673438055e-06,-0.17573771334405636,0.014183241538364257,-0.015147937638713901,-0.16240519588416327,0.19275258934572928
2022-12-21 00:00:00+00:00,0.0012441821485327242,8.099408896612406,7.099408896612406,-3.2153094279128314,0.0,3.5864217785698236e-05,-0.17481672582510993,0.014130674896967949,-0.014980874392871922,-0.1589291566767331,0.18962974846996752
2022-12-22 00:00:00+00:00,0.006585435719923094,8.15274703327042,7.152747033270421,-2.908677912000262,0.0,-3.287598072973333e-06,-0.17363067826488696,0.014086594435075407,-0.01449873490678533,-0.15990045812713444,0.19647098161756205
2022-12-23 00:00:00+00:00,0.002388703690434202,8.172221530195971,7.172221530195971,-3.007445256830464,0.0,9.32272525435076e-05,-0.17281414423849942,0.014077382851577171,-0.014412762575520353,-0.15854993619849186,0.196844769250506
2022-12-24 00:00:00+00:00,0.0021127155395361807,8.189487109615348,7.189487109615348,-3.15186694180163,0.0,-9.36703659829503e-06,-0.17298947059725653,0.014053002895893906,-0.01395598786089721,-0.15680483110801532,0.19724451336839072
2022-12-25 00:00:00+00:00,-0.0038448583901269373,8.157999691391106,7.157999691391106,-2.988659696843443,0.0,-1.8818688441854676e-05,-0.17361072234721928,0.014084115861908176,-0.013948530759503284,-0.1574505157698233,0.19412084489676637
2022-12-26 00:00:00+00:00,-0.0037532312259466183,8.127380832208114,7.1273808322081145,-3.177912463780569,9.355882336594288e-05,7.044681790232793e-05,-0.20179060004927402,-0.17590234321966336,-0.009420867959509834,-0.2013193727962169,0.19996822637106837
2022-12-27 00:00:00+00:00,0.0010597358759374398,8.135993709253412,7.1359937092534125,-3.0786840181104367,0.0,6.545996165396138e-05,-0.1990180723386403,-0.17338578798137547,-0.009213120681518496,-0.19997248607564772,0.19452896723571023
2022-12-28 00:00:00+00:00,0.004844226575705157,8.175406306199548,7.175406306199548,-2.941138032332364,0.0,8.874902623352585e-05,-0.1961703480371964,-0.16950715587496973,-0.008062208793866136,-0.19153772077099296,0.1848154552111859
2022-12-29 00:00:00+00:00,0.0031239878873792204,8.200946176474519,7.200946176474519,-3.0417446740903262,0.0,8.287507033542396e-05,-0.19663896659282118,-0.17045898731393191,-0.00792580663617234,-0.1869022125486854,0.18568049396229644
2022-12-30 00:00:00+00:00,-0.00476597336547524,8.161860685425745,7.161860685425745,-3.1819588345028973,0.0,-6.078629180075113e-05,-0.19723490045159647,-0.1711768261695944,-0.00818161789402979,-0.18611911205919784,0.17993749510007212
2022-12-31 00:00:00+00:00,0.005528576237560756,8.206984154465472,7.206984154465472,-3.203122720318203,0.0,8.00342711205034e-05,-0.19539900571027807,-0.16973048970868743,-0.00821159933661595,-0.1856748055985378,0.18376408909305272
2023-01-01 00:00:00+00:00,-0.0007021739277883743,8.201221424166434,7.201221424166434,-3.0027508049175373,0.0,5.865690194975968e-06,-0.19639589220810166,-0.17039788524602154,-0.008224788733556313,-0.18507248162313264,0.1838670222299919
2023-01-02 00:00:00+00:00,-0.00546206720180098,8.156425801610787,7.156425801610787,-3.0074494220852768,0.00021455655625393806,0.0001482772267104066,-0.1477715580373603,-0.04992564636298004,0.03951368366072262,-0.2066463056904364,-0.20434890646173498
2023-01-03 00:00:00+00:00,0.006361462915506877,8.208312601870817,7.2083126018708175,-2.9466703901533706,0.0,0.0005904610679678961,-0.14684802971985997,-0.049650944734688604,0.04647222976376751,-0.2092952575645656,-0.20052428737901035
2023-01-04 00:00:00+00:00,-0.022524576677620978,8.023423835276096,7.0234238352760965,-3.254872095327536,0.0,0.0007066587139943147,-0.1518084241220202,-0.05255876864974616,0.04782496637198559,-0.2271982645443614,-0.21277325366145355
2023-01-05 00:00:00+00:00,0.01153612913177482,8.115983088718801,7.115983088718801,-3.189048358619334,0.0,0.00025237945922603296,-0.14991404692563734,-0.0517397580202711,0.04732539455859239,-0.21848591493718805,-0.20574137632439662
2023-01-06 00:00:00+00:00,-0.004334078555384369,8.080807780458123,7.080807780458123,-3.28762850523406,0.0,0.0003580822371034777,-0.15164056884272795,-0.05269019854530786,0.04776165283981894,-0.21997888397542503,-0.20923870952713872
2023-01-07 00:00:00+00:00,0.0002570453674601847,8.082884914663426,7.082884914663426,-3.2613998599677023,0.0,0.00021523755487605636,-0.15153628491777052,-0.05247359894294583,0.046346964626631806,-0.21932453579764435,-0.2086069208849275
2023-01-08 00:00:00+00:00,-0.008261440364460748,8.016108642968135,7.016108642968135,-3.5721756506516757,0.0,0.0002187291820679568,-0.15449653444468722,-0.053999372498890225,0.05165381856081844,-0.22766932112322308,-0.21451193156639245
2023-01-09 00:00:00+00:00,0.027120609582486743,8.23351039584487,7.2335103958448705,-3.372231303767023,0.00031547471157088695,1.1231874794300336e-05,0.08263361886373326,0.19928695022088136,0.21871905403662834,-0.1362279450281438,-0.043453799693680364
2023-01-10 00:00:00+00:00,-0.004787618967334373,8.194091485305979,7.194091485305979,-3.3548335053138243,0.0,-2.864448572317669e-05,0.0842841248545079,0.2025175840475869,0.21893287795443905,-0.1430878865588994,-0.04492667395540882
2023-01-11 00:00:00+00:00,-0.022216395539171097,8.012048307784267,7.0120483077842675,-3.678532147452056,0.0,3.2809002221804416e-05,0.08870617969247244,0.21548878359677318,0.22617526666391125,-0.18206734257340548,-0.04611862037748166
2023-01-12 00:00:00+00:00,0.014943320465530263,8.131774913232798,7.131774913232798,-3.4880559399476265,0.0,-6.401096429776609e-05,0.09179701252500866,0.2163782111685658,0.22596546097335649,-0.1749467808261971,-0.04667241418098664
2023-01-13 00:00:00+00:00,0.02574577247686549,8.341133739981972,7.341133739981972,-3.2448177236629645,0.0,0.00011654674171144669,0.0946531151826151,0.21617679125050768,0.24294222070617114,-0.17618714448842557,-0.047921703046635
2023-01-14 00:00:00+00:00,0.08661560771649168,9.063606107915044,8.063606107915044,-1.816623253052156,0.0,-0.00028094737199807176,0.09164892418652855,0.21256463761796882,0.2968516301435076,-0.1721524837565093,-0.04555742437763793
2023-01-15 00:00:00+00:00,-0.015122222804056396,8.926544236942947,7.926544236942947,-1.7581558950716543,0.0,-0.000211248397227197,0.0927005672905392,0.21627394712561215,0.28428054101178246,-0.1735163631942866,-0.04563713573794624
2023-01-16 00:00:00+00:00,0.01592274847090902,9.068679355542232,8.068679355542232,-1.7594168859138914,0.00024995108072317136,-0.0002671165683260573,0.19969638746910096,0.1998112143944965,0.20281439502771562,0.19617246838796248,-0.17062029466282563
2023-01-17 00:00:00+00:00,-0.0024472067276845033,9.046486422412135,8.046486422412135,-2.1073139770682072,0.0,-0.00017963274175546176,0.19964397158779712,0.19887004311893758,0.1968854887591653,0.2009828713308603,-0.16924103365699314
2023-01-18 00:00:00+00:00,-0.03850048057364053,8.698192347646355,7.698192347646355,-2.5031077957960943,0.0,-0.00018814240234193015,0.20320747010809712,0.19967653635357488,0.18639328227314994,0.19307057409049866,-0.16994089738058488
2023-01-19 00:00:00+00:00,0.015156052752263616,8.830022609716618,7.830022609716618,-2.2306090910271936,0.0,-0.0001837220896334207,0.2039322073343709,0.20182859765418898,0.1889412127642201,0.1944670949251194,-0.1707944907813912
2023-01-20 00:00:00+00:00,0.07164061706969593,9.462610878216083,8.462610878216083,-1.350397236381185,0.0,-0.00018551238656895253,0.20468600406986312,0.20143732379072052,0.2101178584842531,0.1962384277734006,-0.16841971161093547
2023-01-21 00:00:00+00:00,-0.014660031798039097,9.323888701848965,8.323888701848965,-1.2307431703013285,0.0,-0.0002438847894656651,0.20883871016694167,0.20056748364442664,0.2053120437444287,0.19222580561623423,-0.16793235602034046
2023-01-22 00:00:00+00:00,-0.005724749001548957,9.270511779312502,8.270511779312502,-1.4287623413994668,0.0,-0.0002085125832360592,0.2093284640501228,0.2017855006076668,0.20339221903631674,0.19863329008281935,-0.1759965396676617
2023-01-23 00:00:00+00:00,0.009977029295419548,9.363003946918234,8.363003946918234,-0.9587599109881114,5.283549229175239e-05,-0.0002318077511028991,0.19983223601360237,0.19786303460330953,0.19925782332120529,0.20540940323449725,-0.04065142899672868
2023-01-24 00:00:00+00:00,-0.03358000856330645,9.048594194202447,8.048594194202447,-0.9431243334170802,0.0,-0.0002672964487371324,0.20419751210309423,0.19581443447424052,0.19282664786247075,0.20070183215902201,-0.0398325537117308
2023-01-25 00:00:00+00:00,0.03384234598400204,9.354819849591479,8.354819849591479,-0.6007667784339342,0.0,-0.00020921881924689797,0.20129457850648946,0.19615059902807647,0.2009639068025282,0.20332737490582803,-0.039763958551278365
2023-01-26 00:00:00+00:00,-7.072615148029371e-05,9.354158219185726,8.354158219185726,-0.1801352227661235,0.0,-0.00022859175020749315,0.20079639132331642,0.19485947726801575,0.19942986715968658,0.20676886474107647,-0.039670327841400746
2023-01-27 00:00:00+00:00,0.035931671407934074,9.690268758615332,8.690268758615332,1.2035875301322787,0.0,-0.0002277336263590343,0.1943887039871675,0.18767648529005557,0.1932717064669783,0.2340137105391377,-0.038697772974401703
2023-01-28 00:00:00+00:00,-0.014955692721897451,9.54534407666888,8.54534407666888,0.8879269526900313,0.0,-0.0003213482627022249,0.19689436088987497,0.1874767160000127,0.19268192481888974,0.22993177233555742,-0.03948783683671814
2023-01-29 00:00:00+00:00,0.03552069817104031,9.884401362554962,8.884401362554962,1.246731043766058,0.0,-0.0002393543793467731,0.1961248997908201,0.18958823920644668,0.2022594582807518,0.22692029867622432,-0.03918943471321299
2023-01-30 00:00:00+00:00,-0.04180333968636363,9.471200374799722,8.471200374799722,0.4395323167326093,7.149701413627373e-05,-0.00024810226016085254,0.2006188909232866,0.1985962802267005,0.1916472733465708,0.19638076719247768,-0.20440527819357476
2023-01-31 00:00:00+00:00,-0.01309772079864402,9.347149236662583,8.347149236662583,0.5888909443722213,0.0,-0.0001748513800486383,0.20594938303044213,0.20368644735874913,0.19383407395609212,0.1995613356582463,-0.22555252089664374
2023-02-01 00:00:00+00:00,0.037967803544803,9.702039962584143,8.702039962584143,1.0797911866775631,0.0,-0.00015351453672923635,0.20365627315047308,0.20326553888097934,0.19531843403113605,0.20351170811422767,-0.21266993844756196
2023-02-02 00:00:00+00:00,0.002010672386385748,9.721547586428523,8.721547586428523,0.9592252178666247,0.0,-0.000220517021347287,0.2012185587105863,0.20310601033277098,0.18950213364085688,0.20554452626222913,-0.20525260172744272
2023-02-03 00:00:00+00:00,0.0016379423291545958,9.737470920725224,8.737470920725224,0.8900163544218277,0.0,-0.00013276336900832592,0.20030462482913572,0.20522496276328747,0.19205561376709837,0.2067268212734507,-0.20939712600723664
2023-02-04 00:00:00+00:00,-0.013021825316248292,9.610671275373493,8.610671275373493,1.0230599872037216,0.0,-0.00018574878563292716,0.20206279407049213,0.20827757967044716,0.1917120308858645,0.2060932307525616,-0.21838708242896168
2023-02-05 00:00:00+00:00,-0.015708384202026804,9.459703158540544,8.459703158540544,1.007728934116702,0.0,-8.498055875195167e-05,0.20182478884776545,0.2068448951366365,0.18793158558267636,0.19999433183986456,-0.2132977859097817
2023-02-06 00:00:00+00:00,-0.010271938003355574,9.362533674165869,8.362533674165869,1.4038789393740259,1.1914543365074975e-05,-0.00015186219060978648,0.2005618850167133,0.2002026429530775,0.19493390640253713,0.19689296649343913,-0.1965845655997379
2023-02-07 00:00:00+00:00,0.027557249780570503,9.62053935320386,8.62053935320386,2.1635129878010315,0.0,-0.00012378195549769266,0.19926905498285363,0.20166764970931586,0.19961258374878435,0.2041133821158603,-0.19770099797333268
2023-02-08 00:00:00+00:00,-0.01228936536129177,9.502309030119653,8.502309030119653,1.6812952206363714,0.0,-0.00016006923766171603,0.19933272384576145,0.20170181233559328,0.1969455943239344,0.19930900976460392,-0.19505569699282088
2023-02-09 00:00:00+00:00,-0.04937824956923831,9.033101643346377,8.033101643346377,1.1400275093987524,0.0,-0.00012373503112001548,0.1990680307878941,0.19860409732636805,0.1828250684105438,0.18652701047705358,-0.1853218332781584
2023-02-10 00:00:00+00:00,-0.009196565733715079,8.950028130304013,7.950028130304013,0.9400340409961826,0.0,-9.907234311404106e-05,0.1993042652953577,0.19624050025665737,0.18097249723869893,0.18697459368282698,-0.18557209910296987
2023-02-11 00:00:00+00:00,0.01086046557649012,9.047229602721798,8.047229602721798,1.177144773515076,0.0,5.137755619345195e-05,0.19928522204748067,0.19739150490733445,0.18521323113424482,0.18731831823923406,-0.18680460595117834
2023-02-12 00:00:00+00:00,0.0005546009397818796,9.052247204761889,8.052247204761889,1.281759270241204,0.0,0.00014552786813354382,0.19844373595127582,0.19431064001863219,0.19135455423298006,0.18483204278605153,-0.18645127887194626
2023-02-13 00:00:00+00:00,-0.009635790456285265,8.96502164753831,7.965021647538309,1.276101057237069,1.5612711848689948e-05,9.741847900961166e-06,0.20189730447734863,0.20065735373988822,0.1950336681013807,0.20023773395750824,-0.20172140797599167
2023-02-14 00:00:00+00:00,0.022949308395435075,9.170762694099418,8.170762694099418,1.3958262019489347,0.0,5.1363298180405405e-06,0.20118713461715507,0.2026848979042677,0.2006560792807951,0.20157920610856367,-0.20094651542999098
2023-02-15 00:00:00+00:00,0.06018526802161772,9.722707504806444,8.722707504806444,1.919579966326089,0.0,-8.06825995619746e-05,0.20811363939992855,0.2059400439441674,0.20682560944043743,0.20916932712870853,-0.20239723371382354
2023-02-16 00:00:00+00:00,-0.029864238262019782,9.432346251330976,8.432346251330976,1.6194665168769748,0.0,-0.0002226114263116841,0.20741429358350186,0.20771718538069253,0.1988527416059222,0.2008937430451053,-0.19845933134834534
2023-02-17 00:00:00+00:00,0.026636622757986617,9.683592100150388,8.683592100150388,1.8659340149166934,0.0,-0.00018492558968006295,0.21109169206259362,0.20913219347652265,0.201430000318977,0.20474204316911704,-0.1998449504672169
2023-02-18 00:00:00+00:00,0.001318572335064383,9.696360616797694,8.696360616797694,1.7749200101228775,0.0,-0.00018796529356799804,0.21128883557889155,0.2085535236190612,0.2039285273935309,0.20556541733673733,-0.2021058364816797
2023-02-19 00:00:00+00:00,0.014318362063700185,9.835196618809206,8.835196618809206,1.8728335561655671,0.0,-0.0001941734841773663,0.2051694078321814,0.204230018173192,0.21295138325845442,0.20546111021247018,-0.19512791512804897
2023-02-20 00:00:00+00:00,0.03073872040836867,10.137517977836115,9.137517977836115,2.208552316207961,0.00011866561415998017,-0.00031293429423705986,0.19868180997525453,0.19671323351852404,0.2052381783097826,0.20396268387034544,0.114324057948676
2023-02-21 00:00:00+00:00,-0.021224036804893265,9.922358923164253,8.922358923164253,2.153797851305878,0.0,-0.0003334733894999126,0.19966952358384443,0.19572932460601913,0.19925642708523927,0.2098648644960101,0.11298236741722338
2023-02-22 00:00:00+00:00,-0.018031403772169496,9.743444863048289,8.743444863048289,1.9725779355365738,0.0,-0.00031291310073895494,0.20107245313014244,0.19725833227918657,0.19610892601585805,0.20675573426819008,0.11511085979680707
2023-02-23 00:00:00+00:00,-0.01098957120639299,9.636368581930256,8.636368581930256,1.6010874722615656,0.0,-0.00023181715250956606,0.20126702007418001,0.2003830718861182,0.19634990363348023,0.20294962273293235,0.1146611023214902
2023-02-24 00:00:00+00:00,-0.037032593326409624,9.279508863092243,8.279508863092243,1.2147360251426542,0.0,-0.00022238413529055041,0.20242823821862885,0.2027194438614094,0.1966604350130731,0.19645328948613672,0.11433491326168112
2023-02-25 00:00:00+00:00,-0.013114252988095543,9.157815036256377,8.157815036256377,0.8571889009409962,0.0,-0.0001331112821524174,0.20485800237049523,0.20368395508085468,0.19321604658185867,0.19420098660202043,0.11561074361095236
2023-02-26 00:00:00+00:00,0.024405094095805824,9.3813123739282,8.3813123739282,1.0676311818118684,0.0,-5.855813094490594e-05,0.20342565870666143,0.20468314507015176,0.19602787573842476,0.1947549005562871,0.11484205115287319
2023-02-27 00:00:00+00:00,-0.013002414907703486,9.259332658063613,8.259332658063613,0.8500013192049873,1.474554829452527e-05,-0.00020161583312568813,0.20206977871712284,0.20165718777609068,0.1976352819571301,0.19708773241394598,0.09034526673994821
2023-02-28 00:00:00+00:00,-0.023300357808062055,9.043586894066857,8.043586894066857,0.7168482293840528,0.0,-0.00017891669350047712,0.2038029034786367,0.20294210044307165,0.1952970968149518,0.192362820751404,0.09192058647148171
2023-03-01 00:00:00+00:00,0.026168816223423486,9.280246857498254,8.280246857498254,1.0008530310133574,0.0,-0.00020815656735696716,0.20281480190423165,0.20512917597369268,0.19574565395465146,0.19497533236901105,0.09076225900065034
2023-03-02 00:00:00+00:00,-0.012923053766801917,9.16031772838961,8.16031772838961,0.9884765263283115,0.0,-0.00020171652043828394,0.20405476571714953,0.20567103135918788,0.19383084204102233,0.1941811958807688,0.09044609970066725
2023-03-03 00:00:00+00:00,-0.03793134521036168,8.812854554397466,7.812854554397466,0.5958976229998804,0.0,-7.760563441433565e-05,0.20202446055723366,0.20360160115542056,0.19609511777651917,0.19248727335070237,0.0896475909980538
2023-03-04 00:00:00+00:00,-0.013132842304039216,8.697116725286131,7.697116725286131,0.49725900841324155,0.0,-0.00015655547214115875,0.20464787029140125,0.20594152598449436,0.1947406076511387,0.18894732160721217,0.0881917587944638
2023-03-05 00:00:00+00:00,0.0004205708972404576,8.70077447947069,7.70077447947069,0.5203833299920851,0.0,-0.00012737770273359763,0.20532840521905213,0.20559336683574453,0.19450098618780273,0.1889147140840582,0.08830834545849528
2023-03-06 00:00:00+00:00,0.0009675906392965228,8.709193267411656,7.709193267411656,0.5876164405633573,0.00011053504603450094,-5.398203243393466e-05,0.1995858627164989,0.19992636870754024,0.19656286625829159,0.2043279555914883,-0.19991829001964004
2023-03-07 00:00:00+00:00,-0.00834521112826847,8.636513210838212,7.636513210838212,0.5107729857113051,0.0,1.3334932864038151e-05,0.1993783574667474,0.20110905597953388,0.19447799205381638,0.2018029248598442,-0.19965911066187947
2023-03-08 00:00:00+00:00,-0.031014193196005513,8.368658721577422,7.368658721577422,0.20279058564131971,0.0,-1.7570743494183184e-05,0.20119988072752837,0.20362840949291186,0.18264900795175174,0.194566827532692,-0.19781204173581127
2023-03-09 00:00:00+00:00,-0.030702012260430234,8.111724058904196,7.111724058904196,-0.05409005833261122,0.0,-4.9871844885618814e-05,0.19468427672679825,0.1969948015402361,0.17722834775666518,0.19141222473072922,-0.18920534890336205
2023-03-10 00:00:00+00:00,0.011002873155233628,8.200976329794576,7.200976329794576,0.055090708621957016,0.0,0.00021181972737250294,0.19059710140607652,0.1934089187346048,0.18372137748785464,0.19433804464883553,-0.18649303716356364
2023-03-11 00:00:00+00:00,0.003819587249735301,8.23230067441924,7.232300674419241,0.10303853905648837,0.0,0.00023303665061226182,0.19276609940339395,0.19878645854311527,0.18212484305442705,0.19002312055467785,-0.1867452966633498
2023-03-12 00:00:00+00:00,0.059834358613230165,8.724875105184378,7.724875105184378,0.6839531079285157,0.0,7.190714899867146e-05,0.19557208695197206,0.20136357252787554,0.19212781709398527,0.19989508165519226,-0.1881876253168039
2023-03-13 00:00:00+00:00,0.025093634712017865,8.943813933981852,7.943813933981852,1.0000369566021219,0.0001132038690457866,-8.25920988888666e-05,0.21401066603401997,0.20677268445686395,0.19707218190922235,-0.09734236879456053,-0.20133573555215523
2023-03-14 00:00:00+00:00,0.0034212357976257657,8.974412830380095,7.9744128303800945,1.100594950516796,0.0,-0.00015815844921902983,0.21825940944052172,0.20927213599307667,0.20093500782584464,-0.1010592061581436,-0.20575098705459002
2023-03-15 00:00:00+00:00,-0.002280556010588297,8.95394617925827,7.953946179258271,1.080751070235873,0.0,-0.0001620822000305461,0.21526188961060058,0.20356629128562978,0.18566489262090188,-0.09185110067694822,-0.19237369686225012
2023-03-16 00:00:00+00:00,0.003399279828304236,8.984383147889146,7.984383147889146,1.1039732332985377,0.0,-1.793506816030806e-05,0.22073683776665454,0.20567421765433078,0.1890943836083879,-0.09312348333785968,-0.19979303482863855
2023-03-17 00:00:00+00:00,0.03260836777743359,9.277349217828892,8.277349217828892,1.333036941464848,0.0,-1.4917325426014865e-05,0.2342409685711151,0.2130707450727859,0.20115407494192122,-0.10060974346719605,-0.2038609574841084
2023-03-18 00:00:00+00:00,0.001575312679093832,9.29196394368012,8.29196394368012,1.355180170592243,0.0,-0.00013856342420589453,0.2297987364945968,0.2090866038086167,0.19725761537645772,-0.09670619906168856,-0.19427153602854202
2023-03-19 00:00:00+00:00,0.010213505447002724,9.38686746803225,8.38686746803225,1.5132098144854382,0.0,-0.0001035495661768322,0.23634126665943953,0.20949964366872278,0.20125567486944573,-0.09878795558446074,-0.19642036670052146
2023-03-20 00:00:00+00:00,-0.009370833381236454,9.298904697017571,8.298904697017571,1.4568034384996627,0.00020126006797955683,-0.00010328880951259538,0.2000346105591135,0.19637629977988894,-0.032181904547535105,0.18576908594216782,-0.19326242357921072
2023-03-21 00:00:00+00:00,0.004594597463389194,9.341629420950786,8.341629420950786,1.4863258176274565,0.0,-6.141785661026751e-05,0.20190124937003215,0.20320264267770982,-0.03262122217475624,0.19384798189268254,-0.20659182339953797
2023-03-22 00:00:00+00:00,-0.012344619940445,9.22631055612467,8.22631055612467,1.3166935131827306,0.0,-2.3271206594274316e-05,0.19818604480859495,0.19813857676127952,-0.03138380934696622,0.18840157333849275,-0.2015825646293969
2023-03-23 00:00:00+00:00,0.015044481747607641,9.365115616884047,8.365115616884047,1.4259559307537248,0.0,-3.195743533868257e-05,0.20277859813053606,0.20417146145667345,-0.03200638298946662,0.19449313238253735,-0.20803761248066818
2023-03-24 00:00:00+00:00,-0.010062165169719584,9.27088227671344,8.27088227671344,1.3169045700711455,0.0,-0.00010841975894988362,0.19871860334414596,0.19891032751017168,-0.030131221722274403,0.18992702025907815,-0.20240703158881865
2023-03-25 00:00:00+00:00,0.00013471603484593864,9.272131213213282,8.272131213213282,1.352292279486275,0.0,8.756661324431819e-06,0.19875266283771426,0.19800214527869736,-0.029755114749956228,0.18911727629265376,-0.2010211495841559
2023-03-26 00:00:00+00:00,0.008041198258426752,9.346690258576876,8.346690258576876,1.455986971956316,0.0,1.8284981163209743e-06,0.20080922795804265,0.19998892627192208,-0.03029499675136879,0.19004241189974627,-0.20030712826835068
2023-03-27 00:00:00+00:00,-0.0025259962549663006,9.323080553987381,8.323080553987381,1.4241753705145026,8.994460577706038e-05,1.2210805255276386e-05,0.1944474623749037,0.19389684491846038,-0.1904884472108564,0.10035604047318418,-0.19652238286912535
2023-03-28 00:00:00+00:00,0.001017411106837507,9.332565959692948,8.332565959692948,1.390618026510775,0.0,-7.181793327128303e-05,0.19523641208831857,0.20022365914740398,-0.19557681987912942,0.10164721860134812,-0.19885618518897666
2023-03-29 00:00:00+00:00,0.002723688530359203,9.357984962556184,8.357984962556184,1.3871076484502989,0.0,-6.909951810022285e-05,0.2024858485039114,0.20191086532005145,-0.2012197771734582,0.10502358182342579,-0.20301992483302256
2023-03-30 00:00:00+00:00,0.006118540730805755,9.415242174707853,8.415242174707853,1.4832543050452096,0.0,-8.958640709924654e-06,0.19895703135832246,0.20078153406968247,-0.19484585683009897,0.10389041204860154,-0.19815192908574603
2023-03-31 00:00:00+00:00,-0.004154773032754577,9.376123980423523,8.376123980423523,1.3977167244476638,0.0,-0.00011047396778977864,0.20292421888932252,0.20477266183694676,-0.2015448245123493,0.10718204176418474,-0.20630251354163828
2023-04-01 00:00:00+00:00,-0.012124704420758414,9.262441248548503,8.262441248548503,1.294870435331915,0.0,-2.2191252263566964e-05,0.20533468231102664,0.20717323834009618,-0.20322790589145087,0.10903696520576939,-0.22222279510953827
2023-04-02 00:00:00+00:00,0.004803203022139657,9.306930634345923,8.306930634345923,1.3856085067121595,0.0,1.7211795723399405e-05,0.2023228064229384,0.2032076810590548,-0.19678718466863054,0.10516656608205983,-0.21351192452292975
2023-04-03 00:00:00+00:00,-0.041546911955781085,8.92025640670219,7.92025640670219,0.9480042111676524,0.00011459762769642317,6.154694605762477e-05,0.2058665564736998,0.2105209105332213,-0.2079843943776967,-0.2069028143906336,-0.25343845402586535
2023-04-04 00:00:00+00:00,0.0005393527293606759,8.925067571341742,7.925067571341742,1.1533564648649155,0.0,0.00015685215265989102,0.20848876064531982,0.21731721925654346,-0.21255967371561843,-0.213529084019247,-0.25113731326522165
2023-04-05 00:00:00+00:00,0.0064124206624720514,8.982298859050173,7.982298859050173,1.1096661487887314,0.0,0.00011032341762711772,0.20715153190299476,0.22036533768314334,-0.2117306975299001,-0.21623116771242706,-0.2431112133302121
2023-04-06 00:00:00+00:00,0.018064252987113116,9.144557378045914,8.144557378045914,1.3014011033327875,0.0,0.0001485428228760399,0.2025276772020461,0.2123530395798154,-0.20451038773396626,-0.2120166211846933,-0.2199905035370603
2023-04-07 00:00:00+00:00,0.012462894194420038,9.258525029103303,8.258525029103303,1.405752071166105,0.0,4.778835703829255e-05,0.19909169918582556,0.2087908848868376,-0.20027767714274117,-0.20516223133359504,-0.20908895472040973
2023-04-08 00:00:00+00:00,0.006636692216018147,9.319971010095763,8.319971010095763,1.5359539721038333,0.0,0.0001065994630518877,0.1980216199081245,0.2057609216691469,-0.19498454032603604,-0.2020835876394194,-0.2055112465889443
2023-04-09 00:00:00+00:00,-0.004139182328637525,9.281393950787361,8.281393950787361,1.2722256959991673,0.0,8.013734277394514e-05,0.20158258120098282,0.20771405945301288,-0.19826868565729117,-0.20387736455022493,-0.21101055666470644
2023-04-10 00:00:00+00:00,0.0037164530987348066,9.315887816096344,8.315887816096344,1.346843442023047,7.276003506662974e-05,6.43983325547793e-05,0.20849094209767166,0.20472091821356267,-0.20528775130529628,-0.20387169362559315,-0.018303387377685568
2023-04-11 00:00:00+00:00,-0.020999104394510804,9.120262515318586,8.120262515318586,1.3581913828788466,0.0,2.8817235274644102e-05,0.21700323939642216,0.20692007212997912,-0.23082779204960696,-0.21057860103042148,-0.018552527591865046
2023-04-12 00:00:00+00:00,-0.008367863874662262,9.043945400089216,8.043945400089216,1.1556443039039648,0.0,8.255298946365696e-05,0.2165862686563277,0.21175601523524404,-0.24086240126868974,-0.21377243820601122,-0.018568864684512614
2023-04-13 00:00:00+00:00,5.259503140919719e-05,9.044421066681597,8.044421066681597,0.9365906020528811,0.0,8.15265385062695e-06,0.22011039481261133,0.22223237303704788,-0.24718522134562868,-0.22054076007391682,-0.019431407293805044
2023-04-14 00:00:00+00:00,0.002533950187920464,9.067339179143147,8.067339179143147,0.21391949688320414,0.0,5.224753226646584e-05,0.22020774225685022,0.2313636663708995,-0.24955866650893668,-0.2245500167431747,-0.019688645206185906
2023-04-15 00:00:00+00:00,0.005966209010155987,9.12143681985189,8.12143681985189,0.41481257191878096,0.0,5.679443233749963e-05,0.2176603337085182,0.2290528019529767,-0.24141524807400055,-0.22177858169494313,-0.01962042432719897
2023-04-16 00:00:00+00:00,-0.02288750017877561,8.912669933006839,7.912669933006839,0.04587083485073068,0.0,6.667562277887942e-05,0.22280433454177875,0.23743234359873044,-0.26036996582799066,-0.23987748566505757,-0.020427808946845157
2023-04-17 00:00:00+00:00,-0.019495727770690197,8.738910946282923,7.738910946282923,-0.11512412712876322,0.00019794120678466262,-4.619035007939755e-05,0.1981010049451547,0.19973835459663178,0.19182830668396603,-0.20749215213747954,-0.009605352324925405
2023-04-18 00:00:00+00:00,0.003982837455583699,8.77371660812079,7.77371660812079,0.29037673013090354,0.0,4.31029306609469e-05,0.20365845684598383,0.20170793831241965,0.19292437593851794,-0.21342047941098263,-0.009854024234128818
2023-04-19 00:00:00+00:00,-0.020696172646320288,8.592134254449235,7.592134254449235,-0.053332911221983734,0.0,-3.254195298959456e-05,0.1972054262493477,0.18927795686563187,0.1797523141670601,-0.19500857260326832,-0.009385756493754156
2023-04-20 00:00:00+00:00,0.0006651294238277927,8.597849135755348,7.597849135755348,-0.7801204932930975,0.0,-4.558868378483214e-05,0.19320610411831754,0.1900603129459184,0.17589824822248523,-0.1878969882855917,-0.00895657448336361
2023-04-21 00:00:00+00:00,-0.008664562368971285,8.52335253567959,7.5233525356795905,-0.7202343380006714,0.0,-7.091682061294633e-05,0.18814696649805362,0.1824311312157347,0.16994118580072007,-0.1752668529705131,-0.00844337929623817
2023-04-22 00:00:00+00:00,0.007393321573427425,8.586368421859557,7.586368421859557,-0.5860136305129969,0.0,-7.778696574429797e-05,0.19056760035678888,0.18358031659194327,0.17294169560920472,-0.17690045466784168,-0.008582472610539366
2023-04-23 00:00:00+00:00,-0.001392834348748484,8.574409032990582,7.574409032990582,-0.7030554132912735,0.0,-8.278002028918829e-05,0.18924673571306322,0.18264997456945883,0.17063072476692684,-0.17329661309916303,-0.008431657529984949
2023-04-24 00:00:00+00:00,-0.003068279626306958,8.548100348447035,7.548100348447035,-0.3969187662340759,0.00015120324707763028,1.1204089637301376e-05,0.20001420930517494,0.19841803277018835,-0.18202547177933642,-0.2015504795261306,-0.03284101833836319
2023-04-25 00:00:00+00:00,-0.005260473795223097,8.503133290565092,7.503133290565092,-0.8150674413181932,0.0,-6.586462065354918e-05,0.20684286680020367,0.2020901421455806,-0.18770554310998608,-0.2110741589135342,-0.0334552227830646
2023-04-26 00:00:00+00:00,0.012408261838763535,8.608642394884331,7.608642394884331,-0.6820157856067691,0.0,9.155875736599316e-06,0.20509648688696325,0.19957262504401366,-0.17975590475494443,-0.2031386389744615,-0.03254375125621291
2023-04-27 00:00:00+00:00,-0.003926278373873271,8.574842468420888,7.574842468420888,-1.1218030581334786,0.0,-2.0344560456542724e-05,0.21361369926581736,0.20494118530578223,-0.18954880972318155,-0.2104138156971359,-0.03332522173170341
2023-04-28 00:00:00+00:00,-0.00959846015132726,8.492537184683842,7.492537184683842,-1.0662658614171845,0.0,7.040707816485549e-06,0.21451981513292218,0.20502478350710857,-0.20000100959738198,-0.21038992104209442,-0.033728007256210016
2023-04-29 00:00:00+00:00,0.00277009777494186,8.516062343042746,7.516062343042746,-1.4455294885766081,0.0,4.219011420230877e-05,0.21328981494297033,0.20628435056294006,-0.19811492853929646,-0.20909102659239687,-0.03415429239181152
2023-04-30 00:00:00+00:00,0.0053557831764867725,8.561672526469527,7.561672526469527,-0.9528401164698934,0.0,3.153194290096481e-05,0.21222836889795077,0.20103224114826201,-0.19326713444966873,-0.20325363768272964,-0.03311397238389854
2023-05-01 00:00:00+00:00,-0.00987985312252515,8.47708445942485,7.47708445942485,-0.9177502576573109,0.00011333478356223888,8.106418962264207e-06,0.19389609446345468,0.19781747845132647,0.09357135481651226,-0.19671154693933152,-0.05118893159647973
2023-05-02 00:00:00+00:00,0.007324164696363322,8.539172022150659,7.539172022150659,-1.2914036598119798,0.0,-2.834116234501896e-05,0.19661740973504846,0.2005890454001199,0.09418239358317913,-0.19764042463214204,-0.05079092973486008
2023-05-03 00:00:00+00:00,0.0012603776960355972,8.549934604109989,7.549934604109989,-1.3001139865969351,0.0,-7.221986024240074e-05,0.19884984493160252,0.20414564093216425,0.09399194923507703,-0.201717161523105,-0.05128769187231568
2023-05-04 00:00:00+00:00,-0.0022766517986045898,8.53046938011559,7.530469380115591,-1.345245196111585,0.0,-7.211754749709811e-05,0.1979821520069969,0.2015381192275106,0.09208299715816783,-0.19867623579573973,-0.0505972846881882
2023-05-05 00:00:00+00:00,0.015079092919921822,8.659101120548902,7.659101120548902,-1.0203759706471478,0.0,-4.282239353856103e-05,0.19954398342148832,0.21086563019129034,0.09525377338078879,-0.20102600547101845,-0.05101018634346576
2023-05-06 00:00:00+00:00,-0.007152540238603788,8.597166551354038,7.597166551354038,-0.925009070625523,0.0,-8.483214371665658e-05,0.19652661411486363,0.202016820985262,0.0921340138177468,-0.19319453102748746,-0.04914719958835094
2023-05-07 00:00:00+00:00,-0.004647465318984301,8.557211517965088,7.557211517965088,-0.8613890994342663,0.0,-0.0001100460408553006,0.19457956331010798,0.20019830870331207,0.09151214474805759,-0.1921054935726734,-0.04924788965520312
2023-05-08 00:00:00+00:00,-0.014283790010387598,8.434982105568006,7.434982105568006,-1.3576326992836587,0.00010836906813011387,-4.3700497036046244e-05,0.1974536477575629,0.2003845717845348,0.19309719643374246,-0.10945479296813253,0.06631817010104994
2023-05-09 00:00:00+00:00,0.00112733078161531,8.444491120537986,7.444491120537986,-1.2038769976064625,0.0,-3.6069470885337074e-05,0.19687762448170765,0.20007871287383316,0.19318851445830998,-0.1086853222986954,0.06688449874413115
2023-05-10 00:00:00+00:00,0.00014933537890593485,8.44575218181914,7.44575218181914,-0.6529324632862586,0.0,-7.048183252596314e-05,0.19665359143448993,0.19940505797557828,0.1956012939140205,-0.11008914112545717,0.06691113551409553
2023-05-11 00:00:00+00:00,-0.01366384188788472,8.330350759382506,7.330350759382506,-0.705978067533949,0.0,-5.437242168911412e-05,0.19484932032841057,0.1970447444801549,0.191235562064353,-0.10759020540775209,0.06674270400237964
2023-05-12 00:00:00+00:00,0.005815443668271358,8.378795444960637,7.378795444960637,-0.7684758841166807,0.0,-5.53245440154554e-05,0.19249168560617277,0.19735735528371057,0.19706065940234016,-0.10864287021708997,0.06671674233919062
2023-05-13 00:00:00+00:00,-0.0008255358896426257,8.371878448608848,7.3718784486088484,-0.785272820322885,0.0,-6.106174503053485e-05,0.19248961461937786,0.19619853218384228,0.1966006038819709,-0.10679149038368514,0.0661714815625814
2023-05-14 00:00:00+00:00,0.001643697042997161,8.38563928045916,7.385639280459159,-0.6490810496093586,0.0,-6.637258150940852e-05,0.19317328651147136,0.19629246048979174,0.19707884776613432,-0.1073742657002539,0.0663118749357231
2023-05-15 00:00:00+00:00,0.003391373302574774,8.414078113639931,7.414078113639931,-0.8961488514479025,3.8565972365405656e-05,-1.3040607223199271e-05,0.20117302755379277,0.20123495476546074,0.19983089217319497,-0.2001260740576842,0.07012971449095895
2023-05-16 00:00:00+00:00,0.00019429219158251243,8.415712903316777,7.415712903316777,-1.7634467525201183,0.0,-8.417227552748671e-05,0.20018800255881883,0.20207907964685898,0.196914900589393,-0.19769825626809095,0.07094546356314327
2023-05-17 00:00:00+00:00,0.004446956053232531,8.453137208754448,7.453137208754448,-1.3312119736277372,0.0,-0.00010043757585396568,0.20203775669708834,0.20097700678474656,0.19962839236375357,-0.20043018138045346,0.07265190599942513
2023-05-18 00:00:00+00:00,-0.008535685566943618,8.38098388748629,7.380983887486289,-1.836877383560988,0.0,-0.00010513224602172543,0.19941459366031267,0.20026361519725572,0.19447824951505824,-0.19561221200978438,0.07190569354281831
2023-05-19 00:00:00+00:00,0.0019444135036179588,8.397279985730723,7.397279985730723,-1.8281140495471786,0.0,-9.113501666361516e-05,0.1994789703776584,0.20117327611671376,0.1942345089129025,-0.19515279289471701,0.07183460162938526
2023-05-20 00:00:00+00:00,0.002382278941851057,8.417284649009556,7.417284649009556,-2.0031963588629087,0.0,-0.00010548765433097672,0.2006298018408874,0.20149400940674755,0.19302039026910167,-0.19398570994126405,0.07177118874425027
2023-05-21 00:00:00+00:00,-0.007952836616695769,8.350343359439762,7.350343359439762,-2.6016147014534883,0.0,-0.0001084489698486113,0.19957520526675673,0.2014675343712801,0.18824027108597363,-0.19134081301888606,0.07087149365883888
2023-05-22 00:00:00+00:00,-0.0017298566438436191,8.33589846250106,7.33589846250106,-2.3475295794098923,0.00018725985404673685,2.806357002307461e-05,0.07400060237783457,0.20172818136829845,-0.19937928484100265,-0.20543405319098768,0.08258084878644081
2023-05-23 00:00:00+00:00,-0.0007336807301595583,8.329782574430556,7.329782574430556,-2.1146074549878193,0.0,3.377702778159713e-05,0.0750749762445206,0.20595344694484166,-0.20474029290767748,-0.206201459352327,0.0826074584075556
2023-05-24 00:00:00+00:00,0.005559008645812158,8.376087907779551,7.376087907779551,-1.8783588334869552,0.0,5.710548529959344e-05,0.07220117512911707,0.19878987212872595,-0.19523998703669534,-0.19693709880583768,0.07961317499026864
2023-05-25 00:00:00+00:00,0.001682317691145352,8.390179148649397,7.390179148649397,-1.366456324835546,0.0,1.547563268153168e-05,0.07248532189907632,0.19909699104427322,-0.19533843096718076,-0.1958550889831388,0.07977220732497502
2023-05-26 00:00:00+00:00,-0.0013427160140427885,8.378913520745817,7.378913520745817,-1.195920196844371,0.0,3.508932007054843e-05,0.0732084415593927,0.20181275773842342,-0.19667853546845568,-0.1995732696122438,0.07995838389350908
2023-05-27 00:00:00+00:00,-0.011537358990424962,8.282242987507248,7.282242987507248,-1.7605806992947923,0.0,6.233670471907238e-05,0.07448389094124505,0.2043963158579957,-0.20993631297436566,-0.2051723727143609,0.08273943905028946
2023-05-28 00:00:00+00:00,0.004674182234905233,8.320955700544623,7.320955700544623,-1.4965026034726296,0.0,7.484893435109768e-05,0.07749074252210976,0.21229024579692288,-0.21286959363659388,-0.20902938293062046,0.0834557379354619
2023-05-29 00:00:00+00:00,0.003961415681747349,8.353918464943884,7.3539184649438845,-1.09618721660895,0.00015447146856149353,-2.978425035762492e-06,-0.040475166566139066,0.19742035236339817,0.027656991460762427,-0.19337883914548376,0.022768184677556143
2023-05-30 00:00:00+00:00,0.001986106449948233,8.370510236289451,7.3705102362894515,-1.5028124769113378,0.0,2.467452562293264e-06,-0.040333883597957046,0.19789464698704726,0.028499660387581408,-0.1925819771595437,0.022465049689502636
2023-05-31 00:00:00+00:00,0.0016141210575080223,8.384021253123933,7.384021253123933,-1.278518414200819,0.0,1.8508517079465498e-05,-0.0395720377016837,0.19477091977327146,0.0278711034673501,-0.1877831584785548,0.02222401716427834
2023-06-01 00:00:00+00:00,-0.0009820597989819158,8.37578764289743,7.37578764289743,-0.7244110783724808,0.0,-2.2741644738688627e-05,-0.03903456392130423,0.19368716119079463,0.027465457301809028,-0.18772777819878966,0.022177520264943757
2023-06-02 00:00:00+00:00,3.530519758410122e-05,8.376083351735085,7.376083351735085,-0.5085324282679851,0.0,6.389738221064304e-06,-0.039648419439588786,0.19836361069036973,0.028484719777810696,-0.19314707981364146,0.022543294952352896
2023-06-03 00:00:00+00:00,-0.0024723485833412218,8.355374753926474,7.355374753926474,-0.5567758891201846,0.0,1.4443060954889404e-05,-0.03949429057658006,0.19732437427453883,0.028469304435479743,-0.1947885072520087,0.022633423291962558
2023-06-04 00:00:00+00:00,-0.0022816593446530753,8.3363106350411,7.3363106350411,-0.6110017506209935,0.0,2.1930272085833747e-05,-0.039654107447040385,0.19752774588040206,0.029384394323699117,-0.19800675577932425,0.022616515839298308
2023-06-05 00:00:00+00:00,0.014448422411205142,8.456757172447196,7.456757172447196,-0.22916110962089467,0.00019531522934309106,9.455552825749995e-05,-0.18702036630011848,0.18891862553161667,0.18069441516465498,-0.1848717463531394,-0.18049193024058396
2023-06-06 00:00:00+00:00,-0.02048984395337805,8.283479537632141,7.283479537632141,-0.05537286913983028,0.0,-3.137508815491916e-05,-0.20212058689119164,0.20067364676998306,0.1879982510898025,-0.19904447531024283,-0.19498755426880737
2023-06-07 00:00:00+00:00,0.0015269627091039073,8.296128101987732,7.2961281019877315,0.5077654233751632,0.0,3.5556024514158556e-05,-0.19517270421460958,0.19484052093486667,0.17157389426527903,-0.1904901475250809,-0.1864268169440666
2023-06-08 00:00:00+00:00,0.0020872499216231244,8.31344419471838,7.313444194718381,0.3529511717777667,0.0,0.00011090030043290971,-0.19594990210257646,0.19588181777488686,0.17347771680234483,-0.1887640508410159,-0.187920200563631
2023-06-09 00:00:00+00:00,-0.015966922169990627,8.180704078296753,7.180704078296753,0.004465852189093127,0.0,0.00010837059882648583,-0.19899555946457673,0.19848511494701593,0.16238382747170246,-0.1895386877234271,-0.19524377891977043
2023-06-10 00:00:00+00:00,0.02948597357206828,8.421920102550322,7.421920102550322,-0.5893434130294445,0.0,-8.198212716345917e-05,-0.18861117514626377,0.18347571758219186,0.14159124469749523,-0.1557771653802376,-0.16848217901679474
2023-06-11 00:00:00+00:00,0.000205792514982317,8.423653270669206,7.423653270669206,-1.1120519571064909,0.0,-0.00016075133842402016,-0.18918058153542255,0.18355951613640803,0.1409180296103994,-0.15482140671654032,-0.16787400570708585
2023-06-12 00:00:00+00:00,0.004720750615518687,8.463419237031633,7.4634192370316335,-1.085095251907437,0.00016434244805922855,-0.0001809535667838753,-0.1989115809340129,0.1415280949079653,-0.19453042521784034,-0.19802942245955463,-0.19876854796969085
2023-06-13 00:00:00+00:00,-0.004174928487390872,8.428085066958218,7.428085066958218,-1.1228200513543964,0.0,-2.3319520977200936e-05,-0.19992446267306935,0.14192804150950322,-0.19331313707979164,-0.20368122035944253,-0.20060979755851266
2023-06-14 00:00:00+00:00,0.017602863342788266,8.576443496633278,7.576443496633278,-0.8228271219529483,0.0,-5.6254095324367574e-05,-0.19038594185905827,0.1323310302848964,-0.18302783477967907,-0.19309307378878995,-0.19273029589126636
2023-06-15 00:00:00+00:00,-0.01023897942208185,8.488629468156603,7.488629468156603,-1.7660366383918025,0.0,-5.304385956293825e-05,-0.19595659228380163,0.13495257331221006,-0.18862579601669485,-0.19551956156104056,-0.19853332902380236
2023-06-16 00:00:00+00:00,-0.012959247696564202,8.378623216274407,7.378623216274407,-2.0555615439151875,0.0,8.206476671114754e-05,-0.20434805813506562,0.14096576202601319,-0.19809104659084278,-0.2006072433453917,-0.20326582088251427
2023-06-17 00:00:00+00:00,-0.0059822445102331034,8.328500243535538,7.328500243535538,-2.406625813128103,0.0,6.801216643996969e-05,-0.2069275264745419,0.14263083735449272,-0.2035407279691195,-0.2031436552503852,-0.20445622231286145
2023-06-18 00:00:00+00:00,0.00876138248010605,8.40146941965481,7.401469419654809,-2.023509000734817,0.0,-1.7840182079936213e-05,-0.20374362187660905,0.14080182252150925,-0.19915282599136377,-0.19638641916650657,-0.2023869105540713
2023-06-19 00:00:00+00:00,-0.01676740845465652,8.260598550276152,7.260598550276152,-2.4423391348052106,0.00014862638868947837,-8.510751267111554e-05,-0.13133028940434646,-0.20529837356608524,-0.21221160370808215,-0.20585805944728452,-0.20452762781113207
2023-06-20 00:00:00+00:00,-0.03471750121828099,7.973811210043209,6.973811210043209,-2.7629041909312537,0.0,-6.131188470476672e-05,-0.1434683936396101,-0.21943915391621585,-0.2271084511514467,-0.22535166414016594,-0.21426060092496313
2023-06-21 00:00:00+00:00,-0.051074178445013496,7.566555353414613,6.566555353414613,-3.701028035456351,0.0,0.00015548872695169292,-0.16026421334353322,-0.24376415943286417,-0.24779338117599184,-0.252651660959032,-0.234559696415643
2023-06-22 00:00:00+00:00,0.016470247734780896,7.691178394584284,6.691178394584284,-3.1898653394163006,0.0,0.0002659618256580882,-0.15707065528193376,-0.2376617166416018,-0.23528427515566194,-0.2439299319104939,-0.23068863086537536
2023-06-23 00:00:00+00:00,-0.03537728992007094,7.41908534669209,6.41908534669209,-3.6649902322697807,0.0,0.000290835277869852,-0.16718279340637343,-0.2491216337297344,-0.25138329266672765,-0.26546982393600793,-0.24896612299353282
2023-06-24 00:00:00+00:00,0.02179245642071681,7.580765440791456,6.580765440791456,-3.374171803811505,0.0,0.000254720443980181,-0.16282131491363877,-0.24152524098193626,-0.23891224325168564,-0.254525729715143,-0.23804880349660446
2023-06-25 00:00:00+00:00,-0.015290445814326703,7.464852157587914,6.464852157587914,-3.5666482236725714,0.0,0.0002574571592684515,-0.16499097838117247,-0.24838853478765738,-0.2471874325668097,-0.26680251356937645,-0.2418902786943402
2023-06-26 00:00:00+00:00,0.01243224743211968,7.5576570466552395,6.5576570466552395,-3.3532383683173896,0.0003392409082997747,1.4988913421820958e-05,0.19619396634005576,0.19330234330174476,-0.1895183238746516,-0.19335959250426282,-0.19149560639599705
2023-06-27 00:00:00+00:00,-0.0013510921194258563,7.54744595577818,6.54744595577818,-3.423275326109083,0.0,1.4306629710240793e-05,0.19920631774129569,0.19678378427236007,-0.19394034294635362,-0.19423964949526948,-0.1943046928160162
2023-06-28 00:00:00+00:00,0.018755991431081087,7.689005787451303,6.689005787451303,-3.1748427559320183,0.0,3.6739642255433225e-05,0.1916073954489409,0.18684265347425438,-0.1828791351064821,-0.1783197941843159,-0.1819375930041791
2023-06-29 00:00:00+00:00,-0.025694399194220563,7.491441403341857,6.491441403341857,-3.4641072271238085,0.0,-0.00011589228643545722,0.1991041458536977,0.1942815123602247,-0.2114601391429652,-0.18787357184060205,-0.18933459789172075
2023-06-30 00:00:00+00:00,-0.01586811544176492,7.372566346328411,6.372566346328411,-3.5143492699316075,0.0,1.960426686521456e-05,0.20244941670839697,0.20618218507270203,-0.22526201444584842,-0.19632964229817954,-0.20161522065146448
2023-07-01 00:00:00+00:00,-0.0038804709950268634,7.343957316462572,6.343957316462572,-3.659062805235859,0.0,4.517131489040944e-05,0.2039947093430627,0.20598654254577903,-0.22396904406871404,-0.19662533323760867,-0.20873898199735094
2023-07-02 00:00:00+00:00,-0.007999182481113865,7.285211661754677,6.285211661754677,-3.283897045365605,0.0,4.766301272661543e-05,0.2059026471747818,0.20911635035473877,-0.23515565892044607,-0.2001482688955601,-0.2089476962323359
2023-07-03 00:00:00+00:00,0.004249657966272746,7.316171319529036,6.316171319529036,-3.217619384485675,2.0744717552251897e-05,5.999875531694688e-05,0.20263840901973001,0.20092859966980672,-0.19708156440545097,-0.20109245593387032,-0.20034993513620766
2023-07-04 00:00:00+00:00,-0.0013470958885209994,7.306315735224783,6.306315735224783,-3.356710623580416,0.0,5.1248278175185436e-05,0.20035230963348044,0.199215425683855,-0.19610700529097536,-0.19814140638224179,-0.2019394808021146
2023-07-05 00:00:00+00:00,0.00848694133796779,7.368324008266307,6.368324008266307,-3.555826025277346,0.0,-4.1030508693049095e-05,0.19693705700949238,0.1949019697951709,-0.19294207634031119,-0.1907768623382951,-0.19462938001811875
2023-07-06 00:00:00+00:00,-0.005960766019528219,7.324403152896959,6.324403152896959,-3.8992818986906714,0.0,-8.098028408931563e-05,0.19412813202158563,0.18939155931270318,-0.20034712045106876,-0.18723579327748213,-0.1894795182248473
2023-07-07 00:00:00+00:00,-0.02125503600317824,7.168722700180342,6.168722700180342,-4.337103657953329,0.0,-6.937482156011084e-05,0.20135484447411586,0.19614565294079261,-0.22446567357283762,-0.19718861218420192,-0.19523778934104644
2023-07-08 00:00:00+00:00,-0.019345795621161455,7.030038055957872,6.030038055957872,-4.551864197617645,0.0,2.017983579580721e-05,0.20493032394153649,0.19942147655324952,-0.23233509753801043,-0.21535902880628333,-0.20012530226448927
2023-07-09 00:00:00+00:00,0.006064363014909757,7.072670758737831,6.072670758737831,-4.506424532244656,0.0,-4.012765912500565e-07,0.2028774178801659,0.19793872997511966,-0.22571379013099616,-0.2132758023181057,-0.19779840029994597
2023-07-10 00:00:00+00:00,0.006204196800442263,7.116551000029774,6.116551000029774,-4.084839690287402,0.0001639600092656716,-9.991915583317143e-06,0.20037628834875898,0.1740755222241055,0.1984731465097307,-0.19573484641902125,-0.1983994986946505
2023-07-11 00:00:00+00:00,0.010050899183228434,7.1880787366633765,6.1880787366633765,-3.755345808654887,0.0,4.003256051473634e-05,0.1997627010480124,0.17218925391337794,0.20355090201747392,-0.1920343653579415,-0.19654575461399548
2023-07-12 00:00:00+00:00,0.0010697590265913437,7.195768248775772,6.195768248775772,-3.7373430152676286,0.0,-2.9537089937398817e-06,0.19798782867371853,0.17137774744903145,0.2022083651158099,-0.1882261175443337,-0.19555326887187996
2023-07-13 00:00:00+00:00,0.02460568052463774,7.372825023434481,6.372825023434481,-3.2835321141263085,0.0,2.7485216142901048e-05,0.2000592754150047,0.17923990677297655,0.2341624456694902,-0.1993536751570441,-0.2068352875497736
2023-07-14 00:00:00+00:00,-0.009253718027242619,7.304598979603419,6.304598979603419,-3.5368045577060965,0.0,-0.00012642426651462076,0.19455249580967124,0.17477401343803434,0.2422814611798942,-0.20868499451994174,-0.2029268971988063
2023-07-15 00:00:00+00:00,-0.006765831513378728,7.255177293634624,6.255177293634624,-3.316659283058656,0.0,2.405976336256727e-05,0.19576849568905855,0.175388532601409,0.25113887847974414,-0.21307730866961716,-0.21469630561190942
2023-07-16 00:00:00+00:00,0.01370462055213384,7.354606745482344,6.354606745482344,-2.7669717080576213,0.0,-2.73712990537625e-07,0.1927416681170508,0.1721722052406284,0.24724741869841918,-0.20216933172906862,-0.2045798683505775
2023-07-17 00:00:00+00:00,-0.008715457077252964,7.290507986072018,6.290507986072018,-2.9785748942792925,3.1178960897135154e-05,-9.757695755699574e-06,0.20114653865512577,0.20063884877761126,0.19723177131094197,-0.20333449582128224,-0.20268132425214339
2023-07-18 00:00:00+00:00,-0.0007481372742719206,7.2850536852992605,6.2850536852992605,-2.6776985652033067,0.0,-1.7390145586973857e-05,0.1994228864175142,0.1993270587233139,0.18819934192016435,-0.19513065494638493,-0.19940408808053522
2023-07-19 00:00:00+00:00,-0.0017370074174776207,7.272399493011173,6.272399493011173,-2.719026401578421,0.0,-3.5020200682986905e-05,0.2001038911108018,0.1987357804344019,0.19409169139382923,-0.19811875888161043,-0.2037682016961757
2023-07-20 00:00:00+00:00,-0.007091352565419595,7.220828344209652,6.220828344209652,-2.6941908869886038,0.0,-5.6015722857747506e-06,0.20082857229830986,0.2004743305413607,0.18854273263424629,-0.19770784950150533,-0.2068653021004917
2023-07-21 00:00:00+00:00,-0.0076226836473453075,7.165786254069958,6.165786254069958,-2.954686450167293,0.0,4.101216247470877e-05,0.20305320411511607,0.20204414020842637,0.19094972967139714,-0.20087952365627598,-0.21619450738875393
2023-07-22 00:00:00+00:00,0.003976883698314948,7.194283752609378,6.194283752609378,-2.8598045532911254,0.0,1.9195195236042206e-05,0.20151881917315495,0.19855750085055254,0.18287449356669308,-0.193469236005181,-0.20727545867625324
2023-07-23 00:00:00+00:00,0.0019212146321245793,7.208105515822547,6.208105515822547,-2.77376670446317,0.0,-1.1837798178257643e-05,0.20307258024836347,0.20054136983526374,0.18431093930127582,-0.19338404909085913,-0.2107547614586141
2023-07-24 00:00:00+00:00,-0.016961468433657867,7.0858454616494475,6.0858454616494475,-2.949657807234363,6.394688902199448e-05,-5.898795354755217e-05,0.19730169267804507,0.1992545299346527,0.19194758905832882,-0.1969136137354052,-0.056739627743877794
2023-07-25 00:00:00+00:00,-0.008933924418568773,7.022541053853413,6.022541053853413,-3.3284977958261646,0.0,-8.008565820396395e-05,0.19943864037301928,0.2019064263123703,0.19293151049430596,-0.20217737699443455,-0.0631637846125653
2023-07-26 00:00:00+00:00,0.022167488196316754,7.1782131497728585,6.1782131497728585,-2.8278314214319185,0.0,-8.41264784826495e-05,0.19591285027665364,0.19902442078379265,0.2041545810510489,-0.1966947003087409,-0.0588262259976416
2023-07-27 00:00:00+00:00,-0.0008815532179297092,7.171885172871691,6.171885172871691,-2.6885477756800236,0.0,-7.077329873889944e-05,0.19524150433402648,0.198060815590785,0.20366071618678805,-0.19526419348909502,-0.05863626882069651
2023-07-28 00:00:00+00:00,-0.0011054978088824718,7.163956669527525,6.163956669527525,-2.754995580047222,0.0,-7.742903845316785e-05,0.19606115826407458,0.19967735764882974,0.20159361249306684,-0.19655085113040177,-0.058368235376638544
2023-07-29 00:00:00+00:00,0.0013295578888887771,7.1734815646331525,6.1734815646331525,-2.8261408466120974,0.0,-9.197348021391043e-05,0.19606278940957975,0.2000998595899118,0.2042567656359998,-0.19643836309421045,-0.060603019244957985
2023-07-30 00:00:00+00:00,-0.006764655775886919,7.124955431133738,6.124955431133738,-2.7780662236271527,0.0,-5.1098157624937724e-05,0.1969406049515538,0.19941681852975704,0.19810336559211822,-0.19617657950592696,-0.05932680472298016
2023-07-31 00:00:00+00:00,2.4283453492923712e-05,7.1251284496575895,6.1251284496575895,-2.9082018510612477,0.00023363307562109838,-3.9058872423001637e-05,0.19960482288465095,-0.19937138329190923,0.19565838752374734,-0.1951333211573164,0.1994868801777189
2023-08-01 00:00:00+00:00,0.0036514296330056872,7.151145354817641,6.151145354817641,-2.866062447104986,0.0,-8.356129855173234e-05,0.20214826464612654,-0.20053679688048184,0.19765094824275298,-0.1955772458594029,0.1995530966893599
2023-08-02 00:00:00+00:00,-0.01228759549632441,7.063274973362223,6.063274973362223,-3.0223726370090316,0.0,-4.349879063565372e-05,0.20100341274627886,-0.19934826260308275,0.19253651944042005,-0.19269192113479613,0.19187047679264624
2023-08-03 00:00:00+00:00,-0.0037688212953401745,7.036654752227772,6.036654752227772,-3.3710500272721386,0.0,-5.1298877036526e-05,0.20183368425146686,-0.19962584121835897,0.18907965220099135,-0.19187796640407828,0.19096064515886857
2023-08-04 00:00:00+00:00,0.001489150007222717,7.047133386702876,6.047133386702876,-3.2267709612742808,0.0,-9.25726489819859e-05,0.20098726497594327,-0.19875428092171984,0.1901164389105947,-0.19102262336827608,0.1903396769136728
2023-08-05 00:00:00+00:00,0.0029444275507020112,7.0678831604001555,6.0678831604001555,-3.096776563021446,0.0,-8.681685658670001e-05,0.20009834701787285,-0.1988315673356821,0.1883024495583664,-0.1910916259215028,0.19564852727122797
2023-08-06 00:00:00+00:00,-0.0008651433869417691,7.0617684280242585,6.0617684280242585,-2.8861862420367577,0.0,-8.040668981910277e-05,0.2003970487993287,-0.1983402076209493,0.19296882661329134,-0.19360936845234566,0.19209250741831596
2023-08-07 00:00:00+00:00,0.0003809107312124915,7.06445833139983,6.06445833139983,-2.8992345344090804,8.185148543048932e-06,-4.241165285148008e-05,0.20079407121540274,-0.19979106949320388,0.19928403240412026,-0.19789012573021456,0.19795664528815923
2023-08-08 00:00:00+00:00,0.010581437908759428,7.139210458592556,6.139210458592556,-2.708054292382382,0.0,-8.048431505402497e-05,0.20247662580253792,-0.20063836982369054,0.20655890062439772,-0.1992584547224512,0.19966730621761417
2023-08-09 00:00:00+00:00,0.0022986022320439226,7.155620663687708,6.155620663687708,-2.450240800753741,0.0,-5.1022443192666296e-05,0.2007483030937229,-0.20010703104816935,0.20753259958878761,-0.19790810500012163,0.2004056164280903
2023-08-10 00:00:00+00:00,0.004932280487693674,7.190914191864553,6.190914191864553,-2.4662704769635817,0.0,-8.032639264055627e-05,0.19889095081710842,-0.19877274282942195,0.20853891093317858,-0.19464407505807496,0.20061235342066924
2023-08-11 00:00:00+00:00,0.00021429045274579117,7.192455136122383,6.192455136122383,-2.4484312275407705,0.0,-0.00014551749440748772,0.19865789051799984,-0.19836734996527874,0.20848576205500927,-0.19400983434865202,0.20017267756466298
2023-08-12 00:00:00+00:00,0.005693834303199585,7.233407783900661,6.233407783900661,-2.3762710858631255,0.0,-0.00012056923739112602,0.1975680888117312,-0.1973616785178495,0.20973953022228004,-0.19205866151331638,0.20161645248545823
2023-08-13 00:00:00+00:00,-0.009078838503269515,7.167736842802334,6.167736842802334,-2.5842369844854245,0.0,-0.00018586805221267773,0.19851484702366973,-0.1981951391607681,0.20583032844785865,-0.19192503019111634,0.19831537471058397
2023-08-14 00:00:00+00:00,0.009125315242429322,7.233144701067681,6.233144701067681,-2.423776366596278,0.00023060192236153324,-0.00023174838178104175,0.19899937932769843,0.19865399932942193,0.20599268816053742,0.05966618462063238,0.19796013310214622
2023-08-15 00:00:00+00:00,-0.026821353922516944,7.039141967067566,6.039141967067566,-2.890187223075202,0.0,-0.00023588496851980752,0.20288040556959563,0.20229996433768888,0.20085734855455598,0.05861820711027281,0.19303543351262226
2023-08-16 00:00:00+00:00,-0.027077976545282878,6.848536245984395,5.848536245984395,-3.134317550200776,0.0,-9.088284735678003e-05,0.20513774404976426,0.2055317301822725,0.19713150844247987,0.057976651019597536,0.1880464604887769
2023-08-17 00:00:00+00:00,-0.06088743573751709,6.431546435410963,5.431546435410963,-3.7559176657258533,0.0,-0.00017024941318716924,0.20242686843383265,0.20357531988792452,0.1993299565161859,0.057356123154618716,0.1818397875780876
2023-08-18 00:00:00+00:00,-0.0017355043664173397,6.420384458489492,5.420384458489492,-3.8188309343332567,0.0,0.00015612971686532776,0.1984534052194305,0.20147383972622554,0.19668056495638872,0.05870617794451066,0.1887873752421507
2023-08-19 00:00:00+00:00,0.008117781159897364,6.472503734485916,5.472503734485916,-3.5747451883866828,0.0,9.167458747785758e-05,0.19720460772891127,0.20080576441025275,0.20007115863958766,0.05828737638438311,0.18889687981733494
2023-08-20 00:00:00+00:00,0.0019375002096111427,6.485044211828192,5.485044211828192,-3.5192768421244414,0.0,0.00014440667705582736,0.19748416109592976,0.20227547473522306,0.19858910979203756,0.0584222376223606,0.1886498941403293
2023-08-21 00:00:00+00:00,0.004412240976400472,6.513657789633389,5.513657789633389,-3.439966822955612,0.0004065044871511417,-3.334816669095349e-05,-0.19858044496863977,-0.19698763133813396,0.19379920705617115,-0.189707310258152,0.08461081968601
2023-08-22 00:00:00+00:00,0.0025216884135095263,6.530083205011073,5.530083205011073,-3.487985007226203,0.0,-0.0001543102640965951,-0.19754242340103895,-0.1926855823636343,0.18770043018574303,-0.18538919448002736,0.08449255025328146
2023-08-23 00:00:00+00:00,0.0003844237434655895,6.532593524041886,5.532593524041886,-3.507815253130845,0.0,-0.0001345713435869348,-0.20030821555832612,-0.19783190569105427,0.1980713504646429,-0.18877346819147012,0.08605341347136404
2023-08-24 00:00:00+00:00,0.0008799204676583905,6.538341686790583,5.538341686790583,-3.474382749740595,0.0,-4.186152526318375e-05,-0.1982034558853396,-0.19547041667747214,0.19171890874278377,-0.1846800883087072,0.08503339408880217
2023-08-25 00:00:00+00:00,-0.0028293444859260886,6.519842465791961,5.519842465791961,-3.354451042275369,0.0,-5.684225278958793e-05,-0.1979081602212741,-0.1952008984012893,0.18650569201358505,-0.18397672808956111,0.08534231158692679
2023-08-26 00:00:00+00:00,-0.001156764150103684,6.5123005457632095,5.5123005457632095,-3.4443544504639045,0.0,4.4065158237956246e-05,-0.19777685561451136,-0.1946042303934677,0.1854682736834931,-0.18499675737380075,0.08511606955588277
2023-08-27 00:00:00+00:00,0.0012013941238064874,6.520124385371351,5.520124385371351,-3.4874447750983073,0.0,0.00014036860983728932,-0.19817307404239684,-0.19570604802713507,0.1898786911792526,-0.18677144398119394,0.08540626469271972
2023-08-28 00:00:00+00:00,-0.0042236867422649205,6.49258542244694,5.49258542244694,-3.580287896440309,5.042256732705564e-05,-1.2607364272271137e-05,-0.2009829263663345,-0.2002226862371272,0.19861514173027456,-0.2041868095013088,0.20176078261375816
2023-08-29 00:00:00+00:00,-0.008973896555386607,6.434321632488889,5.434321632488889,-3.7335819482422186,0.0,-4.3443492413538754e-05,-0.21518240489758608,-0.2113274876410376,0.21234150646659902,-0.2147414890795276,0.2130256011853338
2023-08-30 00:00:00+00:00,0.0030915327490419475,6.454213548533598,5.454213548533598,-3.6708044072319543,0.0,2.311980366110902e-05,-0.21134635238772728,-0.20773635472004254,0.20230446646418324,-0.20605463998788406,0.2106729190798054
2023-08-31 00:00:00+00:00,0.008962739451055857,6.5120609829305796,5.5120609829305796,-3.527952286665851,0.0,7.720157229298989e-05,-0.19901176221350927,-0.19874928714995593,0.19003245825223267,-0.19597592126760208,0.20223580028001362
2023-09-01 00:00:00+00:00,0.0005239856342036386,6.515473209334694,5.515473209334694,-3.483298154778964,0.0,-8.48085630915467e-05,-0.1978918263994442,-0.1965830095096522,0.18603218363088814,-0.19469557356336287,0.20238350053210608
2023-09-02 00:00:00+00:00,-0.0009068102219675911,6.509564911627513,5.509564911627513,-3.4629797204548787,0.0,-0.000100679631644047,-0.19853368513054143,-0.1977342509540066,0.18779167049673556,-0.19459723664632042,0.20132970299497566
2023-09-03 00:00:00+00:00,-0.0002497170491867484,6.507939362286292,5.507939362286292,-3.7058185516468405,0.0,-1.5484112758651127e-05,-0.1993997028769111,-0.19763617106675269,0.1885617747985991,-0.19391874599077036,0.20036436300384
2023-09-04 00:00:00+00:00,0.0024349502921645616,6.52378587113788,5.52378587113788,-3.3956289444242187,9.086841556625557e-05,-1.3996853117872303e-05,-0.19835804416909247,-0.19889453208892272,0.1990777898036971,-0.19822242610913765,-0.03873964058536554
2023-09-05 00:00:00+00:00,0.004916952262558949,6.5558630148374215,5.5558630148374215,-3.3418471395278386,0.0,3.922710453440401e-05,-0.19712522331377733,-0.19835117995298307,0.20564656769215062,-0.19930453451971,-0.03901954553231316
2023-09-06 00:00:00+00:00,-0.006456296661916494,6.513536418338745,5.513536418338745,-3.46887850027105,0.0,2.5630154597655614e-05,-0.19815760470933097,-0.1994812473866754,0.20047414272935146,-0.20126785856207294,-0.03902764744264259
2023-09-07 00:00:00+00:00,-0.005731288664588274,6.476205460897938,5.476205460897938,-3.3328889955129974,0.0,6.542537728080622e-05,-0.20311827856259299,-0.2024674108611263,0.2045072296364656,-0.2054624160289387,-0.039271130897663556
2023-09-08 00:00:00+00:00,0.00441903271486388,6.504824024697826,5.504824024697826,-3.810184212743476,0.0,6.713488548593135e-05,-0.19959748648592895,-0.20017060436189046,0.20049709586740214,-0.2011116482381987,-0.03913522184139485
2023-09-09 00:00:00+00:00,0.0005457641457329299,6.508374124424808,5.508374124424808,-3.8047492674644645,0.0,0.00010651834698448894,-0.1994331560314759,-0.19994156070354407,0.1986390938454571,-0.19919842267925797,-0.038905071036853
2023-09-10 00:00:00+00:00,-0.0007199682918019867,6.503688301424038,5.503688301424038,-3.893855855738601,0.0,3.4091445849691174e-05,-0.1990819996530343,-0.1978421798996228,0.18644082869321293,-0.1917778993654867,-0.03764864729585944
2023-09-11 00:00:00+00:00,0.022057892213880992,6.647145956969529,5.647145956969529,-3.4315610614976113,0.000186404968706801,-0.00019396315583088673,-0.19051138323652692,-0.18772671750558043,-0.1902348840997335,-0.19088889716960994,0.093810046547289
2023-09-12 00:00:00+00:00,-0.011064336623096582,6.573599696518762,5.573599696518762,-3.900709073107773,0.0,-1.1151598610515063e-05,-0.197816165085552,-0.19487674502760943,-0.19441556499802612,-0.19258527584892327,0.0955187883763416
2023-09-13 00:00:00+00:00,-0.011168157857846195,6.500184697413751,5.500184697413751,-3.9131847460032243,0.0,-0.00013694070861009546,-0.20302565288686839,-0.19885879070565754,-0.201937340524245,-0.19638938803758482,0.09715312921457049
2023-09-14 00:00:00+00:00,-0.010776788838316897,6.430133579519664,5.430133579519664,-3.8844386091558714,0.0,-0.00015743406951679228,-0.20758974531752053,-0.20339869244805622,-0.20908835509316256,-0.20090276971941254,0.09952722537461367
2023-09-15 00:00:00+00:00,-0.00582389997913324,6.392685124700075,5.392685124700075,-3.882139718994418,0.0,-6.161728560179447e-05,-0.20944222283851024,-0.20648049223158618,-0.21367418950294328,-0.2026819853346989,0.1008042347819453
2023-09-16 00:00:00+00:00,0.0019310694144372142,6.405029843420511,5.405029843420511,-3.9989571531477996,0.0,-2.167793057217523e-05,-0.2086910888421531,-0.2052045272884113,-0.21299489555108922,-0.2012393114668266,0.10001395764573508
2023-09-17 00:00:00+00:00,0.010102820976827909,6.4697387132798285,5.4697387132798285,-3.5922631070895834,0.0,-0.00012770847098721478,-0.20634931665994863,-0.20165242721024906,-0.20740017579928607,-0.19323254750196786,0.09792925860595773
2023-09-18 00:00:00+00:00,-0.014514591853848513,6.375833096455529,5.375833096455529,-3.3725563593213486,0.00011203452077071574,-0.00013294310411418735,-0.20472683559853716,-0.2046760911646009,-0.21188272164827257,-0.2031015070984201,-0.20470731034936254
2023-09-19 00:00:00+00:00,-0.013131284924363995,6.292110215435781,5.292110215435781,-2.993798723571034,0.0,8.220310946691361e-06,-0.2109105294345492,-0.20826936809978808,-0.21897901179990376,-0.20820151833875358,-0.20974151899234722
2023-09-20 00:00:00+00:00,0.004295972005965432,6.319140944779742,5.319140944779742,-3.234572217449355,0.0,-0.00010403744681016078,-0.20932648420040742,-0.20474093397025053,-0.22086327611892792,-0.2035948598223111,-0.20867762754770167
2023-09-21 00:00:00+00:00,0.027822993965113785,6.494958365151053,5.494958365151053,-2.175108182781905,0.0,8.999471411528853e-05,-0.19948958752079976,-0.19445697699352452,-0.20602551132248362,-0.1932191395930712,-0.19868208220448286
2023-09-22 00:00:00+00:00,-0.0025168264402181117,6.478611682209525,5.478611682209525,-2.6482767314712903,0.0,6.478174595846869e-05,-0.20009913556472755,-0.19609046522994647,-0.2062797584248032,-0.1945633859910842,-0.19993134619517497
2023-09-23 00:00:00+00:00,-0.0013782293297882608,6.469682669572795,5.469682669572795,-2.420955319894322,0.0,0.00015403355069576835,-0.20034814622525104,-0.19644618713952913,-0.20714955975484073,-0.1957558042869204,-0.20017471311836932
2023-09-24 00:00:00+00:00,0.010968587768086513,6.540645951765673,5.540645951765673,-2.4506354640009467,0.0,0.00015583845990719088,-0.1957072594636459,-0.1927314920720491,-0.2036288014564159,-0.19093383899440589,-0.1953293624835909
2023-09-25 00:00:00+00:00,-0.006384574371621876,6.498886711248177,5.498886711248177,-2.537720396952053,1.0124396954953439e-05,6.257136649623373e-05,-0.20172888738352984,-0.2022640246739237,-0.2015951325939564,-0.205159644986254,-0.20214610305655464
2023-09-26 00:00:00+00:00,0.00265350680508436,6.516131551361947,5.516131551361947,-2.868733239164053,0.0,9.483361887637569e-05,-0.2005697841513818,-0.20244153155085262,-0.1972750454693958,-0.2067900592375337,-0.20058486302603157
2023-09-27 00:00:00+00:00,0.00033841419336821943,6.518336702764782,5.518336702764782,-2.4573752736400083,0.0,0.00020524042058095375,-0.201655577985319,-0.20295604462277322,-0.19828685512667957,-0.20413581507065415,-0.2001529703917364
2023-09-28 00:00:00+00:00,-0.031354372080606985,6.313958348439618,5.313958348439618,-2.667012622591147,0.0,0.00010492685633299624,-0.213333975588278,-0.21663788463509603,-0.2135701112343508,-0.2186765324930702,-0.2100483108647203
2023-09-29 00:00:00+00:00,-0.004020111528115766,6.288575531695013,5.288575531695013,-2.6694505718422454,0.0,7.109399932420705e-05,-0.2132363647237397,-0.21941868270556864,-0.2177860140199023,-0.21730717426144514,-0.21295432947305892
2023-09-30 00:00:00+00:00,-0.014104243483601508,6.199879931230968,5.199879931230968,-2.7663644270948544,0.0,1.2206833433933977e-06,-0.21676951585146575,-0.2230344253445762,-0.2327644986187744,-0.22207504566444597,-0.2158268884060011
2023-10-01 00:00:00+00:00,-0.06058798376758334,5.82424170659658,4.82424170659658,-3.4837296461119083,0.0,-2.212163225247234e-06,-0.23957321654807695,-0.2464045927787201,-0.27708335339900725,-0.24955388801035988,-0.23396911601340678
2023-10-02 00:00:00+00:00,0.020356974092198277,5.942805644124467,4.942805644124467,-3.090138888508628,0.00022630445836234982,0.00012299216002553226,-0.19243715239946854,-0.18783694210495921,0.1918036815271237,-0.18716210290240473,-0.1922118225685458
2023-10-03 00:00:00+00:00,0.0031151054999623007,5.961318110671686,4.961318110671686,-3.1823530784997627,0.0,0.00014799465445770326,-0.1913815543649924,-0.18665517846199414,0.19307381200116475,-0.18852443463775412,-0.18963568446035148
2023-10-04 00:00:00+00:00,-0.019089779870058332,5.847517860203572,4.847517860203572,-3.3604910337195983,0.0,0.00011968271397130737,-0.19758156803835503,-0.18908936863119225,0.1927601722490364,-0.20614469400327046,-0.19360998674898414
2023-10-05 00:00:00+00:00,0.004289343178575988,5.872599871048838,4.872599871048838,-2.9926073007755223,0.0,0.00015396968446287527,-0.19417639881423052,-0.18433250849611843,0.1884148064455927,-0.2059557815130266,-0.1909622926322491
2023-10-06 00:00:00+00:00,-0.01366243202208206,5.792365874517745,4.792365874517745,-2.918199077559963,0.0,8.098140661430449e-05,-0.20058734147012086,-0.19072507706223696,0.19699576796015336,-0.21959341708104776,-0.19516699474672516
2023-10-07 00:00:00+00:00,0.006375792409320846,5.829296796892504,4.829296796892504,-2.9128276310923584,0.0,0.0001415682307191675,-0.19950717299670706,-0.18823166767528954,0.194810448466684,-0.21191165417691224,-0.1941835417926611
2023-10-08 00:00:00+00:00,0.006974404383515598,5.869952670025564,4.869952670025564,-2.8995008290908877,0.0,0.00019963081391931474,-0.19782899036566043,-0.18679518705420217,0.19283788116172423,-0.2050922840445695,-0.19126826039864345
2023-10-09 00:00:00+00:00,0.017173881684692915,5.970762542675331,4.970762542675331,-2.7683609210102462,1.2726687772518728e-05,8.510091693341717e-05,-0.19434522640728488,-0.19028121919789895,0.18707100061532222,-0.18600838435956474,-0.18948554502734385
2023-10-10 00:00:00+00:00,0.0023531694516094603,5.984812758693568,4.984812758693568,-2.747499722564647,0.0,9.805215088453786e-05,-0.192503263145929,-0.1883308786819512,0.18688543461382937,-0.1852408459650389,-0.19026468158761284
2023-10-11 00:00:00+00:00,0.00917465574554166,6.039721355456107,5.039721355456107,-3.04343782846977,0.0,0.00011169117831874524,-0.18715353947126007,-0.18652105309709827,0.18427333938284013,-0.17927545569020306,-0.1866199060451943
2023-10-12 00:00:00+00:00,0.0037119404817640422,6.062140441654,5.062140441654,-2.8386849167319483,0.0,8.609566890049572e-05,-0.18562503815576145,-0.18259656269010008,0.1775494669040313,-0.17500024282183493,-0.18395819736625874
2023-10-13 00:00:00+00:00,0.00014710970385856115,6.063032241339121,5.063032241339121,-2.7301934024142955,0.0,0.00011313028269614761,-0.18633196467499946,-0.18408122228259277,0.1821546131340672,-0.17570452335509035,-0.1855526584300728
2023-10-14 00:00:00+00:00,-0.0033467884414507543,6.042740555113664,5.042740555113664,-3.0255392713585385,0.0,0.00016066154379741323,-0.18686367068764223,-0.1850088807986023,0.1840556793510706,-0.1761981659481216,-0.19086523439295341
2023-10-15 00:00:00+00:00,-0.0017989433278970957,6.031870007309829,5.031870007309829,-2.9185897995580588,0.0,0.0001217575910755879,-0.18931754114433808,-0.18571199586877854,0.1838421796079299,-0.1771336381968538,-0.18948343635432055
2023-10-16 00:00:00+00:00,-0.003585249872706253,6.010244246133941,5.010244246133941,-2.964159553113242,2.60789230897227e-05,0.00021331643679196866,-0.21067253568022096,-0.2060452976415024,0.21922173160439243,-0.2054844530597537,-0.2029486930139821
2023-10-17 00:00:00+00:00,0.014860393117180903,6.099558838361766,5.099558838361766,-2.6728772806086325,0.0,0.00011315441188535641,-0.20682690860011047,-0.19863137566567926,0.21593050183366583,-0.19622301250923513,-0.19677465692885746
2023-10-18 00:00:00+00:00,0.001906053166023991,6.1111849217969745,5.1111849217969745,-2.530559730795152,0.0,8.780917211246432e-05,-0.2058893837957187,-0.19808363374810892,0.21081844409511397,-0.19154579621571902,-0.19490208511789903
2023-10-19 00:00:00+00:00,0.006041815006081475,6.148107570562426,5.148107570562426,-2.31081866031443,0.0,5.9330901943652357e-05,-0.20747106054596115,-0.19730227668717404,0.2229985250064172,-0.19377513658747525,-0.19462512951962968
2023-10-20 00:00:00+00:00,0.0006311410269366213,6.1519878934882275,5.1519878934882275,-2.3661142497194247,0.0,0.0002395068352738964,-0.21424819196178616,-0.2018683725267991,0.2416455670717881,-0.19694494970062287,-0.19800811014048
2023-10-21 00:00:00+00:00,0.0026174747565665957,6.168090566502136,5.168090566502136,-2.3546013896316595,0.0,0.0001545060525725107,-0.2154356775691398,-0.20450000236555843,0.26155584556178746,-0.2053216732412504,-0.20177944881098275
2023-10-22 00:00:00+00:00,-0.01856512209514305,6.053579212041124,5.053579212041124,-2.376285351230956,0.0,0.00012317794031583795,-0.22014312531387895,-0.21278838831190225,0.2639486752627526,-0.21895983905339028,-0.20727690323234824
2023-10-23 00:00:00+00:00,0.0022112921515176076,6.066965444241301,5.066965444241301,-2.2015714887747757,0.00020544611782559756,7.957535513520805e-05,0.22009736110422815,-0.2119387565904817,0.219248881040964,-0.14265779268932097,-0.21821744987488914
2023-10-24 00:00:00+00:00,-0.0022095641566383106,6.0535600948561425,5.0535600948561425,-2.638089725280433,0.0,4.0040327102849916e-05,0.2262070875182283,-0.21456782162256655,0.2077151980839454,-0.13939530868915462,-0.2159770570641136
2023-10-25 00:00:00+00:00,0.010882191424260945,6.119436094606634,5.119436094606634,-2.4344311319791667,0.0,4.080537053209832e-05,0.2275372280556755,-0.21254348880353355,0.22107557143922962,-0.1406331035860722,-0.21926519210657577
2023-10-26 00:00:00+00:00,-0.020227990041254973,5.995652202226835,4.995652202226835,-2.7134774472688403,0.0,4.827100749949057e-05,0.22998778822203186,-0.2189458366031141,0.22789301042155183,-0.15066703277825763,-0.23534831590858968
2023-10-27 00:00:00+00:00,0.013569539604541658,6.0770104422400095,5.0770104422400095,-2.4999329457454094,0.0,4.412411599391331e-05,0.2251754011850885,-0.2132259412112187,0.21776809546668832,-0.14252959652106073,-0.21895491317301452
2023-10-28 00:00:00+00:00,-0.008245161366929765,6.026904510515223,5.026904510515223,-2.522072237739729,0.0,3.953008627605515e-05,0.22834368660906662,-0.21460488255977542,0.2187137739805442,-0.1488549588466569,-0.22481361355105597
2023-10-29 00:00:00+00:00,0.002484414603643348,6.0418778400959114,5.0418778400959114,-2.4819174813030433,0.0,6.633667392331233e-05,0.23073138047043665,-0.21632972156814245,0.22653589227750648,-0.1539654978663616,-0.22542599276249717
2023-10-30 00:00:00+00:00,0.013795047463347476,6.125225831667782,5.125225831667782,-2.305978333051399,0.0002921997323891396,-0.00017313619769973444,0.196964999336129,0.007242000663782733,0.2100300926528043,0.19876330145981036,-0.025151541870020312
2023-10-31 00:00:00+00:00,0.019370274780048158,6.243873139117036,5.243873139117036,-1.7901763813168208,0.0,-0.00017329244207971937,0.19416134058956677,0.007127390097899795,0.22616084413968338,0.1925891977754097,-0.02418814355052801
2023-11-01 00:00:00+00:00,0.03643833047415801,6.471389451998901,5.471389451998901,-1.1169100011684816,0.0,-2.15440011287914e-05,0.1915844959536685,0.007000017267497376,0.23431435345842758,0.2007618331212481,-0.02358050020223736
2023-11-02 00:00:00+00:00,-0.014026337022106317,6.380619562543861,5.380619562543861,-1.342961616687471,0.0,-0.0002707439207749585,0.19158316307595202,0.006917057278525301,0.2321511689164053,0.19771178018474542,-0.023555324288426105
2023-11-03 00:00:00+00:00,-0.0018482434614615073,6.3688266241573155,5.3688266241573155,-1.414970225435536,0.0,-0.00018092649194824409,0.19062115704084603,0.007052285229908836,0.22822422178363147,0.20202809987626524,-0.023668421049943607
2023-11-04 00:00:00+00:00,0.020260252040019466,6.497860656761929,5.497860656761929,-1.086599784795368,0.0,-0.00017654801565422317,0.18882422183392575,0.007001224103685076,0.24025796654856502,0.19974792325841365,-0.023542322537125803
2023-11-05 00:00:00+00:00,-0.005889138356498513,6.459593856333009,5.459593856333009,-1.1781696323301873,0.0,-0.00018275525776372637,0.18970342747606117,0.0071808534353203736,0.23453143342611915,0.2031168778818687,-0.0243565509819728
2023-11-06 00:00:00+00:00,0.03222737802444642,6.667769629425444,5.667769629425444,-0.8381833954603389,0.0001627922034825027,-0.00038142589672787795,0.193900655194874,0.19466802071704106,0.19849591268615058,0.20508749125714845,0.20821743746708157
2023-11-07 00:00:00+00:00,-0.008784337725587732,6.609197689124154,5.609197689124154,-0.9957747850223603,0.0,-0.00033612624390960504,0.19756700441977804,0.1947491163083267,0.2040292965417992,0.20260404695674877,0.20176243288420018
2023-11-08 00:00:00+00:00,0.010301315727955451,6.677281121228296,5.677281121228296,-0.9167435444864348,0.0,-0.0003185071920873625,0.19676873567728295,0.19303223540277983,0.20272900885930584,0.20337109815572035,0.20511881991642428
2023-11-09 00:00:00+00:00,0.03426490398937099,6.906077517757223,5.906077517757223,-0.41731425820282536,0.0,-0.000609746659749145,0.19608549522202426,0.20981333615033645,0.20584009302724585,0.19630055315557007,0.19353617744865903
2023-11-10 00:00:00+00:00,0.08215398081148284,7.473439277633663,6.473439277633663,0.5597255716851766,0.0,-0.00048280297727060944,0.18421385564697915,0.18988286587505457,0.23796711894009737,0.20640103916932645,0.18343730621048954
2023-11-11 00:00:00+00:00,0.031184378209089925,7.706493834590058,6.706493834590058,1.030199161641984,0.0,-0.0006102000294276902,0.1778375929927834,0.18196356951119824,0.2296713636643382,0.22793196591359174,0.18503191592083387
2023-11-12 00:00:00+00:00,0.02615990486729891,7.9080949801633595,6.9080949801633595,1.2206431906377224,0.0,-0.0006426403734634118,0.17294675637231266,0.17659631748240406,0.22344338152731266,0.2508247358401182,0.17918936294256324
2023-11-13 00:00:00+00:00,-0.05865507499026379,7.444245076071749,6.444245076071749,0.8078922967675535,5.09374881995528e-05,-0.0007531256357176377,0.2090179497063419,0.213396033316658,0.19489747573967803,0.18046035043288144,0.20302824359668334
2023-11-14 00:00:00+00:00,0.01069021935507708,7.523825688867909,6.523825688867909,1.2463234856628134,0.0,-0.0005280359924204964,0.20155168121304481,0.20342659577503885,0.21219725712745732,0.18886244540041003,0.19527606187796956
2023-11-15 00:00:00+00:00,0.104028345941507,8.306516830433058,7.306516830433058,2.841607377177736,0.0,-0.0003796336053295522,0.19450502761520494,0.19162655891021096,0.22147147244616575,0.20773168738397807,0.18619934016085635
2023-11-16 00:00:00+00:00,-0.026412475426348392,8.087121158770696,7.087121158770696,2.5576959576921396,0.0,-0.0006346882323693405,0.19076654169031784,0.18753872888612194,0.20086534408326698,0.22378419852162965,0.1992727983009853
2023-11-17 00:00:00+00:00,0.023789406785229783,8.27950897373813,7.27950897373813,2.7036695075346224,0.0,-0.0003257208596470964,0.18863049417593505,0.18309507289339297,0.19839590403380247,0.2206876261939088,0.21168490422812447
2023-11-18 00:00:00+00:00,-0.014314015138429892,8.160995956949277,7.160995956949277,2.528595846300136,0.0,-0.0003007482004575492,0.19115551610549197,0.18594149149129194,0.20159013692001876,0.22461736019790254,0.1995308300354525
2023-11-19 00:00:00+00:00,0.026443698369689628,8.3768028724311,7.3768028724310994,2.7327840212878867,0.0,-0.0003008506004250474,0.19027817393612564,0.18569751893013553,0.20483844405864468,0.22741518851971743,0.19482606410627373
2023-11-20 00:00:00+00:00,-0.038054795298757105,8.058025353862693,7.058025353862693,2.276525331007927,2.1508156462039503e-05,-0.00031958512616526004,0.2083893007986016,0.20893551487970977,0.1926085971647322,0.1896194962753235,0.20077931887612085
2023-11-21 00:00:00+00:00,-0.06782649634667659,7.511477726637497,6.511477726637497,1.5159133274851997,0.0,-0.00030494246556963845,0.21325538150796927,0.21427771604455148,0.18865954203524085,0.1856708711194879,0.19882002133647458
2023-11-22 00:00:00+00:00,0.0738475832933827,8.06618220371175,7.066182203711749,2.083646211465161,0.0,-0.00030020505961311723,0.20790572111718786,0.21300726719959204,0.19573159632176504,0.18885540121343297,0.1954161004889906
2023-11-23 00:00:00+00:00,-0.004752558452965738,8.027847201296337,7.027847201296337,2.0661327864098324,0.0,-0.00030027482590229063,0.20823352614963128,0.2138968816268464,0.19310721932023578,0.18844277128954226,0.19754177121307526
2023-11-24 00:00:00+00:00,0.012349650949758706,8.126988312110344,7.126988312110344,2.1839299302513173,0.0,-0.0003003666508797993,0.20796563402093432,0.21318052536370757,0.19187164737202078,0.18833505418640337,0.20015110189110144
2023-11-25 00:00:00+00:00,0.01326927499688546,8.23482755492021,7.23482755492021,2.288224501761348,0.0,-0.00030502664303948084,0.20557044240044794,0.21056168575510564,0.19588861122342272,0.19023800961630577,0.19952655084736098
2023-11-26 00:00:00+00:00,-0.011728713154644632,8.138243624650588,7.138243624650588,2.2184556639103086,0.0,-0.0003067145205051305,0.20619972622240815,0.21092271303032395,0.19404562820790677,0.18982143463111878,0.20112734010632544
2023-11-27 00:00:00+00:00,-0.020009534737067347,7.975401156144425,6.975401156144425,2.113389532820821,1.2033950782011209e-05,-0.0002999963898147654,0.2029712997266762,0.2006764609949961,0.19499915549235486,0.19711097888734455,0.2045482266421028
2023-11-28 00:00:00+00:00,0.024629622827866404,8.171832278521192,7.171832278521192,2.2920927132285387,0.0,-0.0003000918365230424,0.20116634692583668,0.1978454336403026,0.20121595792356667,0.19556636691981955,0.20479753625931923
2023-11-29 00:00:00+00:00,0.0048790911033234075,8.211703392689175,7.211703392689175,2.2570936677126823,0.0,-0.00030017749250065343,0.2003219617747472,0.1949824855827209,0.2041657679641524,0.19862216486690465,0.20279510883303084
2023-11-30 00:00:00+00:00,0.01148637339478853,8.306026084064856,7.306026084064856,2.351466414644156,0.0,-0.0003002662467064669,0.1974174438206431,0.194987325230768,0.2017962379634201,0.19900653556581616,0.2079667246161276
2023-12-01 00:00:00+00:00,0.01476354701529381,8.428652490667204,7.428652490667204,2.4855861455038677,0.0,-0.00030035228015903246,0.19941034154074316,0.19544984632934037,0.2003390065320381,0.2003799025198425,0.2058740686763383
2023-12-02 00:00:00+00:00,0.03346636780691581,8.71072887503655,7.7107288750365495,2.756640996612005,0.0,-0.0003505626466408333,0.19682095054451335,0.19621521553133522,0.20661487838494091,0.19723264671284657,0.20486162759157045
2023-12-03 00:00:00+00:00,-0.0010659994030597364,8.701443243255545,7.701443243255545,2.7258248963790623,0.0,-0.00036894346903610764,0.19975249624168942,0.1989610113098789,0.20466256061759233,0.19482557104804527,0.20391487922443197
2023-12-04 00:00:00+00:00,0.03129690517795436,8.973771487351065,7.9737714873510654,2.9333422360255272,5.2634264348437366e-06,-0.0004839474527647768,0.20369595297222512,0.19838776411144915,0.18979337351682557,0.20057139899342633,0.20802077144073308
2023-12-05 00:00:00+00:00,0.03415109487723389,9.280235608822208,8.280235608822208,3.2584984474210343,0.0,-0.00034689998855773525,0.20676584609884047,0.1961379244915251,0.1817104781228652,0.20973084546184415,0.20644411450754402
2023-12-06 00:00:00+00:00,0.010938460039177533,9.381747095183462,8.381747095183462,3.4025202342255523,0.0,-0.0005559443987381545,0.2031046748771641,0.18888359651510234,0.18214934238518476,0.221662897537834,0.2055300870688191
2023-12-07 00:00:00+00:00,0.027673229711031144,9.641370337639273,8.641370337639273,3.5836880220121508,0.0,-0.0004318683250500053,0.19547376616524137,0.19398182076495699,0.19422468298470624,0.21603921748652571,0.2019955195270365
2023-12-08 00:00:00+00:00,0.07089336969009508,10.32487956930465,9.32487956930465,4.028006681829191,0.0,-0.0006922703710413451,0.18638462278758122,0.1814306784789202,0.20055592755392065,0.2338710377427914,0.20000564846515653
2023-12-09 00:00:00+00:00,-0.006312190727213229,10.259706960227692,9.259706960227692,3.978911541324321,0.0,-0.0009703255316976294,0.18555245030474005,0.18115859612606258,0.1947989783397176,0.2467436330122832,0.19498502596679668
2023-12-10 00:00:00+00:00,0.05478753280808246,10.821810991912479,9.821810991912479,4.172450840826112,0.0,-0.0006359731960544892,0.17621901902793913,0.17259723055395482,0.1911602194984135,0.27244404540443606,0.19125288591594142
2023-12-11 00:00:00+00:00,-0.046113929997212755,10.322774757388359,9.322774757388359,3.817933851605433,4.9425141642865516e-05,-0.0004529556114981889,0.1975075774910865,0.19822133961515748,0.19672449879956644,0.2144828069013535,0.19353863013989384
2023-12-12 00:00:00+00:00,-0.00928149475312201,10.226963977639999,9.226963977639999,3.834560390703152,0.0,-0.000393154956464638,0.20053654920480926,0.19820304702674188,0.1939286288762311,0.213437223255972,0.19477069142663556
2023-12-13 00:00:00+00:00,0.031049907409534505,10.544510262226366,9.544510262226366,4.15237136087866,0.0,-0.0003263840310506659,0.20086901069673466,0.19718151844239698,0.1936343745416288,0.21530255843885893,0.1941788478841921
2023-12-14 00:00:00+00:00,0.02450533219375628,10.802906989022695,9.802906989022695,4.384135085563367,0.0,-0.00030034989300114346,0.1967841669770824,0.1971545106186171,0.20259737031509273,0.21162835961310605,0.19326717106405494
2023-12-15 00:00:00+00:00,-0.029954788542868926,10.47930819451824,9.47930819451824,4.093717696043356,0.0,-0.00045374533867881343,0.19784308779731624,0.19492265025212763,0.2000335517815518,0.2206839778569278,0.18846027463810894
2023-12-16 00:00:00+00:00,0.027145623556156018,10.763775549895572,9.763775549895572,4.2125498788618625,0.0,-0.00034582327815847996,0.19408035238652957,0.1904485475202465,0.19792784750724313,0.2282079686897057,0.19156414565812022
2023-12-17 00:00:00+00:00,-0.03152526152866286,10.424444710649286,9.424444710649286,4.050896976279436,0.0,-0.00030469119003313376,0.1961760180206213,0.19385119270697393,0.19651315404337394,0.22674568612123483,0.18932997289368975
2023-12-18 00:00:00+00:00,0.01848508768025936,10.617141485143655,9.617141485143655,4.300911804720226,1.7806371959801547e-05,-0.0003280921577649727,0.20241556684431677,0.19838123828458903,0.20613478559760426,0.19879778591816083,0.19459276077465268
2023-12-19 00:00:00+00:00,-0.0203536765456247,10.401043621515909,9.401043621515909,4.089947213135502,0.0,-0.00030077688601826916,0.20481302129935047,0.19872185588251343,0.2064907270744919,0.1960701059507215,0.19454014611211493
2023-12-20 00:00:00+00:00,0.05596383055656595,10.983125864361876,9.983125864361876,4.243488595553756,0.0,-0.00044259657189435524,0.20042665812711574,0.1903430889530657,0.22018599394610855,0.2031206553840505,0.18694490077795262
2023-12-21 00:00:00+00:00,0.053673521807175106,11.572628909953652,10.572628909953652,4.598629637486152,0.0,-0.0007624673960509708,0.1910325869497558,0.18371261883433648,0.23865752413353297,0.20406805523868157,0.18422211548836792
2023-12-22 00:00:00+00:00,0.013722423640838421,11.73143342649425,10.73143342649425,4.711807374350679,0.0,-0.0009687920295366,0.1888883915835828,0.18811304455718075,0.24554057552339362,0.198431733425746,0.18165191713492138
2023-12-23 00:00:00+00:00,0.03115083461009327,12.096877368902293,11.096877368902293,4.843309474212144,0.0,-0.0004912454616341484,0.18204137005642768,0.18112304715009056,0.26243781773437586,0.20407340340896238,0.17334710825698427
2023-12-24 00:00:00+00:00,-0.0009826567012909404,12.084990291291046,11.084990291291046,4.8873486817641085,0.0,-0.0008053857167570933,0.1792332373435386,0.17781388766513725,0.27390308573819255,0.20264778890322988,0.17023389811351566
2023-12-25 00:00:00+00:00,0.025455058346077974,12.392614424267645,11.392614424267645,5.046161048889335,5.224444803173082e-05,-0.0008367002847715761,0.1977617949720852,0.19568288232386905,0.20952762776674452,0.1971011705838531,0.20074245507411886
2023-12-26 00:00:00+00:00,-0.04591947365692728,11.82355209267203,10.82355209267203,4.616372984413071,0.0,-0.000990202318319931,0.20217829406816107,0.2014349338991271,0.20436080557279804,0.1902425120479005,0.20367651583515486
2023-12-27 00:00:00+00:00,0.00371697436319951,11.867499932682446,10.867499932682446,4.919499097139779,0.0,-0.0009313455418930799,0.205763741570397,0.21398200242379622,0.19374791813872325,0.18118237176655186,0.2081379136945001
2023-12-28 00:00:00+00:00,-0.03366432252456686,11.467988587388348,10.467988587388348,4.653655137102372,0.0,-0.0016009657086368584,0.2087486577789965,0.2182409858823419,0.190796068437637,0.17594172803373462,0.21084127589994164
2023-12-29 00:00:00+00:00,-0.0002470869822206456,11.46515499669615,10.46515499669615,4.766868038550788,0.0,-0.0014599650922383482,0.2063250411863969,0.21407411102562143,0.19891791426515223,0.17758865115656544,0.20912445346793385
2023-12-30 00:00:00+00:00,-0.015096092390335158,11.292075957596511,10.292075957596511,5.2435773789650595,0.0,-0.0009851146397682543,0.20988112703289155,0.21666186102915905,0.1938786445795379,0.1766106004896718,0.2100905792438718
2023-12-31 00:00:00+00:00,-0.006296460587257968,11.220975846381181,10.220975846381181,5.042723119751129,0.0,-0.001026863081125374,0.21191113589456603,0.21714003985929797,0.19473785064326601,0.17416415276245922,0.21024813555151042
2024-01-01 00:00:00+00:00,0.05365780261001318,11.823068753438028,10.823068753438028,5.34397440289319,2.463905776487723e-05,-0.001016438955284788,0.19840587540818752,0.19569194928137137,0.20523149209324318,0.20648488770887005,0.19515047204065827
2024-01-02 00:00:00+00:00,-0.012727182666496861,11.672594397734471,10.672594397734471,5.402184590131004,0.0,-0.0017728186328743315,0.20436944520325206,0.19840912201081717,0.20180031674666687,0.20254535417048877,0.19564854677396312
2024-01-03 00:00:00+00:00,-0.07744658996933829,10.768591765534735,9.768591765534735,4.576659915489499,0.0,-0.0006670220894574201,0.2110341240601251,0.2016937030661306,0.2017237772479246,0.1985626187150209,0.19071434910753596
2024-01-04 00:00:00+00:00,0.03971917474644027,11.196311343643087,10.196311343643087,4.935463522462574,0.0,-0.0003011185716590212,0.20910315689732867,0.19903144918090948,0.2067316289114115,0.2010381611455829,0.18797135307308502
2024-01-05 00:00:00+00:00,-0.024908981270515107,10.917422634085426,9.917422634085426,4.684957000065466,0.0,-0.0003011627247624953,0.21445252993045064,0.20421296935916225,0.20171041872143133,0.19420974934212218,0.18969794499978346
2024-01-06 00:00:00+00:00,-0.030649468650882694,10.582809431313589,9.582809431313589,4.383854492669372,0.0,-0.00030128508370588493,0.22028754647184945,0.2080171683201635,0.19543090477043076,0.19022268374568455,0.19077156198660125
2024-01-07 00:00:00+00:00,-0.022459433038784393,10.345125531528785,9.345125531528785,4.090948713339673,0.0,-0.0003014189595884189,0.22514471268844552,0.21094523442936486,0.1905749299731487,0.1890672208632874,0.18941478231278766
2024-01-08 00:00:00+00:00,0.04897143648126234,10.851741189386733,9.851741189386733,4.367299817036251,0.0001560519025079565,-0.00017997191065754835,0.20389773574034872,0.20009589781191045,0.20872773455456486,0.20444622240688956,-0.19826243583124945
2024-01-09 00:00:00+00:00,-0.002648240614446351,10.823003167631539,9.823003167631539,4.284360770607432,0.0,-0.00018567154640473926,0.20070182236733733,0.2017744546650234,0.21237306291899605,0.1968622630700858,-0.1936321944141933
2024-01-10 00:00:00+00:00,0.04155419449173037,11.272744346243913,10.272744346243913,4.51206050172357,0.0,-0.0001854238225821748,0.19498821976517544,0.21366996438331143,0.20947448477996145,0.21032616423740258,-0.19496416681913437
2024-01-11 00:00:00+00:00,-0.002532084204892593,11.244200808338997,10.244200808338997,4.492719888125523,0.0,-0.00019004839990401497,0.1941212700127082,0.21692707345457019,0.20561323277508903,0.2150338478632445,-0.19894060508106212
2024-01-12 00:00:00+00:00,-0.04688158155706157,10.717054891098874,9.717054891098874,4.13186991434431,0.0,-0.00018982644570736493,0.1880710603202152,0.21931497052958573,0.19894200105217158,0.20620635723062508,-0.1976443056206062
2024-01-13 00:00:00+00:00,0.01385847775074156,10.865576957860643,9.865576957860643,4.236989818452932,0.0,-0.00018446702505359747,0.18574958493494356,0.22104932283860315,0.20406491646249927,0.20648418336868815,-0.19701189355153537
2024-01-14 00:00:00+00:00,-0.022766275974820505,10.618208234212338,9.618208234212338,4.091552498250018,0.0,-0.00018610083421595965,0.18514604759663408,0.21706334609231964,0.20444803334770292,0.20438388125676482,-0.19935965607775116
2024-01-15 00:00:00+00:00,0.005311182411319226,10.674603475025611,9.674603475025611,4.029519246258659,3.4231128871592066e-05,-0.000154158250868883,0.11539018915146995,0.20197967512056045,0.20005814103557779,0.20073518694312087,-0.20154662903401213
2024-01-16 00:00:00+00:00,0.013624142813876583,10.820035797250863,9.820035797250863,4.1068709623571475,0.0,-0.0001549849689650151,0.11549399951705605,0.20522882418493538,0.20422569371282287,0.19784241273432024,-0.19952429846931805
2024-01-17 00:00:00+00:00,0.008476250437790656,10.911749130414222,9.911749130414222,4.123002983684143,0.0,-0.00015697998950394497,0.11359504179116517,0.1990380206327185,0.2118799716847083,0.19891536984374014,-0.19599916416983096
2024-01-18 00:00:00+00:00,-0.03236275944833955,10.558614818145998,9.558614818145998,3.872186433852143,0.0,-0.00015822877193475034,0.11338729651261718,0.20087238940900165,0.2023201269277722,0.1914543021149318,-0.1962465479378994
2024-01-19 00:00:00+00:00,-0.005358523418379391,10.502036233377314,9.502036233377314,3.817037328447786,0.0,-0.0001535362701079271,0.11493363448755205,0.2036845865046826,0.2017011745332095,0.18753419233831473,-0.19854184910621905
2024-01-20 00:00:00+00:00,-0.02550411697736854,10.234191072780696,9.234191072780696,3.7633202749070116,0.0,-0.00015279352162726195,0.11802542637577922,0.20732222383508744,0.20544086914734036,0.19337733304398766,-0.22753941843442882
2024-01-21 00:00:00+00:00,-0.0018230121810753896,10.215534017791564,9.215534017791564,3.7358120650186626,0.0,-0.0001489879301903298,0.11792390818251679,0.20641967884805829,0.20183932674253588,0.19168019846705456,-0.22200675033546874
2024-01-22 00:00:00+00:00,-0.04967070259658457,9.708121265728547,8.708121265728547,3.369392018622082,7.016054934256279e-05,-0.0002039248104586318,0.12019541858203472,0.1982175023348869,0.1937568868070822,0.19104026809651156,-0.03991078295332866
2024-01-23 00:00:00+00:00,0.0036996747795798868,9.744038157132467,8.744038157132467,3.3233414758049182,0.0,-0.00019898978786015605,0.12072995649636936,0.19128662767386648,0.19405988068685873,0.19725095428847936,-0.03858877849477509
2024-01-24 00:00:00+00:00,0.013193569058516541,9.872596797467414,8.872596797467414,3.551095656347255,0.0,-0.00019583162482718935,0.11972151653382909,0.18820197986165205,0.2015700416631417,0.19831424812158743,-0.038510169176704065
2024-01-25 00:00:00+00:00,-0.009908005685607124,9.774779052266402,8.774779052266402,3.39535470629344,0.0,-0.00020078928510105192,0.12054124997532517,0.188673286898138,0.19932475575998213,0.19600104843293725,-0.03834931599931751
2024-01-26 00:00:00+00:00,0.03210647379658704,10.08861273977542,9.08861273977542,3.6477860633175134,0.0,-0.00018949878508329183,0.12220846910089257,0.18681783376902697,0.20507139800661653,0.20072799053425297,-0.03806702805373997
2024-01-27 00:00:00+00:00,0.011233736574930653,10.201945557700547,9.201945557700547,3.7041612490884064,0.0,-0.00019145942086612133,0.12170593920465604,0.18476449092674715,0.20713879482133377,0.2046963723659921,-0.03776673230445588
2024-01-28 00:00:00+00:00,0.01273224878036916,10.331839266584973,9.331839266584973,3.697574007134286,0.0,-0.00014088657113014684,0.11994462555731933,0.18155715180377258,0.2082460015313779,0.21162855269099326,-0.036682029411446035
2024-01-29 00:00:00+00:00,0.02258970697552476,10.565232488135349,9.565232488135349,3.716565091645986,8.806795714820962e-05,-0.0001571277405892063,0.1711715293408815,0.20081090268003707,0.20713162610241856,0.20242793514868543,-0.20191881386429783
2024-01-30 00:00:00+00:00,-0.00047019589934005346,10.560264759143854,9.560264759143854,3.493963526477745,0.0,-0.00014533486746674012,0.16979065451828682,0.2031108410707384,0.20671518734052516,0.19787055605084644,-0.1979164087768065
2024-01-31 00:00:00+00:00,-0.02485014624126125,10.297840635532692,9.297840635532692,3.4138796132478824,0.0,-0.00015166485555567657,0.1726659222868737,0.20295500506637237,0.20265851266791626,0.19114639472649383,-0.20041344482715756
2024-02-01 00:00:00+00:00,0.00788760002442812,10.379065883581077,9.379065883581077,3.4779150401009824,0.0,-0.00014230992418936856,0.17337596732281235,0.2032488925140205,0.20286308103630865,0.1934753050838527,-0.20043680565241034
2024-02-02 00:00:00+00:00,0.023365196487587836,10.621574797308568,9.621574797308568,3.4962214309700568,0.0,-0.00015890853710663882,0.16984779739372893,0.19901018501543957,0.2038757141926253,0.20537095662787808,-0.1956629722197513
2024-02-03 00:00:00+00:00,-0.010551690683859083,10.509499225471895,9.509499225471895,3.4636585511256013,0.0,-0.00015049184510726045,0.17090538430355523,0.2000370453849324,0.20063221462258482,0.20299327648997606,-0.1964270752559835
2024-02-04 00:00:00+00:00,-0.012576319185520601,10.37732840873238,9.37732840873238,3.1800781367729436,0.0,-0.0001531217152459574,0.17138279755347086,0.2019882054669763,0.1980744154823595,0.19929445998593653,-0.19781696903597767
2024-02-05 00:00:00+00:00,-0.0022203879865981824,10.354286713400647,9.354286713400647,3.2250404228082483,0.0001916027355423045,-9.222863911127937e-06,-0.20098381957427117,0.030975132456252986,0.20072999474754025,0.19854939229232266,-0.20048346377191495
2024-02-06 00:00:00+00:00,-0.0009039491375449904,10.344926964856175,9.344926964856175,3.1521064079358623,0.0,1.7920472577732875e-06,-0.2029854078156931,0.031958653757084725,0.20354055504186433,0.19651901444220155,-0.20112609420375036
2024-02-07 00:00:00+00:00,0.006211497212703421,10.409184449864,9.409184449864,2.983414193880434,0.0,-2.2020309747305132e-05,-0.20757231231481005,0.0324641587163166,0.21122077340557852,0.20187784138628545,-0.2040609753559204
2024-02-08 00:00:00+00:00,0.0002497709562374606,10.411784361817695,9.411784361817695,2.5315459496136015,0.0,-3.1883918469809146e-05,-0.21193482294379073,0.03238295231753942,0.214523416365264,0.2025536549719752,-0.20332260281441294
2024-02-09 00:00:00+00:00,0.011404985801995782,10.530530614637668,9.530530614637668,2.407740824255955,0.0,-3.3074748709271925e-06,-0.218094496092595,0.03289780388207189,0.2207316505708736,0.21489601345387363,-0.20533440632985034
2024-02-10 00:00:00+00:00,0.014341175832033315,10.681550805786797,9.681550805786797,2.3330487390382326,0.0,-1.69618888686956e-05,-0.21782433983174007,0.03261486077980867,0.22179329166755166,0.22406452866861587,-0.20203423330768977
2024-02-11 00:00:00+00:00,-0.007761142223653317,10.598649770813907,9.598649770813907,2.7376330207809745,0.0,-1.5885650443551472e-05,-0.22215330863328947,0.032960719441606924,0.22044111682855289,0.22318252882018666,-0.2031643165943027
2024-02-12 00:00:00+00:00,0.021181468618825194,10.823144738336321,9.823144738336321,2.8062093179077396,0.0003240695130582334,-8.308736228500117e-05,0.20243632692551888,0.20788257865692406,0.20355980359361833,-0.0908570632376788,-0.19834301712364075
2024-02-13 00:00:00+00:00,0.004443903037200547,10.871241744111074,9.871241744111074,2.2568112128106494,0.0,-7.572606694552382e-05,0.20054315715175916,0.20540105394962047,0.2041138061167701,-0.08770627144414145,-0.19460994065829187
2024-02-14 00:00:00+00:00,0.011046197082883458,10.991327622952195,9.991327622952195,2.5472840689729344,0.0,-5.933579615933403e-05,0.20684076941161553,0.21356623253625315,0.21005138690488342,-0.09219651740529049,-0.20311661401766556
2024-02-15 00:00:00+00:00,-0.0001817880445675879,10.989329530996416,9.989329530996416,2.3760667433185625,0.0,1.3160975961905882e-05,0.20717897526419288,0.2173291137074926,0.2038205510088547,-0.09073360812622573,-0.2025838224123753
2024-02-16 00:00:00+00:00,-0.005059568332191566,10.93372826730937,9.93372826730937,2.4489420455101403,0.0,-8.831561121973861e-05,0.20923601918760198,0.2168218733107416,0.19907549667278904,-0.08834565113276582,-0.20506942987018362
2024-02-17 00:00:00+00:00,0.0008395068458286747,10.942907207040207,9.942907207040207,2.266592393484418,0.0,-0.0001912584596264189,0.20717951768202839,0.21538359886273828,0.19641476768418628,-0.0871888634783519,-0.19931905808665162
2024-02-18 00:00:00+00:00,0.010237219959243982,11.054932155112274,10.054932155112274,2.6586402335971924,0.0,-0.00015874961955116655,0.20705033563966882,0.2205551987419242,0.2003762061295693,-0.08746816569254436,-0.2011220680826288
2024-02-19 00:00:00+00:00,-0.004497047570228174,11.00521759932509,10.00521759932509,3.258087133405851,4.9572475015436334e-05,-6.700267834673907e-05,0.19949931508115618,0.20528051286632165,0.19966503089420704,-0.1970169530122278,-0.21093465323718993
2024-02-20 00:00:00+00:00,0.013745932775884873,11.156494580629397,10.156494580629397,2.894005825059746,0.0,-0.00011446011513701479,0.1986309583427408,0.20735299976467786,0.19124250859464179,-0.18934677349986834,-0.2003783472709792
2024-02-21 00:00:00+00:00,-0.0027684604263327195,11.12560826688633,10.12560826688633,2.9109135447890377,0.0,-0.00013221756750371209,0.19758427820584917,0.20465108217869343,0.1859274299400661,-0.18543157279489605,-0.19729737900514385
2024-02-22 00:00:00+00:00,-0.0027417800852309604,11.0951042957041,10.0951042957041,2.7885355104418545,0.0,-6.704345738649083e-05,0.19598535630045505,0.20543140968651105,0.18057121420311242,-0.1818837074656146,-0.1967877215567499
2024-02-23 00:00:00+00:00,-0.005468793079077883,11.034427466120107,10.034427466120107,2.6359220034927233,0.0,-2.613479264218689e-05,0.19497018796989196,0.20312508192267612,0.17829687014843262,-0.17862000033990647,-0.19881016494929366
2024-02-24 00:00:00+00:00,0.007524081117862735,11.117451393464368,10.117451393464368,2.7980953630787475,0.0,6.79144843569351e-05,0.19667843111330038,0.20650742312051698,0.18429548339674842,-0.18142932090190483,-0.2011753837490476
2024-02-25 00:00:00+00:00,0.004513258888842353,11.167627329787194,10.167627329787194,3.0128324200266454,0.0,-5.8360780250939166e-05,0.19641247359132058,0.21387653562068715,0.18250706005324696,-0.18411026888054877,-0.2001785947352842
2024-02-26 00:00:00+00:00,0.0018453734375456499,11.188235772621992,10.188235772621992,2.8359082191697556,5.1411945046229294e-05,4.1473013292351575e-05,0.2102134598857469,0.20368138464264351,0.07332546462579559,-0.2094333734999425,-0.20691778200418123
2024-02-27 00:00:00+00:00,-0.005992500927330058,11.121190259379368,10.121190259379368,2.744170308181346,0.0,1.3294764712086122e-06,0.22142367042186153,0.20918850838778538,0.0727055925299739,-0.21042816720516558,-0.22762317173149585
2024-02-28 00:00:00+00:00,-0.010849880359065756,11.000526675614694,10.000526675614694,2.557170565077956,0.0,4.004328023228889e-05,0.24508439058787526,0.2207434181274537,0.08094151034036243,-0.21861137979025255,-0.2731849804759275
2024-02-29 00:00:00+00:00,-0.010588408606963418,10.884048604281485,9.884048604281485,2.3475190091681877,0.0,-0.00014546906071746156,0.24261495491124643,0.22021274970737245,0.08615344888682223,-0.22436588741929067,-0.2796086989197303
2024-03-01 00:00:00+00:00,-0.048565910779907795,10.35545487084177,9.35545487084177,1.650240413793738,0.0,2.8587662850765086e-05,0.2601126832195298,0.23786924410335092,0.09320571362305402,-0.24576975832451825,-0.3491889596902226
2024-03-02 00:00:00+00:00,-0.017904948803944887,10.170040981537786,9.170040981537786,1.5089596345631482,0.0,0.0004745528033774275,0.2631973951642309,0.24140299810952232,0.09543868371178442,-0.2602600310210529,-0.3623334602741302
2024-03-03 00:00:00+00:00,-0.008603749647956738,10.082540495023174,9.082540495023174,1.194070386976136,0.0,0.00045546262324561534,0.27035383610911573,0.24828628125580546,0.0963556765613304,-0.251949634864173,-0.3949341418637301
2024-03-04 00:00:00+00:00,0.06452758116749102,10.733142445190298,9.733142445190298,1.407847941984273,0.00038457516546212204,-0.0014593893950375072,0.20301799198295084,0.19522414144473213,0.19233877998027266,0.028121057607889202,0.2226763836726617
2024-03-05 00:00:00+00:00,-0.0692976017814958,9.989361414159431,8.989361414159431,0.7425238881329174,0.0,-0.002072314981118135,0.2036049626564504,0.20546681871540728,0.19412859013819894,0.027633497995174682,0.20096055733837315
2024-03-06 00:00:00+00:00,0.03887120867921978,10.377659966261367,9.377659966261367,0.8238701249859411,0.0,-0.0007804730742766083,0.20330601003194013,0.21262750414344944,0.19514995833053805,0.028057096989988872,0.199698837464859
2024-03-07 00:00:00+00:00,0.024411189291634994,10.630990988101995,9.630990988101995,0.4856216459062688,0.0,-0.0010317406767666147,0.2006878971102772,0.21023940415718592,0.20953417486601444,0.0284827871555823,0.1947426721560863
2024-03-08 00:00:00+00:00,0.012731788544315448,10.766342517379034,9.766342517379034,0.6348602220747258,0.0,-0.001337358830560781,0.202047596097699,0.20836576489852812,0.20816725692800203,0.02773853090980788,0.20065345785479557
2024-03-09 00:00:00+00:00,0.017754807312024168,10.957496854230351,9.957496854230351,0.35117488203299063,0.0,-0.0009832189998100955,0.19904668257251154,0.20589564455217238,0.20389340869702918,0.02745073884778162,0.2143217727993444
2024-03-10 00:00:00+00:00,-0.012096178573183014,10.82495301556649,9.82495301556649,0.6343450781394665,0.0,-0.001377526860563874,0.2033752075028163,0.20698054725797826,0.20649425931076074,0.027212015603177528,0.2061114158973048
2024-03-11 00:00:00+00:00,0.01816568084016179,11.021595657157016,10.021595657157016,0.856769306859283,5.950786111785324e-05,-0.0011874273655436646,0.20539245454194574,0.20600005152974943,0.2026253649981074,-0.13758950053529875,0.21061416108426168
2024-03-12 00:00:00+00:00,-0.038500898743946466,10.597254318764094,9.597254318764094,0.28915667158103014,0.0,-0.001123071852398201,0.2116907455224905,0.20970438145768658,0.21376305474616386,-0.16160225872005105,0.20212302862094336
2024-03-13 00:00:00+00:00,0.02625418091319487,10.875476550832062,9.875476550832062,0.30310212644458284,0.0,-0.0010694091953774144,0.21096129126229526,0.20560026510786655,0.22600212118785498,-0.1554811117908041,0.19793539061299967
2024-03-14 00:00:00+00:00,0.01766934678763632,11.06763911748952,10.06763911748952,0.6921599465430098,0.0,-0.0008885375044834281,0.2025584773878876,0.1957928490235271,0.23939984819787463,-0.15044753018129828,0.20405631732503976
2024-03-15 00:00:00+00:00,-0.03130543407070463,10.7211618707786,9.7211618707786,0.21608081933785545,0.0,-0.0005931739955668796,0.2035348443982397,0.1948371997843054,0.25734338086429903,-0.16807855362176238,0.19436107190405774
2024-03-16 00:00:00+00:00,-0.03752760250180487,10.318822369734514,9.318822369734514,0.16680581622093288,0.0,-0.00033921916567442045,0.19869724797444738,0.1905734287175829,0.2645156896379312,-0.15975801362061237,0.17592287048322902
2024-03-17 00:00:00+00:00,0.04383783063070412,10.771177157087257,9.771177157087257,0.36717697133976995,0.0,-0.0004040525168199257,0.19937316830702856,0.1888570988317843,0.2809168787462437,-0.16740398169018988,0.18245612939518724
2024-03-18 00:00:00+00:00,-0.02222414158331143,10.53179699092922,9.53179699092922,0.3520123036549958,0.00016717206236585173,-0.0007971627143833639,0.2021575392596839,0.1975828078028688,0.1986191999650818,0.21221048003768725,0.1902452545838634
2024-03-19 00:00:00+00:00,-0.10860746642389807,9.387965202853563,8.387965202853563,-0.9021996070187702,0.0,-0.0006135068854476592,0.20772998302134063,0.19885614170709343,0.19302619702120438,0.21048483224491493,0.19150571845592684
2024-03-20 00:00:00+00:00,0.11487112239382014,10.466371302699478,9.466371302699478,-0.4146261461703021,0.0,-0.00045021297365651627,0.20407184500480663,0.1985002193879286,0.19555365587758686,0.20080486779307397,0.20291095701109493
2024-03-21 00:00:00+00:00,-0.028391720473714743,10.169213014299125,9.169213014299125,-0.7069316168318348,0.0,-0.0005012679685658311,0.20280509341958117,0.20298582029022758,0.1882836788205378,0.19502408111629618,0.2133125995921971
2024-03-22 00:00:00+00:00,-0.02416716132168828,9.923452002867945,8.923452002867945,-1.096304571012769,0.0,-0.00048410453818788636,0.20239290436819313,0.19871910830402856,0.188349075852356,0.19835489418746421,0.21515110105708932
2024-03-23 00:00:00+00:00,0.00972682864254848,10.019975720042396,9.019975720042396,-1.0205696675526028,0.0,-0.00041065413822208877,0.20105341951280728,0.1963309339084158,0.18383975222436932,0.19653966268293296,0.2255814313943485
2024-03-24 00:00:00+00:00,0.05775097715764543,10.598639108970726,9.598639108970726,-0.781661805929755,0.0,-0.00045712283034641003,0.1996976701512903,0.1926439432313983,0.18516694261271693,0.19362951265835368,0.23245665509061178
2024-03-25 00:00:00+00:00,0.026808541464964586,10.882773164995763,9.882773164995763,-0.28375464140786283,2.1461505252898388e-05,-0.0006224866402129802,0.20247576725773522,0.20242385322790557,0.20023779432347066,0.20202924377776396,0.1934395757938057
2024-03-26 00:00:00+00:00,0.0017090222842695013,10.90137206684939,9.90137206684939,-0.2976868288699046,0.0,-0.000845677756084401,0.20248763223254193,0.20189289396489005,0.20141984185962855,0.19476625209221435,0.2008828148707418
2024-03-27 00:00:00+00:00,-0.008469219732920918,10.809045951424917,9.809045951424917,-0.12391938485353672,0.0,-0.0010403795250160655,0.20272588783154002,0.19881571984055652,0.19869112967838307,0.190518596805945,0.2117597472891379
2024-03-28 00:00:00+00:00,0.04429467390321706,11.287829117048172,10.287829117048172,0.18442527104021017,0.0,-0.0011605664543569865,0.1977735739010147,0.1935875174463143,0.19373713070797347,0.18425030137143747,0.23416738830935668
2024-03-29 00:00:00+00:00,-0.016036265463991728,11.106814492815012,10.106814492815012,0.17791591632244533,0.0,-0.0011705934108989515,0.19834357147944653,0.19389792822763546,0.19932968389814956,0.18280500714882952,0.23038669326544556
2024-03-30 00:00:00+00:00,-0.016478437618634656,10.923791543053412,9.923791543053412,0.1076221525895268,0.0,-0.0013494241564966682,0.20091231582112293,0.19693331053429794,0.2049375257556787,0.1844577506567933,0.21897381423455275
2024-03-31 00:00:00+00:00,0.047287369085808884,11.440348905566216,10.440348905566216,0.06404057792775655,0.0,-0.0013601160567334718,0.1965811784992814,0.1955513863229232,0.20406825621214655,0.17996547927073864,0.23106651208506757
2024-04-01 00:00:00+00:00,-0.04779710973423179,10.89353329352897,9.89353329352897,-0.17593563994547565,2.206285347149479e-05,-0.0014339463623535048,0.20514011640921112,0.20184517380601874,0.1993369403811244,0.19955889952025893,0.19562479511950245
2024-04-02 00:00:00+00:00,-0.0758948539258597,10.0667701754801,9.0667701754801,-0.1655802362638242,0.0,-0.0004282034446014438,0.20862813260156624,0.2043596367115407,0.20373594140386014,0.1969288261917927,0.1884404377802503
2024-04-03 00:00:00+00:00,-0.004538949927021196,10.021077609726765,9.021077609726765,-0.4722693505857794,0.0,-0.00033106834685445755,0.21107225549591677,0.2073269880993955,0.20860096369547318,0.19365123416619529,0.1817836543568502
2024-04-04 00:00:00+00:00,0.015043297236812858,10.171827658843055,9.171827658843055,-0.1972413883019192,0.0,-0.0003515125541700971,0.21588085199482526,0.20526287413676766,0.20434410922641466,0.19335747096756115,0.18390000353026398
2024-04-05 00:00:00+00:00,-0.02152653048768316,9.952863500629512,8.952863500629512,-0.13459269346893488,0.0,-0.000319805851552721,0.21849063218557688,0.20914927911844627,0.1978681982716837,0.19252817579750914,0.18509626323733866
2024-04-06 00:00:00+00:00,0.031219538546081393,10.263587306331301,9.263587306331301,0.23664437132191732,0.0,-0.000343321640368862,0.21523689120197106,0.20486351272310152,0.1966272357744993,0.198526509516777,0.18811649119628718
2024-04-07 00:00:00+00:00,0.026365978733629003,10.534196830980777,9.534196830980777,0.08128611427259069,0.0,-0.000306071525736971,0.21111113749401939,0.20572253288433315,0.19248382803883304,0.19799256925795639,0.196272194417089
2024-04-08 00:00:00+00:00,0.02751400856926778,10.824034812858736,9.824034812858736,0.2905176058534847,1.0529777532565878e-05,-0.0005123826046683492,0.2011407121772684,0.20825005369677269,0.1959504823883306,0.1968473977857788,0.19831001635488657
2024-04-09 00:00:00+00:00,-0.05376455463006402,10.242085401845078,9.242085401845078,-0.3692794672426197,0.0,-0.0005337900419565914,0.20518773875265647,0.208824414862057,0.1976200271268053,0.19383431162198425,0.19562462343652923
2024-04-10 00:00:00+00:00,0.021697490303012934,10.464312950534241,9.464312950534241,-0.20148744257512835,0.0,-0.0005321928483488833,0.20516209652869785,0.20667274031300484,0.19440963562935848,0.19312059162756917,0.2022237708195211
2024-04-11 00:00:00+00:00,-0.017152967421036447,10.284818931410198,9.284818931410198,0.003117406494804716,0.0,-0.0005429431349664745,0.20689390092378254,0.20771846934036903,0.1967293445919526,0.19121902239451105,0.19960824528934754
2024-04-12 00:00:00+00:00,-0.09533103497919493,9.304356498105246,8.304356498105246,-0.7196574507584187,0.0,-0.00048245320336512876,0.21916569097177208,0.2121705548202649,0.19308517740008546,0.1804740409572538,0.19803537115706854
2024-04-13 00:00:00+00:00,-0.09394532134474076,8.430255736984723,7.430255736984723,-1.141432857452279,0.0,-0.0003008792505919334,0.2303725376495981,0.2173324506605364,0.19265921322919022,0.17163146739624213,0.1915711296618789
2024-04-14 00:00:00+00:00,0.06296739361068182,8.961086968214149,7.961086968214149,-0.7600643683314544,0.0,-0.00027310440828169007,0.22240741339658454,0.21450612163186017,0.1978964511211769,0.17746322213542812,0.1913392289626104
2024-04-15 00:00:00+00:00,-0.013186618673823092,8.842920531461344,7.842920531461344,-0.9271487166182434,0.00022862091525984555,-0.00011870786527948774,0.19576084229543625,-0.027957470999112343,0.18554492531888636,-0.19113711448279797,0.2016004017402926
2024-04-16 00:00:00+00:00,-0.0060719370262034555,8.78922687486659,7.789226874866589,-1.0180487585727667,0.0,-2.4506303720738872e-05,0.19811346173550207,-0.027965885291457458,0.18363233661926792,-0.1901045686352873,0.1962744009084782
2024-04-17 00:00:00+00:00,-0.017059272430609784,8.639289059153803,7.639289059153803,-0.9259803544479733,0.0,-4.649951532142369e-05,0.1936164672654155,-0.027532046665580262,0.1807805619028963,-0.18681121645216756,0.18883499478980484
2024-04-18 00:00:00+00:00,0.018975708887416065,8.803225693334545,7.803225693334545,-0.7725397108584525,0.0,-3.315649012254587e-05,0.1968057863517896,-0.027740273895677417,0.19111374145226873,-0.1903323177005163,0.1911995764902665
2024-04-19 00:00:00+00:00,0.007942065979802626,8.873141492626102,7.873141492626102,-0.5655318924758019,0.0,-8.613032438601788e-06,0.19630881036964845,-0.02745034872747325,0.19025833512067222,-0.18785674572245825,0.19482963225075964
2024-04-20 00:00:00+00:00,0.002136009325072852,8.892094605597043,7.892094605597043,-0.5407791092913191,0.0,-7.799807334526597e-05,0.19929856997236955,-0.028283109244553746,0.20146303920061734,-0.20713733215516444,0.20217749961561726
2024-04-21 00:00:00+00:00,-0.0022889299808317443,8.8717412236619,7.8717412236619,-0.2477375252514711,0.0,-0.0001187053961499963,0.1998031987306912,-0.02827088678583115,0.19869106178471166,-0.20124139859567317,0.19720464319958853
2024-04-22 00:00:00+00:00,0.0060306441438084946,8.92524353791776,7.92524353791776,-0.23297708377355128,6.204506283319685e-05,-3.9603542643241465e-05,0.20450137971793184,-0.2021335831159344,0.2096775485421631,-0.20972070267801665,0.20255965697002234
2024-04-23 00:00:00+00:00,-0.00248828278586255,8.903035008062728,7.903035008062728,-0.3323787329385224,0.0,-4.756640910407186e-05,0.20380896945119936,-0.2038655425854976,0.20730914151034044,-0.20556699038505646,0.20126299851776397
2024-04-24 00:00:00+00:00,-0.0112352476695452,8.803007204736511,7.803007204736511,-0.34072859028687913,0.0,-4.940322534978056e-05,0.1994917704451348,-0.20110765018184507,0.20014928135232318,-0.19741102503547353,0.19281933868891918
2024-04-25 00:00:00+00:00,-7.849812159166358e-05,8.802316185206582,7.802316185206582,-0.5472307350625973,0.0,-5.10728919128551e-05,0.200217895221723,-0.2021230192509304,0.19621457411196136,-0.19312519655906155,0.19274525961819022
2024-04-26 00:00:00+00:00,-0.006320626360565185,8.746680033492336,7.746680033492336,-0.659261267985927,0.0,-8.064196287557118e-05,0.1992102517485899,-0.20183142814566793,0.18984706705286264,-0.18806829359850646,0.18972579302131845
2024-04-27 00:00:00+00:00,-0.006796399786073382,8.687234099183856,7.687234099183856,-0.7841667647689375,0.0,-2.5155720619398984e-05,0.19954206883833758,-0.21126253672888654,0.19394741273302366,-0.1895698410225821,0.19070121865690615
2024-04-28 00:00:00+00:00,-0.00477675341130035,8.645737324065815,7.645737324065815,-0.9612092973518681,0.0,-3.2339145079300336e-05,0.19944800574569999,-0.21281864190996533,0.19029753656426468,-0.18767081857285745,0.19021511604007826
2024-04-29 00:00:00+00:00,-0.01076266751914301,8.552686127789048,7.552686127789048,-1.0265225231091823,0.00011342560316781796,-1.9420085062495527e-05,-0.08181749578678209,-0.199239961816831,0.20186427666393797,-0.2100745172677171,0.19767115067106897
2024-04-30 00:00:00+00:00,0.0020576313133442437,8.570284402578793,7.5702844025787925,-0.8570412447475436,0.0,1.656701139051205e-05,-0.07756819328388549,-0.18629658340928937,0.18530160662374917,-0.19424280876657635,0.18343438938261522
2024-05-01 00:00:00+00:00,0.009028638814121193,8.647662404983972,7.647662404983972,-0.8496392478284157,0.0,1.2754047025777143e-05,-0.0739036607074105,-0.18205744667955825,0.19503167362043275,-0.19620404862362814,0.17749678864802132
2024-05-02 00:00:00+00:00,0.0034931444589878513,8.677869938997139,7.677869938997139,-0.9798120019492679,0.0,6.54819111721266e-05,-0.07456730530406307,-0.18229033162546598,0.19868212263188342,-0.19701206897813392,0.17924383456645102
2024-05-03 00:00:00+00:00,0.004497766644052215,8.716900972950183,7.716900972950183,-0.8833930002915905,0.0,3.427727922436804e-05,-0.07903296008562345,-0.1885286599504259,0.20652028733257707,-0.20762469493377167,0.19750583025491364
2024-05-04 00:00:00+00:00,0.009908889024909495,8.803275777332273,7.8032757773322725,-0.7390022144487723,0.0,8.537870027411163e-05,-0.07951566244923726,-0.18755964770410366,0.2079115392640427,-0.2160031996513359,0.2144320985890496
2024-05-05 00:00:00+00:00,-0.0006671879890942645,8.797402337468952,7.797402337468952,-0.7290312094696432,0.0,3.3745137164020074e-05,-0.0797229928482559,-0.1888764766803729,0.20757441997977943,-0.21615320094244364,0.21570142881642115
2024-05-06 00:00:00+00:00,0.01236536372416941,8.906185417199614,7.906185417199614,-0.6432225559475973,7.972549136043829e-05,1.2695816688212398e-05,-0.19493211370148333,-0.19289526372018437,0.20718432920723887,-0.14041354123264685,0.19205310000775838
2024-05-07 00:00:00+00:00,-0.0013195262429600563,8.894433471816951,7.894433471816951,-0.6917260345603591,0.0,3.839935628901058e-05,-0.19257200792036128,-0.1895571531116892,0.2009770474984906,-0.13375859873074195,0.1843770546389092
2024-05-08 00:00:00+00:00,-0.005982279004413282,8.84122448920235,7.84122448920235,-0.731638793201486,0.0,9.91664873908743e-06,-0.19019164495238355,-0.18869104882623,0.1941366043926817,-0.12960348129662908,0.17700206631231333
2024-05-09 00:00:00+00:00,0.011474259350066074,8.942670991963613,7.942670991963613,-0.731187725465117,0.0,2.4280372120992238e-05,-0.19385178966616423,-0.19042970736058676,0.20590010774482556,-0.13208723248736257,0.18599928977343547
2024-05-10 00:00:00+00:00,0.001063166422159867,8.952178539486692,7.952178539486692,-0.8173870749689459,0.0,2.603625211425358e-05,-0.18666791320066922,-0.18233566468075155,0.19692177055597682,-0.12688263995919233,0.17566333506116022
2024-05-11 00:00:00+00:00,-0.0012076204695874448,8.941367705435006,7.941367705435006,-0.7754503946162375,0.0,3.999590410040605e-05,-0.18698924273670137,-0.18270799964421575,0.19633457212281433,-0.12622176596423926,0.17488511817616187
2024-05-12 00:00:00+00:00,-0.006600990547817376,8.88234582172687,7.8823458217268705,-0.9563655101313888,0.0,3.3735904023091515e-05,-0.19023327592365025,-0.18496194258970797,0.19493202392048464,-0.12566397171968285,0.1737204263738426
2024-05-13 00:00:00+00:00,0.007811021713110211,8.951726017803733,7.951726017803733,-0.9344238651096684,7.701940874442623e-05,9.426792271400553e-05,-0.2031368657478693,-0.19992437144554728,0.13186216778317503,-0.19441367229077175,0.12384103862545254
2024-05-14 00:00:00+00:00,0.006806804897992569,9.012658670307207,8.012658670307207,-0.962169929587529,0.0,8.080984134647786e-05,-0.19739675461346656,-0.19393845772164198,0.12605758847109058,-0.18791513014940214,0.12041221817580157
2024-05-15 00:00:00+00:00,-0.02044400241004296,8.828403854730553,7.828403854730553,-1.0907612222232226,0.0,7.67854622374874e-05,-0.2166584989739937,-0.2082803148338446,0.14360937473455723,-0.21058812815227726,0.13124260369193572
2024-05-16 00:00:00+00:00,0.006494801884764145,8.885742588725716,7.885742588725716,-1.0161456663148518,0.0,4.962454330077658e-05,-0.21214514502200602,-0.2009658194017206,0.14347524546981064,-0.2079674995376274,0.1256592387225194
2024-05-17 00:00:00+00:00,-0.013590084691426085,8.764984594398722,7.764984594398722,-1.1081691790407837,0.0,6.510988932199941e-05,-0.22087946042754225,-0.21392817216213517,0.15462629798684144,-0.22283433057880642,0.1323795141496414
2024-05-18 00:00:00+00:00,-0.0062224649194018156,8.710444785240979,7.710444785240979,-1.214747726104639,0.0,5.776681429627976e-05,-0.22194690668780565,-0.2174346375740425,0.1583030107138496,-0.22923026226414978,0.1310323788471278
2024-05-19 00:00:00+00:00,0.010293116981157757,8.800102412373379,7.800102412373379,-1.1188196124502383,0.0,8.387878694843773e-05,-0.21756549052020643,-0.21166108597518327,0.15446576709258034,-0.21688563886217274,0.1263394174959162
2024-05-20 00:00:00+00:00,-0.04211792008928217,8.429460402191538,7.429460402191538,-1.4676740998796844,0.00020112025127376481,5.996799252329983e-05,0.06170356731538152,-0.2491705644609581,-0.05231413200836653,-0.23538868001571642,0.2321926121791403
2024-05-21 00:00:00+00:00,-0.007317503450385843,8.36777779661361,7.367777796613611,-1.4965305536364422,0.0,9.600615153604375e-05,0.06102972944558298,-0.2597703974997615,-0.05028608698228438,-0.24364887719667527,0.24043918456456934
2024-05-22 00:00:00+00:00,0.004546948039642951,8.405825647462091,7.405825647462091,-1.4496559064912715,0.0,9.200528825475632e-05,0.059931218110325445,-0.2550439791440415,-0.04974376424201444,-0.2355621852008278,0.23375875555785378
2024-05-23 00:00:00+00:00,-0.004218538463309107,8.370365348652403,7.370365348652403,-1.4417237376616878,0.0,6.425899303504649e-05,0.0591250327014903,-0.2591751402482399,-0.049715209745766646,-0.2276205056662859,0.225379974217861
2024-05-24 00:00:00+00:00,0.015637472784131967,8.501256708985196,7.501256708985196,-1.3883669702122006,0.0,7.560175462228234e-05,0.05871483539769355,-0.2514635901289245,-0.046581204556913454,-0.22114894090377835,0.22767538117319683
2024-05-25 00:00:00+00:00,0.011647161584476873,8.600272219545865,7.6002722195458645,-1.341901570643551,0.0,6.984105570561778e-05,0.058656859176527736,-0.25000405601182035,-0.046236883691801844,-0.2201842499223849,0.23908912401206647
2024-05-26 00:00:00+00:00,-0.006351005515502384,8.545651843244707,7.545651843244707,-1.394099133063395,0.0,6.35141229873584e-05,0.058358879769058555,-0.25672503967434246,-0.04519162909781506,-0.21274273169219293,0.22976808587641445
2024-05-27 00:00:00+00:00,-0.009362192386847545,8.465645806617232,7.465645806617232,-1.415300563546752,0.0003441713747270699,-2.245788798016273e-06,0.2045812248419594,0.20543572857835038,-0.16570411719619899,-0.21019873192942257,-0.03076420021024681
2024-05-28 00:00:00+00:00,0.0033532685371493454,8.494033390347212,7.494033390347212,-1.3251497208976453,0.0,1.337909317832748e-06,0.20090016598397561,0.20216934898399888,-0.16375150932834528,-0.20271658074781038,-0.02992198812470278
2024-05-29 00:00:00+00:00,-0.001067438075052607,8.484966535695587,7.4849665356955875,-1.2649674570917768,0.0,1.6955867904036897e-05,0.1988997755134382,0.19833451867299615,-0.16354873738487713,-0.19833738987890245,-0.02974714535481463
2024-05-30 00:00:00+00:00,0.004382137899584082,8.522148829128362,7.522148829128362,-0.9379410134133664,0.0,-5.064673849638962e-05,0.20012619867398027,0.1964420274704931,-0.16145064007189605,-0.19631037576866697,-0.02881718178059952
2024-05-31 00:00:00+00:00,-0.0007391635990989798,8.515849566927766,7.515849566927766,-0.828561477247526,0.0,-2.2579187287901515e-05,0.19785990518516777,0.1973190907012809,-0.16038576533508137,-0.19675577076312584,-0.028757156014003336
2024-06-01 00:00:00+00:00,0.004182245561474396,8.551464940981234,7.5514649409812336,-0.7462053626820149,0.0,2.5044136407602776e-05,0.19768109390055089,0.1992711736624447,-0.16021786192908397,-0.19447426789304909,-0.02887859742913198
2024-06-02 00:00:00+00:00,0.006413941532838363,8.606313537132804,7.606313537132804,-1.1468647167311765,0.0,5.182493624757855e-05,0.1964406700162594,0.1962631471500827,-0.15629587284778335,-0.18867685863158745,-0.028113256388769735
2024-06-03 00:00:00+00:00,-0.0002682054303682069,8.604005277106694,7.604005277106694,-0.7093280165862873,2.48404373658563e-05,-4.530225487913304e-06,0.20313323918933437,0.19926466446696997,-0.1363743876573529,-0.20068427022660754,-0.059547552994036544
2024-06-04 00:00:00+00:00,-0.005406181037108215,8.557490466934421,7.557490466934421,-1.0183950016596028,0.0,1.5790307542061807e-05,0.20936501689909304,0.20268499000539142,-0.14284394388229057,-0.2078027944936497,-0.06103153744937598
2024-06-05 00:00:00+00:00,-0.0003995037215310804,8.554071717645915,7.554071717645915,-1.1926425996848589,0.0,0.00010840947990357995,0.2110906301121494,0.20571672512700812,-0.14438085651415805,-0.21077706867200002,-0.06178566660227429
2024-06-06 00:00:00+00:00,0.004280475683138718,8.590687213625122,7.590687213625122,-1.2519084116125432,0.0,5.932065363454154e-05,0.20929469558163644,0.2020415461622538,-0.14095337464113142,-0.20597898294236325,-0.06033637654759399
2024-06-07 00:00:00+00:00,0.013261101824750376,8.704609191509586,7.7046091915095865,-1.2839522131476018,0.0,2.752073335917022e-05,0.20231828043990926,0.1922936030600369,-0.13277946764804544,-0.1896883713236877,-0.055069384627585496
2024-06-08 00:00:00+00:00,0.011807748304568433,8.807391025932565,7.807391025932565,-1.119115784631655,0.0,-5.1223979701882695e-06,0.19986932913593197,0.1901678161692964,-0.12744622878457337,-0.18046574135486407,-0.05357476067097072
2024-06-09 00:00:00+00:00,-0.005537746667011345,8.758617925633642,7.758617925633642,-1.2848867334656406,0.0,-8.565124348446077e-06,0.201911491815502,0.19255421524357258,-0.13162942857073304,-0.18549248697017326,-0.054194362894808785
2024-06-10 00:00:00+00:00,0.0030333344555621977,8.78518574317057,7.785185743170571,-1.0068293952613796,0.0001408412542756478,-1.615127632263013e-05,0.1755390235468004,0.19732322888683676,0.07579059994864668,-0.19514722767655793,-0.19665017158241058
2024-06-11 00:00:00+00:00,-0.005978523660270962,8.73266330234515,7.73266330234515,-1.236205840684381,0.0,-1.705663593699458e-05,0.17091299196994944,0.18923274411174282,0.07152536897273207,-0.19186282970290075,-0.18860818832082132
2024-06-12 00:00:00+00:00,-0.013181420186471948,8.617554398009956,7.617554398009956,-1.4536538253602669,0.0,-1.5360026109210685e-05,0.17563899656350343,0.19517500142866032,0.0753596990228479,-0.20510653428423867,-0.20252509669313662
2024-06-13 00:00:00+00:00,0.008488638359571254,8.690705700838596,7.6907057008385955,-1.1811261465690621,0.0,-1.156261981129089e-05,0.17037638991676,0.1885710955086909,0.07089022445612252,-0.18941564514436607,-0.19377576132070187
2024-06-14 00:00:00+00:00,0.009606862624415458,8.774196116615776,7.7741961166157765,-0.8566552107385008,0.0,-1.2699435526382843e-05,0.16686717899843986,0.1873867513455466,0.06819566404577831,-0.1832610103967127,-0.18345811349071478
2024-06-15 00:00:00+00:00,0.005498130053081196,8.82243778797617,7.82243778797617,-1.1419005991580229,0.0,-5.135871043913481e-05,0.16639199228685975,0.19103975426512065,0.06899730905753512,-0.18056727530308123,-0.1849169038971438
2024-06-16 00:00:00+00:00,0.005896027611182797,8.87445512477202,7.87445512477202,-0.942920503871623,0.0,-3.7388629991790515e-05,0.1665156598896061,0.19285245642107582,0.07132575227458808,-0.17990388450384853,-0.1843036964187804
2024-06-17 00:00:00+00:00,0.0053195523515603416,8.921663253399817,7.921663253399817,-0.13638860048325524,7.178449267223538e-05,-7.309075284072363e-05,0.1983857520589813,0.19270093513002354,0.188342175708605,-0.1882729745914278,-0.18679293702569913
2024-06-18 00:00:00+00:00,0.008649551485686136,8.998831639048053,7.998831639048053,-1.0755820888301335,0.0,-7.163063327328936e-05,0.19277255306856073,0.18956668794099796,0.17911439240609084,-0.1744026450990701,-0.17579413197278684
2024-06-19 00:00:00+00:00,-0.0015875218161415239,8.98454579750128,7.98454579750128,-0.8485647123411448,0.0,-0.0001246994761482502,0.19243774550346754,0.19403967306551848,0.1770456711455348,-0.1769470733381229,-0.17644840019774116
2024-06-20 00:00:00+00:00,-0.012782527686409861,8.869700592094903,7.869700592094903,-0.7517950737792274,0.0,-8.517585946857564e-05,0.19469047873019227,0.1939237526196228,0.17661671228765413,-0.1835182868966233,-0.1817260581558063
2024-06-21 00:00:00+00:00,0.0006724962757500563,8.875665432710104,7.875665432710104,-0.8322330937616192,0.0,-2.2210980739597843e-05,0.19236966468385006,0.19412016384309028,0.1778650513659865,-0.18272975695924612,-0.18107868382556663
2024-06-22 00:00:00+00:00,0.01090149530952611,8.972423457793717,7.972423457793717,-1.286335026502305,0.0,-2.8986373547872867e-05,0.190639405870368,0.1907754260174242,0.17476076880797345,-0.1684739019304744,-0.17850533119395218
2024-06-23 00:00:00+00:00,-0.008050529207029755,8.90019070068891,7.90019070068891,-1.6162557352327247,0.0,-0.00010271420507489188,0.18905998734033327,0.18820234586600948,0.16963173368963752,-0.1662988471374925,-0.17771336085845235
2024-06-24 00:00:00+00:00,-0.010928482404231388,8.802925123222128,7.802925123222128,-1.730901113966948,0.0001526355653936715,-1.415601688725031e-05,0.1928328885692046,0.19819497943974104,-0.1950648961511104,-0.1997514473870221,-0.19688200556140942
2024-06-25 00:00:00+00:00,-0.0159890840054,8.662174413933682,7.662174413933682,-1.7969272809576997,0.0,1.70650795131415e-05,0.20085678058858805,0.20388264644435897,-0.20469104243844313,-0.20810326070962384,-0.21214250854143243
2024-06-26 00:00:00+00:00,-0.0024107649088590533,8.641291947822154,7.641291947822154,-2.276477493704704,0.0,4.914874443170168e-05,0.1983512613469564,0.20303214380742712,-0.205582411704173,-0.21202391398888248,-0.20697244933668657
2024-06-27 00:00:00+00:00,-0.0363363297627155,8.32729911403019,7.32729911403019,-2.441317456756811,0.0,2.0860371583144713e-05,0.20861006836011586,0.2156618742359957,-0.23336117304385998,-0.23789663674785513,-0.2223534967608556
2024-06-28 00:00:00+00:00,0.013106719860081606,8.436442690708889,7.436442690708889,-2.165742109381765,0.0,3.568771702864949e-05,0.20173106406444954,0.20850190246928782,-0.2154565835941802,-0.23526493866422066,-0.2124643926565286
2024-06-29 00:00:00+00:00,0.005110271210128081,8.479555200907114,7.4795552009071145,-2.625881910692969,0.0,8.543170617944336e-06,0.2025407545709803,0.20732580612490692,-0.21475010795260935,-0.2324026647308643,-0.209304861092659
2024-06-30 00:00:00+00:00,-0.018029835866212096,8.326670212416275,7.326670212416275,-2.391455454804429,0.0,7.215636963256748e-05,0.2122922164203556,0.21482741199050392,-0.2285927326861999,-0.2502946221640875,-0.2177853363561004
2024-07-01 00:00:00+00:00,0.005578883158001036,8.373123732626553,7.373123732626553,-1.711859587539077,0.00018585842381847202,-5.12599956576397e-05,0.19922602512289095,0.1990692705754357,0.19891178205242047,-0.19525652824909356,-0.19012307597921246
2024-07-02 00:00:00+00:00,0.004362245287574451,8.409649352171481,7.409649352171481,-1.6187748580659793,0.0,-5.498247219848392e-05,0.1959633745267602,0.19705072640075677,0.20796881345736895,-0.19355867142669317,-0.1921187570174127
2024-07-03 00:00:00+00:00,-0.005846123717980212,8.360485501633855,7.360485501633855,-1.8422771914845464,0.0,-9.506936539547632e-05,0.1910376141161357,0.19092649052068214,0.1912127217054905,-0.17973795246585053,-0.18265215706366805
2024-07-04 00:00:00+00:00,-0.0066619955930193875,8.304787984066468,7.3047879840664685,-1.6957775582412213,0.0,-9.510576519585884e-05,0.1822183330129851,0.17847202765435888,0.17474563875619203,-0.16685393378722463,-0.16299260255432166
2024-07-05 00:00:00+00:00,-0.0026133632506460946,8.283084556344502,7.283084556344502,-2.08156535913248,0.0,-0.00013945569446100587,0.18128343234392194,0.17432595480291396,0.18407613521978167,-0.1719953546567509,-0.16404240660912497
2024-07-06 00:00:00+00:00,-0.005904970441717228,8.234173186873043,7.2341731868730434,-2.4528475482621874,0.0,-6.33070794949898e-05,0.18755063867844624,0.18036677683159802,0.19726220536491135,-0.18865315738782645,-0.17754538838165068
2024-07-07 00:00:00+00:00,-0.005503293944897458,8.188858111432488,7.188858111432488,-2.8453411101272508,0.0,-5.1283070678668244e-05,0.18086205674348307,0.17336246261492796,0.18254470292218097,-0.1782548921845187,-0.1639143248341788
2024-07-08 00:00:00+00:00,0.011916634846576235,8.286441743356853,7.286441743356853,-2.210089467527318,0.00016392739448705407,4.2185624547803465e-05,-0.20064036535209165,0.20349773852591946,0.19470604331415511,-0.1934045551164733,-0.20412411222852378
2024-07-09 00:00:00+00:00,-0.00870174736665652,8.214335220737645,7.214335220737645,-2.5760527524662096,0.0,1.9397751147652707e-06,-0.20717472400156195,0.20851894024995327,0.198735804829248,-0.20468389333868683,-0.2058967893152894
2024-07-10 00:00:00+00:00,0.008758533262152923,8.286280748994951,7.286280748994951,-2.28398795741327,0.0,7.661083569002323e-05,-0.20425672682517287,0.20900549280890912,0.19775713118657445,-0.19764689419246934,-0.20492545346647
2024-07-11 00:00:00+00:00,-0.0004561645302428863,8.282500841629625,7.282500841629625,-1.4195107175023869,0.0,1.2737774733000363e-06,-0.20296357836238452,0.20904217739975225,0.189169681961864,-0.1934658506793729,-0.20239783274701137
2024-07-12 00:00:00+00:00,-0.002352187708332343,8.263018844955692,7.263018844955692,-0.23377794997801388,0.0,-3.61930993908996e-06,-0.20541031735748044,0.21190142132101392,0.19475354650224136,-0.19985115033753972,-0.20483600591524534
2024-07-13 00:00:00+00:00,-0.006443316350520978,8.209777600527326,7.209777600527326,-1.7242069698423963,0.0,8.074614313523657e-06,-0.21140100586817737,0.21605078518414433,0.1994368017668674,-0.20020943814005707,-0.2151322230061248
2024-07-14 00:00:00+00:00,-0.002426832666127976,8.189853844064721,7.1898538440647215,-1.5125454722284488,0.0,1.699214988913026e-05,-0.2176165958029282,0.22132207602386755,0.2080479373563599,-0.2045732243650698,-0.2213989712197606
2024-07-15 00:00:00+00:00,-0.013817607095118367,8.07668966148099,7.076689661480991,-1.662243446732066,4.120633109483388e-05,-1.5500776742674094e-05,-0.215858048174581,0.21767787423245935,0.16989365337941595,-0.2142459017784572,-0.21961420024626552
2024-07-16 00:00:00+00:00,-0.003339027876340106,8.049721369552758,7.049721369552758,-1.3961603925303625,0.0,1.5828772537085757e-05,-0.21768420578686873,0.2159737880327003,0.17185184227054964,-0.21632366306480205,-0.2202087275496916
2024-07-17 00:00:00+00:00,0.005423954202117498,8.093382689601018,7.093382689601018,-1.7163026147151166,0.0,-1.887620192398489e-05,-0.21333165721583613,0.21126287839621588,0.16547000327614386,-0.20922342710054093,-0.21371819780442206
2024-07-18 00:00:00+00:00,0.01140972216453151,8.185725937460594,7.185725937460594,-1.6346991049621828,0.0,2.2364606363018885e-06,-0.21060960696671308,0.2112848817452107,0.16747487441925282,-0.20606529771508936,-0.20741857658618454
2024-07-19 00:00:00+00:00,-0.011725620376956236,8.089743222608128,7.089743222608128,-1.9202743744909163,0.0,-1.782568384056479e-05,-0.22199796333450358,0.2186100088110456,0.18002281011737445,-0.2164298757518107,-0.22029623091216
2024-07-20 00:00:00+00:00,-0.018585494775969824,7.939391342205407,6.939391342205407,-2.2295735686096942,0.0,5.7375239187208084e-05,-0.22778988391435698,0.2236308310070629,0.18827969940458072,-0.22793221042667425,-0.2402010725269932
2024-07-21 00:00:00+00:00,-0.02899229889095456,7.709210135399931,6.709210135399931,-2.855102138817171,0.0,3.8504508327846696e-05,-0.23823584164308612,0.2315040607347764,0.20612660976347907,-0.2632600591531615,-0.2585250447720384
2024-07-22 00:00:00+00:00,0.006244923617708897,7.757353563848371,6.757353563848371,-2.670689684048764,0.0003230524142934196,7.636737511828185e-05,0.1233695147821568,-0.19328571881880058,0.1926089823408461,-0.19401158199502547,-0.19508192887182962
2024-07-23 00:00:00+00:00,0.011517243382597853,7.846696892848075,6.846696892848075,-2.2050696353951538,0.0,6.467812147688108e-05,0.11910484298666199,-0.1934709521822848,0.18412171168692293,-0.17938856979918716,-0.18241233292739498
2024-07-24 00:00:00+00:00,0.024550390901500796,8.039336368853087,7.039336368853087,-1.6571894437988557,0.0,6.575510418802033e-06,0.11525334147202415,-0.1808731208579031,0.18498012515379927,-0.16662258611389036,-0.17478782850815597
2024-07-25 00:00:00+00:00,0.01331196428730319,8.146355727488878,7.146355727488878,-1.2655288430699938,0.0,-2.8875865931915308e-05,0.1144740630847886,-0.16990093581096327,0.17616631852180684,-0.15785769690871715,-0.16884914694056713
2024-07-26 00:00:00+00:00,-0.010848139143463609,8.057982927044927,7.057982927044927,-1.3395964207613074,0.0,-6.0082376195428445e-05,0.11944123975545465,-0.17713042002799118,0.18974490968478686,-0.1682126755400691,-0.18297569002091718
2024-07-27 00:00:00+00:00,0.009892304825064757,8.137694950434422,7.1376949504344225,-1.0529982857711884,0.0,7.984647333019135e-06,0.11825610639963331,-0.17407432505868403,0.18882267867349012,-0.16273361585688478,-0.17746948798448278
2024-07-28 00:00:00+00:00,0.0061784006957503745,8.18797289057799,7.18797289057799,-0.7307728227067157,0.0,-4.8180005811527166e-05,0.11812164536277485,-0.17406322006631406,0.1885867244196632,-0.15794961187291076,-0.17443353955980598
2024-07-29 00:00:00+00:00,-0.004541962420443246,8.150783425409378,7.150783425409378,-0.8570244947562301,6.539584055148591e-05,-6.499574927036417e-05,0.19658339878514366,-0.2039017963125946,0.19840022235707186,-0.1979714347325253,-0.1984414878895283
2024-07-30 00:00:00+00:00,0.006262590616077812,8.201828445203029,7.201828445203029,-0.9119747642185849,0.0,-0.00015414008674271795,0.19363111375005504,-0.20026854641009567,0.19345244620948338,-0.19181684246650224,-0.19267457180039949
2024-07-31 00:00:00+00:00,0.00015402997169822186,8.203091772606317,7.203091772606317,-0.9768733030615467,0.0,-2.6452437673984867e-05,0.1890435967827575,-0.19738577776103197,0.18538641906745593,-0.18731763581584168,-0.18719210497563385
2024-08-01 00:00:00+00:00,0.003679395506421157,8.233274191613205,7.233274191613205,-0.9929652142850849,0.0,-8.322381736509129e-05,0.19047048594059218,-0.19484799573734568,0.18003834375635852,-0.18661641728644132,-0.18203720325993242
2024-08-02 00:00:00+00:00,0.012662621397781404,8.337529025565727,7.337529025565727,-0.9371562855967217,0.0,-0.00012369102981815082,0.17701805273144144,-0.1795771923726831,0.16228941130855196,-0.16919621971879276,-0.16848717310789207
2024-08-03 00:00:00+00:00,0.003727406265324973,8.36860638349295,7.368606383492949,-0.8521394342276108,0.0,-8.521732554276207e-05,0.17406853545600398,-0.17375097191705774,0.1508289914381039,-0.1619281031345804,-0.16271226747559048
2024-08-04 00:00:00+00:00,0.017675459450688713,8.516525346283153,7.516525346283153,-0.7447556645381807,0.0,-0.00010421286571753941,0.16388572248164404,-0.15812267190129733,0.14387611306636885,-0.14921307061145309,-0.15343572087945193
2024-08-05 00:00:00+00:00,0.06370592970283617,9.05907851130589,8.05907851130589,0.4212081818984693,0.00020059993593333776,-0.00012100728936939745,-0.1745948132401868,-0.16916896932586636,0.06513312987502323,-0.17277449662968827,-0.1709276594199352
2024-08-06 00:00:00+00:00,-0.017898344680397638,8.896936001623754,7.896936001623754,0.22515006825415232,0.0,-0.00019476409662113277,-0.1843214928993204,-0.17519123240753173,0.07376128724860848,-0.18806767309642897,-0.17788164289419905
2024-08-07 00:00:00+00:00,0.022261114707473162,9.094991714500948,8.094991714500948,0.3944672372698743,0.0,-0.0001467527332625374,-0.17744706424020257,-0.16312324018918747,0.07235901038061897,-0.17486837373603634,-0.1725095173601372
2024-08-08 00:00:00+00:00,-0.08249388463888618,8.344710517213281,7.344710517213281,-0.7839208851358366,0.0,-3.25515168043448e-05,-0.21641507368716062,-0.2036206316786342,0.08885430881023526,-0.21827381486581948,-0.21135772113579127
2024-08-09 00:00:00+00:00,0.02222565922692743,8.530177209516221,7.530177209516221,-0.4662131618631439,0.0,-1.0107281211997183e-05,-0.20878708060980405,-0.19297677967371515,0.08325454862518483,-0.20423479071043896,-0.19977460901594224
2024-08-10 00:00:00+00:00,-0.003357412801534454,8.501537883353635,7.501537883353635,-0.4237332090651,0.0,-0.00011561826537804565,-0.2097705113661412,-0.1944362832705544,0.08232841947205034,-0.20331057206899222,-0.20301644479256964
2024-08-11 00:00:00+00:00,0.024745411340723944,8.711911935305968,7.711911935305968,-0.19798216586732162,0.0,-0.00015488852925037096,-0.19731960713484106,-0.18580551895981967,0.07384766519844216,-0.1875627867806493,-0.1894815297839989
2024-08-12 00:00:00+00:00,-0.03161932481490459,8.436447162064685,7.436447162064685,-0.6854796523261057,5.8094012249786956e-05,-0.0001023920512893337,-0.2087368380567807,-0.2199782411228118,0.2134498793029571,-0.21524062719679918,-0.22153525400588936
2024-08-13 00:00:00+00:00,-0.0004653774328046145,8.43252102994241,7.432521029942411,-0.4335958666292821,0.0,-0.00019738130540516811,-0.21315302194306293,-0.21845178253604186,0.21402238317066666,-0.21655705606751008,-0.21847331109488918
2024-08-14 00:00:00+00:00,0.018078515108009174,8.584968488780829,7.584968488780829,-0.28258319091349937,0.0,-8.97634833299963e-05,-0.2027899532044292,-0.21130042743595728,0.20603221954759232,-0.20850052152773335,-0.20661968767656994
2024-08-15 00:00:00+00:00,0.02240292395223986,8.777296884967361,7.777296884967361,0.17741430333968605,0.0,1.701401414921905e-05,-0.19450076970386446,-0.19959263112649306,0.19996603198774923,-0.1957917148212345,-0.19770879403877634
2024-08-16 00:00:00+00:00,-0.01425174813493768,8.652205060457234,7.652205060457234,0.07495675211253389,0.0,-0.00021265402898960022,-0.20192356989504462,-0.204274706286473,0.19780196818174567,-0.20110175486425103,-0.2008676878945476
2024-08-17 00:00:00+00:00,-0.007889590607169872,8.583942704680943,7.583942704680943,-0.1558623507965003,0.0,-7.349426856522628e-06,-0.20565125656568736,-0.20762007767432825,0.20345466349903296,-0.20597661617512375,-0.2073712178462727
2024-08-18 00:00:00+00:00,0.009052984296304523,8.661653003186798,7.661653003186798,0.5117891436719325,0.0,5.381700829155496e-06,-0.20011004393050352,-0.20555972638826644,0.20237424886013528,-0.2052633485935362,-0.20004832077356927
2024-08-19 00:00:00+00:00,-0.006136771761589999,8.60849841562815,7.60849841562815,0.5275175869328081,6.685568181200781e-05,-4.521786774118483e-05,-0.02286408962329988,-0.20310831349600328,0.2038322668530046,-0.20502285594211722,-0.20381775549110306
2024-08-20 00:00:00+00:00,-0.01111209706787819,8.512839945625014,7.512839945625014,0.3206163004005058,0.0,3.194860128579678e-06,-0.022959239234592973,-0.2004303624642997,0.20327676211949178,-0.2176069483849707,-0.20934406863320634
2024-08-21 00:00:00+00:00,-0.02363624569632672,8.311628369096717,7.3116283690967165,0.06489848604991928,0.0,3.5618530043753914e-05,-0.024367056410362752,-0.20990220502795526,0.2089532083798728,-0.23560800461616416,-0.22120744172713702
2024-08-22 00:00:00+00:00,-0.013426565229433307,8.200031748636231,7.200031748636231,-0.3127708693630192,0.0,-2.216109812676735e-05,-0.024387476325363876,-0.21216166543727263,0.21243945975593598,-0.255853780043224,-0.22231633392724232
2024-08-23 00:00:00+00:00,-0.027074867506310163,7.978016975494368,6.978016975494368,-0.8066092138808788,0.0,1.4124497721285833e-05,-0.02659046151839968,-0.22967431783413897,0.23370889556018626,-0.27640633748820687,-0.24513800832742821
2024-08-24 00:00:00+00:00,0.005024199484359171,8.018100124268855,7.018100124268855,-0.6604804228274532,0.0,-8.988312095503141e-05,-0.02649745551831154,-0.2289250212805025,0.24366465720968722,-0.28144245666840656,-0.24309143420994317
2024-08-25 00:00:00+00:00,0.007717501030515939,8.07997982024068,7.0799798202406805,-0.44116119271429155,0.0,-2.438945678523111e-05,-0.02632475224868636,-0.22537097011047166,0.2392715269613766,-0.27719505921219817,-0.23488272083419764
2024-08-26 00:00:00+00:00,-0.0008372503761596706,8.073214854096822,7.073214854096822,-0.49515287739206515,0.00027655358638801835,-1.603519981387009e-05,0.19580199322957614,-0.1953567359588332,0.19780983426619198,0.1804687255684975,-0.19205586168973754
2024-08-27 00:00:00+00:00,-0.008875558356032709,8.001560564538496,7.0015605645384955,-0.5946584942702372,0.0,-1.0331955646967923e-05,0.18678836818003017,-0.18068071091808482,0.18646024885966542,0.16900904801993652,-0.1821819946948912
2024-08-28 00:00:00+00:00,-0.015793841945213383,7.875185181667122,6.875185181667122,-0.8500556984155715,0.0,2.075769645526701e-05,0.18858895778982973,-0.18891193766130276,0.1857919070422083,0.16719037742363474,-0.18645392326624208
2024-08-29 00:00:00+00:00,-0.009289379618784177,7.802029596946393,6.802029596946393,-0.957933012287644,0.0,7.544466466717551e-05,0.19136759405296552,-0.19060555434081017,0.1823937788557413,0.16477531068052517,-0.18961995965146547
2024-08-30 00:00:00+00:00,-0.003070911765409856,7.7780702524630545,6.7780702524630545,-1.050947801270609,0.0,8.27722205455396e-05,0.1912228778496424,-0.1910950610721507,0.18030569915983877,0.16813644586516072,-0.19293453352367418
2024-08-31 00:00:00+00:00,-0.00550850915926715,7.735224681235938,6.735224681235938,-1.2040148616957025,0.0,3.0469022060691414e-05,0.19177969295382782,-0.1911581432778532,0.17781427890831472,0.1655228114853739,-0.19303080259706792
2024-09-01 00:00:00+00:00,-0.005957536263260899,7.6891417996930045,6.6891417996930045,-1.2761077950956228,0.0,8.218008358159323e-05,0.18745038003652217,-0.18561579779182644,0.16981469770439866,0.15636433816400835,-0.18225714752823569
2024-09-02 00:00:00+00:00,-0.010463260726765289,7.608688304277747,6.608688304277747,-1.3388228426368343,0.0001509292102860587,-0.00010969544125448107,0.20859127244122344,-0.2114352200528809,0.2122411296193135,-0.21109434134937258,-0.210697632980526
2024-09-03 00:00:00+00:00,0.006108464940862923,7.655165710030381,6.655165710030381,-1.254505280085991,0.0,-2.7288998004351253e-05,0.20150198931326332,-0.20081592299264506,0.19944176570584946,-0.20064143958142494,-0.20449315421152775
2024-09-04 00:00:00+00:00,0.0015594465758268505,7.667103531984275,6.667103531984275,-1.2897436612845161,0.0,-5.067415648596631e-05,0.20291431152336456,-0.20262238555425555,0.2085922526199432,-0.20519339432645983,-0.20677073296613968
2024-09-05 00:00:00+00:00,-0.0019424108513501626,7.652210866885324,6.652210866885324,-1.4898378432644472,0.0,-3.696504293834511e-05,0.19699677211804686,-0.19619610398956927,0.20238388994756396,-0.2005498813870178,-0.20801901196251552
2024-09-06 00:00:00+00:00,0.01180251243254915,7.742526180778225,6.742526180778225,-1.4899090364448597,0.0,-1.1489780452771198e-05,0.18700738355201374,-0.18213972721353794,0.19325242106715756,-0.1962335920106201,-0.19319885187166197
2024-09-07 00:00:00+00:00,-0.011129417797971719,7.65635637210061,6.65635637210061,-1.5589881292670444,0.0,-3.527799099500052e-05,0.18983869396167385,-0.18820774673939858,0.1996453397841794,-0.20445837972784453,-0.20150243316763425
2024-09-08 00:00:00+00:00,-0.010782537421936356,7.573801423002754,6.573801423002754,-1.733168542967193,0.0,9.390013132819825e-05,0.19440610655954388,-0.19224202413282945,0.20564271438057505,-0.22041615236396087,-0.20530123700454492
2024-09-09 00:00:00+00:00,-0.01189578806865721,7.483705086400619,6.483705086400619,-1.8054789959010986,0.0001774269696446073,3.752265213798376e-05,0.14665355111420927,-0.20786333920137495,0.062043950705189414,0.07462523475513153,-0.21850435371174373
2024-09-10 00:00:00+00:00,0.0029670533184515957,7.505909638411537,6.505909638411537,-1.603557487736082,0.0,5.373141874663678e-05,0.14775628596921953,-0.20983574267458124,0.06211194714950252,0.07598754660505284,-0.21573712344324728
2024-09-11 00:00:00+00:00,0.0018271053783056601,7.519623726280955,6.519623726280955,-1.6916451596026887,0.0,4.245999831828901e-05,0.14671083647753816,-0.2052063189613947,0.06052739946596853,0.0725078182503528,-0.21222061876374107
2024-09-12 00:00:00+00:00,0.0012063498444068177,7.528695023193151,6.528695023193151,-1.8033931854205765,0.0,7.056765889057971e-05,0.14855668833818436,-0.20684899876605678,0.06212221440178818,0.07472717480227709,-0.21493765743211113
2024-09-13 00:00:00+00:00,-0.005430741754037904,7.487808624777279,6.487808624777279,-1.9449784230943827,0.0,5.7002463410025537e-05,0.15543338932583656,-0.21479365875434953,0.06380208013973701,0.07793028855867405,-0.2250150793310026
2024-09-14 00:00:00+00:00,0.004379485307268727,7.5206013726331316,6.5206013726331316,-1.9652755010113931,0.0,4.484792831348293e-06,0.15349570686927502,-0.2119712486538673,0.06267881988925918,0.0788962260985236,-0.22076458156622214
2024-09-15 00:00:00+00:00,0.004786561181836957,7.556599191227447,6.556599191227447,-1.9724099609731556,0.0,6.166824566539118e-05,0.15056463475400955,-0.20207483738523713,0.05976383859659743,0.07375029421916772,-0.21431081959047765
2024-09-16 00:00:00+00:00,0.0033305744335849763,7.581767007298597,6.581767007298597,-2.0441612089796903,0.00015054370447701126,2.2121725597571316e-05,0.12052066856397346,-0.19756344533663217,-0.19944723589503524,0.1969340944485084,-0.19319597386824522
2024-09-17 00:00:00+00:00,-0.0002145274226411642,7.580140510363456,6.580140510363456,-2.026403913138828,0.0,7.36340772100609e-05,0.12488468765681901,-0.20156551505907602,-0.19957352474642984,0.1992063355062659,-0.1960506240923847
2024-09-18 00:00:00+00:00,-0.0015606314392071496,7.568310704769375,6.568310704769375,-1.8868738442436814,0.0,0.00011304849216573721,0.12809748695889572,-0.20475621802090238,-0.20419131070343496,0.20736843961083576,-0.2017202071072334
2024-09-19 00:00:00+00:00,-0.004095923400765811,7.537311483849443,6.537311483849443,-1.9483338338643104,0.0,5.1421296275146575e-05,0.13110699824683428,-0.21344750169038282,-0.21803991127153527,0.2246955426009869,-0.20481318038187066
2024-09-20 00:00:00+00:00,-0.005997173053053473,7.492108922526031,6.492108922526031,-2.1726581678875956,0.0,0.00011770758452273191,0.1324195110338426,-0.22307619122189662,-0.2252025466459846,0.23456704196978223,-0.20704998616745773
2024-09-21 00:00:00+00:00,-0.016046721658199536,7.371885136013343,6.371885136013343,-2.2684096041294075,0.0,7.037652525366607e-05,0.13488773480950408,-0.23124001217414508,-0.23316001107483098,0.23933206447648817,-0.2192442943721295
2024-09-22 00:00:00+00:00,0.013953690844958677,7.474750142145819,6.474750142145819,-1.9410672624418048,0.0,6.246129923788665e-05,0.13353105356449121,-0.22531031220183131,-0.22258505317598598,0.23198319303107043,-0.20908513994117345
2024-09-23 00:00:00+00:00,-0.008679701114914451,7.409871545003329,6.409871545003329,-1.8531519380952406,5.440142567494951e-05,1.5095178756078018e-05,0.2009263270340763,-0.2068932593889316,-0.20188527374761245,0.2024203449003378,-0.2050243503951724
2024-09-24 00:00:00+00:00,-0.0039028329059094258,7.380952054508928,6.380952054508928,-1.8721993040295881,0.0,6.0575968160199256e-05,0.2047124227296646,-0.20818746567265742,-0.2139117215280184,0.21125173676033607,-0.20912471557009057
2024-09-25 00:00:00+00:00,0.0026158113208074596,7.400259232451449,6.400259232451449,-1.405809964395508,0.0,6.251465792682121e-05,0.20060379326372205,-0.20192077835835967,-0.20660285118909233,0.2018763586500508,-0.20610802069315626
2024-09-26 00:00:00+00:00,-0.012687649519904087,7.306367336953671,6.306367336953671,-1.7497923972545493,0.0,7.938561752887247e-05,0.20968676058560395,-0.20865603239687386,-0.2200122340508108,0.21860435046258542,-0.22743173745482617
2024-09-27 00:00:00+00:00,-0.006705604179786051,7.2573737295999425,6.2573737295999425,-1.9069757619051948,0.0,5.198464752270398e-05,0.2130805061630516,-0.2150481801096506,-0.22450484878398916,0.22965932396961447,-0.23933681141595542
2024-09-28 00:00:00+00:00,-0.014345276178788446,7.153264699116147,6.153264699116147,-1.8625601684554793,0.0,7.208205503147918e-05,0.21642171292052148,-0.21658795871700476,-0.2264584929114264,0.22421751489213074,-0.2518069166484832
2024-09-29 00:00:00+00:00,0.0035678833029613166,7.178786712797787,6.178786712797787,-1.8902884053163043,0.0,0.00013274482942487193,0.21481848123159542,-0.2143974002616372,-0.2281060482471215,0.22145914343205567,-0.2436616089465408
2024-09-30 00:00:00+00:00,-0.016468272428152075,7.060564497507834,6.060564497507834,-2.158417455311692,0.00016396631753023462,2.4091379869042892e-05,0.19631068859430023,-0.19912025712439074,-0.19566858673836143,0.19405346804406973,0.13627622315927468
2024-10-01 00:00:00+00:00,-0.008592835870173787,6.999894225629974,5.999894225629974,-2.193344712236789,0.0,5.618398491851323e-05,0.19009188789652584,-0.18890722881753658,-0.18783862857221695,0.18232972780076143,0.12859459250028696
2024-10-02 00:00:00+00:00,0.006448112523819383,7.045030331251669,6.045030331251669,-2.0180640644476853,0.0,6.656362866702082e-05,0.18839480491837374,-0.18126483606291374,-0.1802167892400889,0.17776317426373534,0.12513848513464443
2024-10-03 00:00:00+00:00,0.0015054525424367249,7.055636290075396,6.055636290075396,-1.9632559015064692,0.0,6.621333045993037e-05,0.18843618506889506,-0.17990012575585348,-0.1756438462753867,0.17270047970332528,0.1254640857244033
2024-10-04 00:00:00+00:00,0.007399542728835806,7.107844772282934,6.107844772282934,-1.7851241213831759,0.0,0.00019449713835158815,0.19114013019053097,-0.18349341475879197,-0.18254775777313523,0.18267146216512128,0.12947584463391523
2024-10-05 00:00:00+00:00,-0.0031773785185401637,7.085260458990364,6.085260458990364,-1.7549484461362892,0.0,6.663841032925706e-05,0.19165267293213556,-0.18408135216132057,-0.18233524396162415,0.17907871606424583,0.13011458768136966
2024-10-06 00:00:00+00:00,0.00693872671092044,7.134423144990989,6.134423144990989,-1.8249458788803767,0.0,5.190462765268892e-05,0.1926832703618695,-0.18473308728313625,-0.18600027691310378,0.1866225322829517,0.13176996659494264
2024-10-07 00:00:00+00:00,-0.00647126780286833,7.08825438220077,6.08825438220077,-1.7965065525443973,7.325158003930106e-05,-4.189166560889567e-05,0.19936896502315282,-0.07832103205523953,-0.1978468011223619,0.19852093913558833,0.1955848096763364
2024-10-08 00:00:00+00:00,-0.004117320809748248,7.059069764928146,6.059069764928146,-1.9712276997692875,0.0,-4.1237353232709736e-05,0.2000033024617967,-0.07923229967999944,-0.19798556719795163,0.1977572320059336,0.19398313323612465
2024-10-09 00:00:00+00:00,0.00027194609638336864,7.060989451394816,6.060989451394816,-1.9614735861500638,0.0,-1.8916739969798695e-05,0.19504028792561331,-0.07693037807151665,-0.19220288921991283,0.19337178322469095,0.19545226991645848
2024-10-10 00:00:00+00:00,-0.003950525979501185,7.033094829126097,6.033094829126097,-1.9824624642019995,0.0,-5.052568882126035e-06,0.19480193447303604,-0.07774527406973951,-0.1925453703115592,0.19477184357583752,0.19273510284656656
2024-10-11 00:00:00+00:00,0.017247171642545522,7.154395822822334,6.154395822822334,-1.6564283454546673,0.0,-1.002057786654194e-06,0.1985367879553663,-0.07813238115214072,-0.19814396402483764,0.20339100002294133,0.19803233769304973
2024-10-12 00:00:00+00:00,0.009373173442325466,7.2214552157446965,6.2214552157446965,-1.497401869721019,0.0,-0.00012681723551080226,0.1987919560127258,-0.07856962159271365,-0.19744830341652428,0.2101126145467569,0.19720313684008633
2024-10-13 00:00:00+00:00,0.00048438661418837015,7.224953191986164,6.224953191986164,-1.3139958327365486,0.0,-8.193519185902314e-05,0.19763832320517502,-0.0782999618638521,-0.19914255684637525,0.2131217257216442,0.1971784861334241
2024-10-14 00:00:00+00:00,-0.0005433146726709914,7.221027768907597,6.221027768907597,-1.2772837669234447,8.177140082081042e-05,-8.935714773222129e-05,0.210361612817845,-0.21315379359356418,-0.11262412081572643,0.2000854704991506,0.20957949653762917
2024-10-15 00:00:00+00:00,0.002566289742456762,7.239559018400939,6.239559018400939,-1.3157762633232064,0.0,-9.709038787403771e-06,0.21293310020004677,-0.21080064432794998,-0.11031761199380558,0.1937194686836377,0.21053056341034
2024-10-16 00:00:00+00:00,0.015276363927132941,7.350153156637989,6.350153156637989,-1.261732899211635,0.0,1.5728433691125705e-05,0.21144315647944648,-0.20793630746450067,-0.10830650597551657,0.1895324104575139,0.22190839617139954
2024-10-17 00:00:00+00:00,0.004377443506753842,7.38232803684716,6.38232803684716,-1.051849093111623,0.0,-6.97906436314983e-05,0.2099282799454661,-0.20660335730836582,-0.10521885669262356,0.1838483847799904,0.22777809636716445
2024-10-18 00:00:00+00:00,0.01575938764377427,7.498669006093338,6.498669006093338,-0.5997856403792903,0.0,-6.180817793196178e-05,0.20975685587375925,-0.2062166011491727,-0.10662272960635906,0.1862429324486984,0.23734235724684094
2024-10-19 00:00:00+00:00,0.007853880013317438,7.557562652726777,6.557562652726777,-0.11550606628578858,0.0,-9.52552615054003e-05,0.20796803990018112,-0.20510078832403567,-0.10909827546046796,0.18487058059173175,0.24725287333835255
2024-10-20 00:00:00+00:00,-0.008556069698884228,7.492899619916363,6.492899619916363,-0.31389377290676335,0.0,-9.073230814705784e-05,0.211797287928169,-0.2146480275580037,-0.11535917693529339,0.19231442639867596,0.24606194936159534
2024-10-21 00:00:00+00:00,-0.007145366938336228,7.439360102699941,6.439360102699941,-0.5653431679153443,0.00013844320538453536,-0.00017997508022303101,0.19659271798947262,-0.19552012349223527,0.1998595600735906,0.1928460946130819,0.20358008070082959
2024-10-22 00:00:00+00:00,-0.0014454577226123977,7.428606822188199,6.428606822188199,-0.9279678992911669,0.0,-0.00015075498616620776,0.1969871773197227,-0.19250993917733597,0.20187169157167928,0.1923663387591564,0.19821119063522072
2024-10-23 00:00:00+00:00,0.003032617071165422,7.451134942052143,6.451134942052143,-1.072707198271274,0.0,-9.991084666273455e-05,0.19417963325374918,-0.1847581793434447,0.20516501549080107,0.18556520914433064,0.19809306127013557
2024-10-24 00:00:00+00:00,0.014293386925309015,7.557636896811584,6.557636896811584,-0.7263864083305173,0.0,-0.00014977185456903,0.19582840034149152,-0.1829881784172675,0.20972247866335697,0.18353878118346587,0.19795244039118767
2024-10-25 00:00:00+00:00,-0.039630925006891915,7.2581207557247245,6.2581207557247245,-1.3593683330644164,0.0,-9.085365428572158e-05,0.19939008496716568,-0.18337820569304164,0.20321018033518115,0.17748780440187367,0.19109941213995027
2024-10-26 00:00:00+00:00,0.01742836618887522,7.384617942098571,6.384617942098571,-1.2029150809230522,0.0,1.97374810225855e-05,0.19717694213991147,-0.18333485040774136,0.20701304086366115,0.17781637165090602,0.19617912600061055
2024-10-27 00:00:00+00:00,0.02010898059108923,7.533115080968841,6.533115080968841,-0.8707839984363317,0.0,-1.9812462674334808e-05,0.1959436723777549,-0.1815440939542316,0.20978737738049474,0.1767554080301624,0.20191422796326594
2024-10-28 00:00:00+00:00,0.03048310078959182,7.762747787241608,6.762747787241608,-0.5446865737905495,2.0110450843564052e-05,-5.607487228635846e-05,0.19963853165910858,-0.19866781741950384,0.195860371936806,0.19790955236357577,0.2171541313587806
2024-10-29 00:00:00+00:00,0.0276146409480722,7.977113280156727,6.977113280156727,-0.19063052653249082,0.0,-0.00018068290969616919,0.2020499592558317,-0.19881224421252439,0.1918805835798884,0.19711768089109186,0.23026400079580278
2024-10-30 00:00:00+00:00,-0.0227904148675091,7.795311559056839,6.795311559056839,-0.5187729580736368,0.0,-0.00018674999409302713,0.20565215761133931,-0.204996796760599,0.19135368555053547,0.19639964583598446,0.2254783638903563
2024-10-31 00:00:00+00:00,-0.019459016494466352,7.643622462849648,6.643622462849648,-0.9160448237792488,0.0,-0.00010813588594225868,0.20385697866630503,-0.19798109841828662,0.1882193235316661,0.19140057825326112,0.22083907343996398
2024-11-01 00:00:00+00:00,-0.00991464550362342,7.567838655766961,6.567838655766961,-1.0842676251651557,0.0,-7.505819766414032e-06,0.203478737588254,-0.1994237335512005,0.18716159448169778,0.19156959241065932,0.21961411029758365
2024-11-02 00:00:00+00:00,-0.0035631526911241718,7.540873291094671,6.540873291094671,-1.3568498102004194,0.0,-4.3654793243656395e-05,0.20382759481069068,-0.19870569197752436,0.18792137997796365,0.18703946704100044,0.22093958783694592
2024-11-03 00:00:00+00:00,-0.018962214079084827,7.397881637405681,6.397881637405681,-2.5989040012750073,0.0,-2.054952411010886e-05,0.205957918747292,-0.19959628562234893,0.18734407114538465,0.18603487965218168,0.2135909691406518
2024-11-04 00:00:00+00:00,0.0005804182089526044,7.402175502615707,6.402175502615707,-2.3612093858823124,2.4689544749417843e-05,-2.368931903076031e-06,0.19718095400761884,-0.19500508074584003,0.19425575849933469,0.14297721493162507,0.20896866366070022
2024-11-05 00:00:00+00:00,0.036492007969383344,7.672295750047933,6.672295750047933,-2.1232953714040765,0.0,-6.268996616574388e-05,0.19449817752249346,-0.1900268756310116,0.19772107915471912,0.1455701343254816,0.21657585269247917
2024-11-06 00:00:00+00:00,0.06976846827687977,8.207580072695992,7.2075800726959915,-0.08788114349604062,0.0,-0.00014671775110800501,0.1981372715117815,-0.19971992904446947,0.2070872949396463,0.15329798592465924,0.2340859996745997
2024-11-07 00:00:00+00:00,-0.002723867424384685,8.185223712702946,7.185223712702946,-0.4403805830443932,0.0,-0.0001724338367820327,0.1994131726836027,-0.21301110695880057,0.21862476825073968,0.15592508302688032,0.230997664598393
2024-11-08 00:00:00+00:00,0.0187283756089609,8.338519656837821,7.338519656837821,-0.12818884223135363,0.0,-0.00017758487448024454,0.19735421603014935,-0.2138867738354954,0.21837401393649697,0.1608413723838028,0.23694270141995927
2024-11-09 00:00:00+00:00,0.017279526534983658,8.482605328510633,7.482605328510633,-0.23425835331899209,0.0,-0.00017988765898047392,0.19449125720823957,-0.22195913571118114,0.2146861844553559,0.16690232289540127,0.2524825004127987
2024-11-10 00:00:00+00:00,0.0923591308121221,9.266051383674151,8.266051383674151,1.2925927165656603,0.0,-0.0003716821992598177,0.18671979052881937,-0.20697165748249574,0.20670814399314166,0.16040786754885888,0.293341006397205
2024-11-11 00:00:00+00:00,0.12054359412831284,10.38301452083986,9.38301452083986,2.2384584530796228,0.00019596260242830745,-0.0005725037886784479,0.19691153605632553,0.18908502348974712,0.1886668383375586,0.19995061179338422,0.22589690644590776
2024-11-12 00:00:00+00:00,-0.010785295881272527,10.271030637093052,9.271030637093052,1.9572240096097302,0.0,-0.0011840159040038183,0.19736037642842322,0.1838383262797603,0.18166504760393298,0.19208292306774907,0.24676673829898432
2024-11-13 00:00:00+00:00,0.012194856809035537,10.396284384993619,9.396284384993619,1.863993225912999,0.0,-0.0005265492442284096,0.20039352922524664,0.17842963705743448,0.18245110538754458,0.18507072846040618,0.25586797389112903
2024-11-14 00:00:00+00:00,-0.053083029815258365,9.844418111017097,8.844418111017097,1.4344502493458682,0.0,-0.00034407487783877247,0.20453372735151254,0.18087634672963598,0.1876401541461445,0.18410111535661733,0.24554905041061362
2024-11-15 00:00:00+00:00,0.04273157039411579,10.265085556517132,9.265085556517132,1.8839761676611226,0.0,-0.00031409690551397807,0.20443922360894337,0.17520481546741004,0.18770137619869293,0.18744744651345777,0.24809809402949096
2024-11-16 00:00:00+00:00,-0.001334822672530156,10.251383487580831,9.251383487580831,1.7873244872040737,0.0,-0.0004495202199827128,0.20374302604004918,0.17787729528935853,0.1855371052660924,0.19925491083857086,0.23693260350691311
2024-11-17 00:00:00+00:00,0.012780833936557157,10.382404717555566,9.382404717555566,1.9637603046855976,0.0,-0.0005251709780919121,0.19952199490962758,0.17245969047109003,0.20164512420660788,0.19431275355659586,0.23588170972123879
2024-11-18 00:00:00+00:00,0.017929007825989052,10.568550932989206,9.568550932989206,2.234557455970514,2.4931338246686606e-05,-0.0006319122451892843,0.19780012325166835,0.20492282401358583,0.19841560078574114,0.20083310764912984,0.1986491265355033
2024-11-19 00:00:00+00:00,-0.0019008636821049585,10.54846155834821,9.54846155834821,2.45629686035959,0.0,-0.000650415239785615,0.2021805509087458,0.19884510185574678,0.19691291166501038,0.19393399950390774,0.20940105451706068
2024-11-20 00:00:00+00:00,-0.010818173604067116,10.434346469954171,9.434346469954171,2.4830656081416285,0.0,-0.0003506026219542463,0.20871279978323715,0.19854430856421035,0.19720718703510298,0.19246886435008062,0.20470882461148432
2024-11-21 00:00:00+00:00,0.06293116631653928,11.090992063059252,10.090992063059252,3.2402007582640544,0.0,-0.00032063690085015945,0.20485004440966564,0.20426803973772412,0.20217234107158888,0.1933346134080044,0.19722138502410522
2024-11-22 00:00:00+00:00,0.05185623364987069,11.666129138890113,10.666129138890113,3.5855105521685706,0.0,-0.0007615248549434094,0.19584901338370336,0.1925572092246131,0.19258732675458348,0.22138576678381477,0.20010006118889534
2024-11-23 00:00:00+00:00,-0.001381432705609087,11.650013166549792,10.650013166549792,3.5031294789252687,0.0,-0.0008537223038384371,0.19374896822148047,0.19666146644842267,0.1913310142863163,0.21273875671094322,0.20885750479467982
2024-11-24 00:00:00+00:00,-0.0005808179998983976,11.643246629203606,10.643246629203606,3.505519668412294,0.0,-0.0006842337461191942,0.19432754603279986,0.19484353300583113,0.18984354071913845,0.21604534166024716,0.20896432016512526
2024-11-25 00:00:00+00:00,-0.043151225021135886,11.140826273930259,10.140826273930259,3.1339003379414585,1.6098264723661046e-05,-0.0005665528793349418,0.19856873280690307,0.2123685615019483,0.19360471828878834,0.2053009452159011,0.19074914502877877
2024-11-26 00:00:00+00:00,-0.006845146834338789,11.064565682229347,10.064565682229347,3.2210407046024603,0.0,-0.0004630693345133571,0.19769742665570983,0.20821568249073708,0.19197703579620037,0.21380234989308955,0.18936994993153136
2024-11-27 00:00:00+00:00,0.05006062150774837,11.618464716995051,10.618464716995051,3.6769439539269313,0.0,-0.00043894622657891607,0.19621850530912724,0.21787931699090565,0.19179440346765866,0.2086911958879984,0.18684639197896608
2024-11-28 00:00:00+00:00,-0.01327458979672913,11.46423436380917,10.46423436380917,3.579922062848613,0.0,-0.00035336464321269036,0.19842117599495057,0.2163228604472169,0.19080114095835737,0.20660936376924405,0.18965262651784673
2024-11-29 00:00:00+00:00,0.03046836797497887,11.813530874957106,10.813530874957106,3.870636618834823,0.0,-0.00048336007923694205,0.19622034969553034,0.21068401389426603,0.1897106908346737,0.2102430234640896,0.19536472471076105
2024-11-30 00:00:00+00:00,-0.0029671660923986654,11.778478166713429,10.778478166713429,3.8983481873119348,0.0,-0.0005289141867541672,0.1947029839592211,0.2178499219561595,0.18581227299447803,0.21067609316497257,0.19371863381040455
2024-12-01 00:00:00+00:00,0.01112186416578198,11.909476800963244,10.909476800963244,4.091653921476325,0.0,-0.0004680670987207498,0.1941381586486669,0.2157740306105006,0.18325050669086715,0.20975261483044805,0.20027715602134996
2024-12-02 00:00:00+00:00,0.007918988354495005,12.0037878090582,11.0037878090582,4.1070019816916075,1.694529764296761e-05,-0.000819562112040739,0.19562103612612416,0.19495106055275574,0.18906733747389268,0.22992631358691068,0.19124737526078595
2024-12-03 00:00:00+00:00,-0.009751882754641672,11.886728277732669,10.886728277732669,4.001843492624686,0.0,-0.0008128455431058821,0.19759446725377652,0.1952813816545389,0.19787736458116162,0.22606094044140873,0.184827827018392
2024-12-04 00:00:00+00:00,0.03323064311867152,12.281731902978624,11.281731902978624,4.275666006887328,0.0,-0.0008945963711553456,0.19673558291302987,0.20070246431889696,0.18760281865800243,0.22688371929061119,0.19053041103673865
2024-12-05 00:00:00+00:00,-0.01530654030615175,12.093741078576333,11.093741078576333,4.030120212291247,0.0,-0.0013103960693027627,0.19641563948145566,0.20098630543149537,0.1961102880124836,0.21949965444191294,0.19081203595570628
2024-12-06 00:00:00+00:00,0.030358357213139398,12.460887190282971,11.460887190282971,4.369492644633458,0.0,-0.0006751684290048881,0.19613302989537054,0.20610914799025917,0.19116262842607556,0.22235997000000884,0.1886017547311626
2024-12-07 00:00:00+00:00,0.004223709028859046,12.513518352016163,11.513518352016163,4.507747997948752,0.0,-0.0010223123621665685,0.1954973419679144,0.20514173965509314,0.19133818346840126,0.21769335618571956,0.19569555695247606
2024-12-08 00:00:00+00:00,0.0171983186705309,12.728729828323674,11.728729828323674,4.763515595530979,0.0,-0.0007556294658614854,0.1946945189716996,0.20205195950534396,0.18726641042369882,0.22392744762599023,0.19807796647583925
2024-12-09 00:00:00+00:00,-0.09633675801059716,11.502485263070186,10.502485263070186,3.59480646877082,1.607917894103379e-05,-0.0005362253777975598,0.21289615786800564,0.20503917724191184,0.20210970749257495,0.18426765537590306,0.19628069273717366
2024-12-10 00:00:00+00:00,-0.020629749096645056,11.26519187810519,10.26519187810519,3.4026937229017182,0.0,-0.0003001780172146708,0.21571328440805332,0.2046127957893452,0.20344272037879588,0.1865135908671896,0.19062999968955033
2024-12-11 00:00:00+00:00,0.060213604675261045,11.943509688444378,10.943509688444378,3.776650650124255,0.0,-0.00028853281565900093,0.21296708037099785,0.2037384146215887,0.20420601397265756,0.19113811689035531,0.1890830930071821
2024-12-12 00:00:00+00:00,0.014393745449132522,12.115421526669094,11.115421526669094,3.9286624530808014,0.0,-0.00030033981565883447,0.207592948345691,0.20347339047710464,0.200945298838109,0.20662058337333794,0.182780503250454
2024-12-13 00:00:00+00:00,0.0019987320974870215,12.139637008549032,11.139637008549032,3.910215314885265,0.0,-0.000300423817285409,0.21005811023775786,0.20437994868330545,0.19862635113724292,0.20487702425763402,0.18376829649219756
2024-12-14 00:00:00+00:00,-0.022894804472747277,11.861702392868175,10.861702392868175,3.678312678131551,0.0,-0.0002936860306597142,0.2149993345586621,0.20718725123035467,0.19887484655441814,0.19795442215239928,0.18303450492090845
2024-12-15 00:00:00+00:00,0.022594736897342704,12.12971443758961,11.12971443758961,3.8161650082413474,0.0,-0.0002668516244696499,0.21663502639296503,0.20731765950270248,0.19834651202737705,0.19721282679283741,0.18275398640035254
2024-12-16 00:00:00+00:00,-0.012529934752397609,11.977729907121397,10.977729907121397,3.7155045162951885,1.5973776236285164e-05,-0.00029568127677799983,0.20556460721253028,0.20387812889260187,0.19519051581627958,0.19540903617731462,0.20025714505594233
2024-12-17 00:00:00+00:00,-0.006855466469966931,11.895616981356806,10.895616981356806,3.6729811483708725,0.0,-0.00028411657220963086,0.20708392172413137,0.20044537358184478,0.20297756433499609,0.1924153220036208,0.19766539620251458
2024-12-18 00:00:00+00:00,-0.0792898301853513,10.952415530955044,9.952415530955044,2.9637675966946153,0.0,-0.0002520651290481355,0.21242118830559617,0.20285653530099634,0.20395984199167774,0.18652431384948207,0.19515007200416318
2024-12-19 00:00:00+00:00,-0.07134503829633532,10.171015025461678,9.171015025461678,2.4095367761079984,0.0,-0.00010792345259485056,0.22246923922908654,0.20586643194988338,0.2060660287193095,0.1823286931523614,0.18436783497437212
2024-12-20 00:00:00+00:00,0.011516578263211175,10.288150316018704,9.288150316018704,2.6060057377374855,0.0,-6.796706783174824e-05,0.2206812263805942,0.2067498883286576,0.20431932734082903,0.18502770624883813,0.18437476913012324
2024-12-21 00:00:00+00:00,-0.03256774501394122,9.953088459861508,8.953088459861508,2.2661636975284782,0.0,-8.281502838780727e-05,0.22693756422682956,0.2055035878080739,0.19716337572843695,0.1796039442707641,0.19206886025563585
2024-12-22 00:00:00+00:00,-0.018334488893016587,9.770603670042966,8.770603670042966,2.1952979326710786,0.0,-0.0001374139236154906,0.226164960354421,0.20577913855188903,0.19981591567573836,0.17879624596329127,0.19088490877083644
2024-12-23 00:00:00+00:00,0.01865979654033767,9.952921146602245,8.952921146602245,2.348249560215301,0.00016172760094677243,-0.00015336919195638017,0.19570141930254262,0.20467787346642752,-0.20677045950932887,0.20986882464522813,0.20406360255771058
2024-12-24 00:00:00+00:00,0.023412473369271325,10.185943647893527,9.185943647893527,2.4856862413756264,0.0,-0.00017231834900476834,0.1988162220119883,0.2041599864500179,-0.20940702277795367,0.2162647363131974,0.2068539419908323
2024-12-25 00:00:00+00:00,-0.005566624354736427,10.12924232590719,9.12924232590719,2.5373326966721077,0.0,-7.849140585674942e-05,0.20145456017057983,0.20552330333106514,-0.21096407268089137,0.21229923996556857,0.20630806501369545
2024-12-26 00:00:00+00:00,-0.036283188882718975,9.761721113357469,8.761721113357469,2.3138359448975208,0.0,-0.00014154979244183677,0.20140641754811298,0.20334329465435003,-0.20894581311124555,0.20426681333190586,0.2001880462044063
2024-12-27 00:00:00+00:00,-0.003305008549349231,9.72945854162146,8.72945854162146,2.3928589736393007,0.0,-0.00011807529324834359,0.19892532565287943,0.20395269332508228,-0.20497558194727278,0.20078583646024042,0.20036342285843614
2024-12-28 00:00:00+00:00,0.008340995928481476,9.810611915703454,8.810611915703454,2.4251314627841025,0.0,-0.00013555077752896728,0.19937319101024129,0.20654207532062804,-0.21565253506200188,0.2055477940179502,0.20669224461788444
2024-12-29 00:00:00+00:00,-0.017071049515733017,9.64313447391084,8.64313447391084,2.4206716530730588,0.0,-0.00020566583820671894,0.1995160095799951,0.2072217019828824,-0.21317717844378078,0.19851517458872386,0.2037327542757697
2024-12-30 00:00:00+00:00,-0.0027689426181760624,9.616433187893225,8.616433187893225,2.4619758003073664,9.13515768680004e-06,-0.00013458477053566748,0.19854003974302464,0.2008314213286685,-0.2020429880367926,0.20138218125740284,0.20031731599955122
2024-12-31 00:00:00+00:00,0.001986803083454669,9.635539147002767,8.635539147002767,2.4315742589309775,0.0,-0.00017133346984507338,0.19983305392022774,0.1990290205440224,-0.19949162493591424,0.1994293663112673,0.20119422100309758
2025-01-01 00:00:00+00:00,0.015583243274856384,9.785692097614913,8.785692097614913,2.5257426165438814,0.0,-0.0002229872732314512,0.19893745421254896,0.1973136749418123,-0.2016211339271676,0.2078307742596175,0.20389057735608782
2025-01-02 00:00:00+00:00,0.012868692030399087,9.911621155523429,8.911621155523429,2.562049306580016,0.0,-0.00018324215217080684,0.2013660102735324,0.20034300034741678,-0.21335709922790688,0.21336612827763599,0.2098156032379711
2025-01-03 00:00:00+00:00,0.04108757975315447,10.318865680234051,9.318865680234051,2.8425625676074495,0.0,-0.0002099083601182692,0.1957690250570779,0.20096180091960167,-0.21452546462885896,0.21892466072748215,0.2259364646622595
2025-01-04 00:00:00+00:00,0.016170980079909247,10.485731851596375,9.485731851596375,2.902915275355979,0.0,-0.00022272876629961816,0.19270760780285473,0.2004003321755564,-0.20980370109295504,0.21887611674663124,0.2310400454594406
2025-01-05 00:00:00+00:00,-0.0026731973815936616,10.457701420666595,9.457701420666595,2.929771670370413,0.0,-0.0002066598570642064,0.1935528228427588,0.19978164436838258,-0.20719929208163676,0.22197540229760776,0.2243339351549237
2025-01-06 00:00:00+00:00,0.01636231334877425,10.628813608219463,9.628813608219463,3.0673840764427465,7.304125153748712e-05,-0.00021519581696247326,0.20444958403009195,0.19951356238031412,-0.0517945525812902,0.20103780946982552,0.199587158279198
2025-01-07 00:00:00+00:00,-0.06624184860290983,9.924741346355242,8.924741346355242,2.546149189870695,0.0,-0.00023096224272236532,0.207682056928545,0.19590824192411033,-0.05138968356089801,0.1915398576211503,0.1917633341386151
2025-01-08 00:00:00+00:00,-0.018081188430335904,9.745290227949447,8.745290227949447,2.4475752423282904,0.0,-0.00016199072761609117,0.20734649832476343,0.19632760920278178,-0.051118683764393734,0.18617148599741587,0.1920714015597902
2025-01-09 00:00:00+00:00,-0.026779288794415823,9.48431828654979,8.48431828654979,2.150016326304324,0.0,-0.00013893708377052085,0.207427692730917,0.19523028277713508,-0.04920136045931702,0.18503878593507958,0.18503827591197555
2025-01-10 00:00:00+00:00,0.01682965779638379,9.643936117744408,8.643936117744408,2.1970869413378424,0.0,-4.1254488935071854e-05,0.20877894872858418,0.19481971249271474,-0.04909628798212453,0.18433533516289952,0.1893123642321884
2025-01-11 00:00:00+00:00,0.007081660655726241,9.712231200715776,8.712231200715776,2.2401501448325623,0.0,-6.839873016070613e-05,0.20706340770112988,0.19441656549927838,-0.04885500193430745,0.18537667649884793,0.1921279541795292
2025-01-12 00:00:00+00:00,-0.007148223831427547,9.642805998190484,8.642805998190484,2.1958618934815144,0.0,-0.00010440542443489173,0.20841613774908088,0.19485328500513724,-0.04932191358864006,0.18382367921799306,0.1905205877845519
2025-01-13 00:00:00+00:00,-0.008144126723600542,9.564273764170125,8.564273764170125,2.124424566932938,0.0002163341915545638,9.667654915924881e-06,0.2015674310444878,0.13798563450743911,-0.1955537228673766,0.19459173041279815,-0.20290762020448394
2025-01-14 00:00:00+00:00,-0.0005604382927136831,9.558913578910687,8.558913578910687,2.0224785920630817,0.0,-8.493508848645108e-05,0.20601267580104662,0.14193045099833904,-0.20067325329321933,0.20177786799759329,-0.21376397361121283
2025-01-15 00:00:00+00:00,-0.0009556340091307902,9.549778756004338,8.549778756004338,1.9874966702981296,0.0,-0.00011427849656649642,0.21463867405762316,0.15201660864546532,-0.22047383428505932,0.21997873258701925,-0.23158916798838397
2025-01-16 00:00:00+00:00,-0.0064284960736660235,9.488388040766985,8.488388040766985,1.843377274080319,0.0,2.4818460675547922e-06,0.21490361559742543,0.14666426487725268,-0.22757292693375752,0.22275341718423664,-0.22777925819470007
2025-01-17 00:00:00+00:00,-0.00918116173397221,9.401273615570016,8.401273615570016,1.7310630161264398,0.0,-1.6618417831310572e-05,0.22580429571702867,0.15542861799249783,-0.2388680676190353,0.232142285620483,-0.2535924250184985
2025-01-18 00:00:00+00:00,-0.053095000232785905,8.902112990762841,7.902112990762841,1.4183606035943226,0.0,-5.8568196245646055e-05,0.2395699149184668,0.15631192986366993,-0.3010452714710622,0.23248582543712126,-0.2556380432187367
2025-01-19 00:00:00+00:00,0.002430629154406727,8.923750726134012,7.923750726134012,1.4805455890968193,0.0,-3.340712385090044e-05,0.2316431320270752,0.1515685662514596,-0.289559464200183,0.21085924575164397,-0.23054287826176142
2025-01-20 00:00:00+00:00,0.0009513988356817382,8.93224077218477,7.93224077218477,1.4960443688692582,0.00021745383236784348,1.0462786133525431e-05,0.2016122576722339,0.049383203359370284,0.1272570025920261,0.1790079411128152,-0.1976361746125939
2025-01-21 00:00:00+00:00,0.007689861128417297,9.000928463288457,8.000928463288457,1.5257584947751066,0.0,-3.5715426882621536e-05,0.207640302640325,0.04965594818292968,0.13065568958642998,0.1822743630187463,-0.20567980866883215
2025-01-22 00:00:00+00:00,0.0017133085944600612,9.01634983138273,8.01634983138273,1.4459802146427925,0.0,-0.0001166918562983353,0.20250008528045613,0.0483086161407736,0.13410137430862226,0.1812287854491081,-0.2003890083349031
2025-01-23 00:00:00+00:00,-0.0007234133726984338,9.00982728334178,8.00982728334178,1.7118153715837676,0.0,-9.542264061636155e-05,0.2030360836338544,0.04977331811019389,0.13196094507108114,0.1751845377504066,-0.19456869719942127
2025-01-24 00:00:00+00:00,0.0010180363041176754,9.01899961461005,8.01899961461005,1.6071322133190868,0.0,-0.00011898992217701205,0.20467307330897114,0.04928682727807056,0.13193615774374026,0.1739182778794606,-0.19366387707799915
2025-01-25 00:00:00+00:00,0.006290545919905188,9.075734045837363,8.075734045837363,1.519722722332189,0.0,-9.135997897241757e-05,0.2031877157102733,0.04911624766593035,0.13271650300901464,0.17911824435082305,-0.1939351283396978
2025-01-26 00:00:00+00:00,-0.00857646639495735,8.997896317783669,7.997896317783669,1.270178843422807,0.0,-0.00014912740238408014,0.20075283282654394,0.0482359793950833,0.1255084965058978,0.17630020402242402,-0.18589166661951775
2025-01-27 00:00:00+00:00,0.00258075565914484,9.021117689626188,8.021117689626188,1.1106516614978459,0.0002138637008549461,-2.9581097688899847e-05,0.19839474260829634,-0.19638589857528607,0.19483654799392464,-0.09266521874536317,-0.19824273559406694
2025-01-28 00:00:00+00:00,0.013304878578119794,9.141142565125593,8.141142565125593,1.350633088793725,0.0,-2.0437425742780644e-05,0.19436638170828338,-0.1874081814215651,0.18584091225314536,-0.0857694400643158,-0.18670682395825275
2025-01-29 00:00:00+00:00,-0.0017490039751405506,9.125154670441862,8.125154670441862,1.4705786821191875,0.0,5.546358578340748e-06,0.19935660921877338,-0.18996974828160768,0.1870936178131603,-0.08787950276880381,-0.19017535170535643
2025-01-30 00:00:00+00:00,-0.006368681314980806,9.06703946839591,8.06703946839591,1.4945329478355571,0.0,8.240979693038617e-06,0.2025279660263832,-0.19937588253447328,0.19664062900278384,-0.09248729833946247,-0.19582043614035102
2025-01-31 00:00:00+00:00,-0.01190986085580703,8.959052289953204,7.959052289953204,1.4382353939361816,0.0,6.599783031773766e-05,0.20047094427140494,-0.20511357603585514,0.1935289348959448,-0.09399257272196658,-0.19659586940494583
2025-02-01 00:00:00+00:00,0.011305560057324415,9.06033939367398,8.06033939367398,1.640847299596977,0.0,8.319222208054148e-05,0.19479092065984385,-0.191554336968695,0.1759134194946321,-0.08664506703389266,-0.18197321827529056
2025-02-02 00:00:00+00:00,0.037388973113441804,9.399096179662713,8.399096179662713,1.8716356422682983,0.0,4.1639102939359475e-05,0.1822847311685703,-0.16994522619641145,0.16203011168993048,-0.07187458530542234,-0.15273746641598027
2025-02-03 00:00:00+00:00,-0.0018831279293599623,9.38139647913605,8.38139647913605,1.6298274411618505,7.991638839799539e-05,-0.00027477123017606743,0.20780672317700113,-0.20110463071269322,0.1670113027262761,-0.20593376771145078,-0.21289465519580061
2025-02-04 00:00:00+00:00,0.02549489186162357,9.62057416788264,8.62057416788264,1.3679503099388488,0.0,-5.056296259133203e-05,0.19547095126948413,-0.18597779309485754,0.155537338836418,-0.18713020975543793,-0.1920111274313764
2025-02-05 00:00:00+00:00,-0.004390473810432449,9.578335288957229,8.578335288957229,1.356571208117805,0.0,4.4697775916221006e-05,0.19400873600986068,-0.19069600537507542,0.14831673932271672,-0.18360618238358145,-0.18753305120439284
2025-02-06 00:00:00+00:00,0.017577506472843618,9.746698539497942,8.746698539497942,1.349096714756199,0.0,4.176968440866055e-06,0.19058221974587655,-0.18056012798724358,0.14086228871743967,-0.17102037053344163,-0.17831221938274286
2025-02-07 00:00:00+00:00,0.007219614875459968,9.817065949260325,8.817065949260325,1.2827747258222755,0.0,-4.6135945927981755e-05,0.1890973467685893,-0.1749539023495202,0.14161691253800357,-0.16951023432242587,-0.17606221107611653
2025-02-08 00:00:00+00:00,-0.0006852503460704762,9.810338801421198,8.810338801421198,0.687936906382119,0.0,4.541792240347467e-05,0.1891434408279065,-0.17576397011303435,0.14715831081456218,-0.17047297271818657,-0.18073822454530958
2025-02-09 00:00:00+00:00,0.002067988810512844,9.830626472289877,8.830626472289877,-0.1674846978757846,0.0,4.788891472592878e-05,0.18877600752917975,-0.17507323873677894,0.1476728924220498,-0.17213611210853647,-0.17750353712354594
2025-02-10 00:00:00+00:00,-0.01224250518761838,9.71027497670533,8.71027497670533,-0.17884748957449842,3.662468072357428e-05,8.16168625358686e-05,0.20447801297797522,-0.20508668317164006,0.1311428242696527,-0.2089707167487143,-0.20780326989632955
2025-02-11 00:00:00+00:00,0.0038261358243349974,9.747427807657846,8.747427807657846,-0.2446049832993071,0.0,0.0001264621543313068,0.20025175235627127,-0.1997764630570417,0.1290451467068642,-0.205886228572583,-0.20509744973794874
2025-02-12 00:00:00+00:00,-0.024967724777307243,9.504056712869573,8.504056712869573,-0.024744398933682257,0.0,2.381340536659048e-06,0.20985250336115677,-0.21561401072164632,0.13157372447153193,-0.22043649319729247,-0.21965593412760567
2025-02-13 00:00:00+00:00,0.011323857543733329,9.611679297173671,8.611679297173671,-0.2788387785607276,0.0,8.384532538183726e-05,0.20483899024204363,-0.2083222051690562,0.12838750531185014,-0.20884338704863842,-0.21570794096420232
2025-02-14 00:00:00+00:00,-0.014370684817967994,9.4735528834226,8.4735528834226,-0.38355788572829674,0.0,5.0563621479108204e-05,0.20972927916373094,-0.215328328661568,0.13374204348714755,-0.2201445178699508,-0.22664594452328632
2025-02-15 00:00:00+00:00,0.007067019599351854,9.540502667325244,8.540502667325244,-0.43006741058714076,0.0,2.3418368220672122e-05,0.20845606302556227,-0.21122689911289452,0.1294985891568503,-0.21111434486441719,-0.22503061789265758
2025-02-16 00:00:00+00:00,0.005441666055408856,9.592418896841565,8.592418896841565,-0.5322320842722018,0.0,-5.941561879221596e-05,0.2042010801725712,-0.20760723606304105,0.12468228505625895,-0.2048106715042628,-0.21873672637241254
2025-02-17 00:00:00+00:00,-0.013022671860020152,9.467499973204141,8.467499973204141,-0.6215082635952924,3.4943358431318636e-05,3.939926046328355e-05,0.19415467366297978,-0.20895454118805068,0.17340769086580274,-0.2040592631960825,-0.19699828040458042
2025-02-18 00:00:00+00:00,0.01454970953936896,9.605249347878246,8.605249347878246,-0.4159651019104952,0.0,-0.00017083809236868722,0.1911280384872315,-0.20051951320147066,0.16296566021447825,-0.189040909741338,-0.18899657261558064
2025-02-19 00:00:00+00:00,-0.005933668535254455,9.548254982049468,8.548254982049468,-1.005896045251737,0.0,-2.9909318583131763e-05,0.19423135939052552,-0.2050013661766353,0.16358963191020046,-0.19180305447493756,-0.1927587077497102
2025-02-20 00:00:00+00:00,-0.003016425771547926,9.519453379648303,8.519453379648303,-1.5023465543320935,0.0,2.180574375012547e-05,0.19815662172665924,-0.20734973126739864,0.17093561015572925,-0.20395962695022524,-0.1932735825237823
2025-02-21 00:00:00+00:00,0.01115065518293612,9.625601521814797,8.625601521814797,-1.3927474106575566,0.0,7.395273477855197e-05,0.1917329697519906,-0.19936725664975827,0.16225588588961257,-0.1968084639487842,-0.17975237353394563
2025-02-22 00:00:00+00:00,-0.019460609963017128,9.438281444939335,8.438281444939335,-1.550024731640512,0.0,-2.0947178652609438e-05,0.19630188235562893,-0.21105402647025284,0.16856357727345972,-0.21128573170909878,-0.18869521154575208
2025-02-23 00:00:00+00:00,0.002079830714230013,9.457911472578067,8.457911472578067,-1.1823153662114487,0.0,7.272569366515142e-05,0.19531612943707344,-0.21492665369120328,0.1641643852064662,-0.20276376281303574,-0.1854457407256043
2025-02-24 00:00:00+00:00,0.05965909127324864,10.022161876374907,9.022161876374907,-0.5858876298533178,6.426119942975236e-05,-3.746008102942335e-05,0.17950134142006394,-0.16822015457433845,0.01393637252785337,-0.16617897398480244,-0.1635941777627442
2025-02-25 00:00:00+00:00,-0.005656409591613509,9.965472423808677,8.965472423808677,-1.0780282059771837,0.0,-6.906920654259263e-05,0.17485040652467929,-0.16797708481505708,0.01426386417741259,-0.16765931533749343,-0.16538507822979606
2025-02-26 00:00:00+00:00,0.007884378389802604,10.044043979231128,9.044043979231128,-0.8968721974042617,0.0,-4.90334027067518e-05,0.16481112580676655,-0.15603167879537383,0.01327217981939146,-0.16576385075392228,-0.15788367577060894
2025-02-27 00:00:00+00:00,-0.004446689019595329,9.99938123915635,8.99938123915635,-1.2079830221014092,0.0,8.304212233702392e-05,0.16645080031941117,-0.1548045019052627,0.013561092551631106,-0.17153159137541554,-0.16116875597881875
2025-02-28 00:00:00+00:00,0.010038851541683824,10.099763542924938,9.099763542924938,-1.093883318199501,0.0,-3.695588120974636e-05,0.1640791917641293,-0.148610091365045,0.014450844412596418,-0.1686879616793301,-0.1556930808530919
2025-03-01 00:00:00+00:00,0.004403934110930541,10.144242236103958,9.144242236103958,-1.1533919343136698,0.0,6.631416797252885e-05,0.16666980337187,-0.14663608134700123,0.013948378074030536,-0.16408149224347826,-0.15875200312060606
2025-03-02 00:00:00+00:00,-0.04867580508143876,9.650463078320463,8.650463078320463,-1.6125646755728182,0.0,7.296586868582175e-05,0.19193185146842262,-0.17503661073624535,0.018242314104413626,-0.19684928943081959,-0.19316220640146944
2025-03-03 00:00:00+00:00,0.03698561065842787,10.007391348408758,9.007391348408758,-1.1995960408536046,7.867220475052028e-05,3.697909054452392e-05,0.17641583988815407,-0.16458791077540919,0.15335065146859927,-0.16184497230549796,-0.16047847133999968
2025-03-04 00:00:00+00:00,0.010497270904046951,10.11244164643582,9.11244164643582,-1.4037247508395765,0.0,-0.00018970327118878274,0.1767164479389438,-0.1645681636495568,0.1545887101075091,-0.1529019572252669,-0.15877148886326856
2025-03-05 00:00:00+00:00,-0.014801607387532667,9.962761255455943,8.962761255455943,-1.3996126873087553,0.0,-2.971721490214292e-05,0.18619753112900456,-0.1724231574056499,0.15849445836652887,-0.16864374109403463,-0.1657328888382394
2025-03-06 00:00:00+00:00,0.0066969912072254445,10.029481779983417,9.029481779983417,-1.614253174285923,0.0,2.2699895599132684e-05,0.18357360323427382,-0.16828627283965467,0.15427318528003203,-0.16192827161057008,-0.1620317385379536
2025-03-07 00:00:00+00:00,0.0031836112931338256,10.061411751442453,9.061411751442453,-1.6233255127968527,0.0,3.9773216359726346e-05,0.1766109227100235,-0.16313269266946437,0.1495852049196499,-0.15481568941660476,-0.15902339089343742
2025-03-08 00:00:00+00:00,-0.006317238858623897,9.997851410153626,8.997851410153626,-1.8304608314939932,0.0,1.0712947749291729e-05,0.1765677859680266,-0.16893371651901587,0.14795358179430043,-0.15857072291142377,-0.15511929590818718
2025-03-09 00:00:00+00:00,0.03059168722516059,10.303702553416676,9.303702553416676,-0.8020236431854922,0.0,1.278418953276963e-06,0.1604013128899065,-0.15025401475168407,0.1325524452743546,-0.1348711175132739,-0.13155556873290478
2025-03-10 00:00:00+00:00,0.05322472799101141,10.852114319122569,9.852114319122569,-0.11356329666864942,0.00016964842732428807,-0.000169373017752445,0.049857299113263254,-0.17531563310085357,-0.05539030307889132,-0.171825117619119,-0.1740607120179819
2025-03-11 00:00:00+00:00,-0.031021223258117847,10.515468458006449,9.515468458006449,-0.9663794371001301,0.0,9.42210465162606e-07,0.05428795290634509,-0.18656615423253298,-0.06055685980528596,-0.19090937760593915,-0.19186840806567185
2025-03-12 00:00:00+00:00,-0.023076940229703413,10.272803620913702,9.272803620913702,-1.3120913145200401,0.0,7.104078527603852e-06,0.05606956521455345,-0.18944652695085845,-0.06261572167031235,-0.2111213708525994,-0.20572529385903443
2025-03-13 00:00:00+00:00,0.017372271356576707,10.451265553009039,9.451265553009039,-1.165003005074589,0.0,3.923695561626999e-05,0.053428415701725115,-0.18196647889006445,-0.05997563574737388,-0.20303757072897874,-0.19378639923327712
2025-03-14 00:00:00+00:00,-0.01612306122084639,10.28275915866255,9.28275915866255,-1.1052407762271128,0.0,8.975261050159683e-05,0.05621559112862577,-0.18961538985698795,-0.06598561914173771,-0.2070453963456751,-0.20497744124730435
2025-03-15 00:00:00+00:00,-0.017442846923429678,10.103398564707504,9.103398564707504,-1.4819882207902384,0.0,6.018292717074808e-07,0.05746104825628795,-0.19555490722216343,-0.0683141280742766,-0.22012318816819787,-0.21348421956713812
2025-03-16 00:00:00+00:00,0.031063077799740046,10.417241220364795,9.417241220364795,-1.0652893902977059,0.0,-8.185195060529001e-05,0.05456556769834035,-0.18473634501106484,-0.06150357437073266,-0.20093640204980448,-0.1979161287970054
2025-03-17 00:00:00+00:00,-0.01829482578899455,10.22665960703629,9.22665960703629,-1.1675670397267284,4.138241745811864e-05,-0.00011188211892595244,-0.02699606705971651,-0.20797463155102525,-0.08356598123463087,-0.21001619309229327,-0.20995995594599412
2025-03-18 00:00:00+00:00,0.006193149645128626,10.289994840352458,9.289994840352458,-0.4088282082715317,0.0,-2.0290081610796758e-05,-0.026415519784611062,-0.20726029244517788,-0.08131178507925388,-0.2105323485478031,-0.20227211813722215
2025-03-19 00:00:00+00:00,-0.04140882721507355,9.863898221964305,8.863898221964305,-0.1189894853141468,0.0,0.00012045835238752658,-0.028937902026700185,-0.23016410024596481,-0.09163051596550346,-0.22829753737488417,-0.22352412118629644
2025-03-20 00:00:00+00:00,0.03639338125871583,10.222878830653421,9.222878830653421,0.1344631453214732,0.0,2.9839767635771416e-05,-0.027077037681635177,-0.21424867161630556,-0.08333550362754472,-0.2092784647353387,-0.20534585731405058
2025-03-21 00:00:00+00:00,-0.0008113501487198027,10.214584496393826,9.214584496393826,0.4620949698588068,0.0,-5.3529500886593814e-05,-0.02705611469671207,-0.2124857539625238,-0.08395906315850071,-0.21430005561087842,-0.20284329003876458
2025-03-22 00:00:00+00:00,-0.004413385820732474,10.169503594012768,9.169503594012768,0.607547575189271,0.0,3.666816764699056e-05,-0.0270967077189206,-0.2150299130152582,-0.08437066276435763,-0.21802347260484642,-0.20387654137333433
2025-03-23 00:00:00+00:00,-0.01702563892638298,9.996361297760552,8.996361297760552,0.23997981120760964,0.0,9.562003465763555e-05,-0.02830261250352567,-0.2215656321398419,-0.08872559670000352,-0.22625471237862993,-0.21392919140824715
2025-03-24 00:00:00+00:00,-0.04629524464748669,9.53357730589606,8.53357730589606,-0.468739196204394,0.00011954565657792394,0.0001487080219113519,0.14944708899024506,-0.21756983486993497,-0.22260209706919362,-0.22729908987710218,-0.22226079747833058
2025-03-25 00:00:00+00:00,-0.02695614031655269,9.276588858319624,8.276588858319624,-0.6789701440292326,0.0,0.00011502975908622615,0.15342284412055715,-0.22196456866063852,-0.23305367209913067,-0.24903408991584913,-0.23798440041771418
2025-03-26 00:00:00+00:00,0.019452914459516357,9.457045547856618,8.457045547856618,-0.122274428545595,0.0,4.520523649030021e-05,0.14964090796288815,-0.21176933788797891,-0.21852874797005228,-0.23522156287124243,-0.23864966053556153
2025-03-27 00:00:00+00:00,0.005200860815356423,9.506230325475507,8.506230325475507,-0.03613882461777366,0.0,-1.982276982423995e-05,0.14941056876744063,-0.2100559037516158,-0.21915615487580284,-0.2336011000448523,-0.2320282457880225
2025-03-28 00:00:00+00:00,0.05055810176776765,9.986847285698737,8.986847285698737,0.3794485820478286,0.0,-9.08952023066828e-05,0.13763605824083408,-0.18928672065242325,-0.19507084609387412,-0.20566418210109969,-0.20895977667761031
2025-03-29 00:00:00+00:00,0.03130584936931524,10.299494022499177,9.299494022499177,0.848117964310968,0.0,-0.0001063251026441795,0.13064893236799482,-0.17689043898202836,-0.18200089566405672,-0.19195423301985381,-0.19061469016621718
2025-03-30 00:00:00+00:00,0.011504141516295308,10.417980859280245,9.417980859280245,0.9861137314946602,0.0,-0.00030751484617213003,0.1287691447807371,-0.1729329842295245,-0.1802633471623389,-0.18266035566180558,-0.18509952302544957
2025-03-31 00:00:00+00:00,-0.0007394657584819386,10.410277119162288,9.410277119162288,0.9595438221156462,7.209781913178494e-05,-0.00011482922031332949,0.001946075019815124,-0.2017505985508248,-0.19973243876677493,-0.16449394451693108,-0.20028987974609896
2025-04-01 00:00:00+00:00,-0.030545212569890845,10.092292991646005,9.092292991646005,0.5059368655781878,0.0,-6.160272303903623e-05,0.002070723743911404,-0.21754618930311118,-0.20953432204536657,-0.17914544728822154,-0.21569155601799128
2025-04-02 00:00:00+00:00,0.05708413228048137,10.668402779794501,9.668402779794501,0.9014510269395412,0.0,4.765878051213588e-06,0.0018982434412816687,-0.19389817934920095,-0.18372065947998623,-0.1537210735738203,-0.1921351679384806
2025-04-03 00:00:00+00:00,-0.0017552288515196857,10.649677291435774,9.649677291435774,0.5109092188436664,0.0,-6.072451914203242e-05,0.0019176357007955197,-0.19666209508442203,-0.18363589735550784,-0.1554997385471029,-0.19066298486479674
2025-04-04 00:00:00+00:00,-0.01967256244801463,10.4401708498688,9.4401708498688,0.17032385342325082,0.0,-5.139965835840991e-05,0.001972103896983018,-0.2005522564747264,-0.19634464293505488,-0.15891744246154488,-0.20525540066665246
2025-04-05 00:00:00+00:00,0.010740274693013863,10.552301152638387,9.552301152638387,0.29711310075380704,0.0,9.097936088895748e-05,0.001942883816551669,-0.19723891621152168,-0.19033256755253317,-0.1545560982882777,-0.2003105229882794
2025-04-06 00:00:00+00:00,0.08649780988103206,11.465052091546697,10.465052091546697,0.8927523042173273,0.0,-6.1027015950315704e-05,0.0016786510976923917,-0.15889200530294967,-0.15420026304839843,-0.12762764208389862,-0.16283421466701975
2025-04-07 00:00:00+00:00,-0.0025249796445402373,11.43610306839195,10.43610306839195,1.5216631749275322,6.400946446116406e-05,-6.719398010323393e-05,0.022254191582503455,-0.19699871892961496,-0.20252034832127827,-0.09294188093835855,-0.20097736646798506
2025-04-08 00:00:00+00:00,0.025041700098579422,11.722482531727064,10.722482531727064,1.9163265684787596,0.0,-0.00012940506725784157,0.020930848192359384,-0.18231083667346265,-0.19463442352262947,-0.08773538661595731,-0.1864811645174861
2025-04-09 00:00:00+00:00,-0.08410111534159503,10.736608676236452,9.736608676236452,1.3016746440070417,0.0,-7.825792394547793e-05,0.02473680822004102,-0.22554602499553503,-0.24012906382788946,-0.10940907949780405,-0.22949180393624327
2025-04-10 00:00:00+00:00,0.04222897741835285,11.190004681574932,10.190004681574932,1.5011297299600037,0.0,9.744405706729349e-05,0.022864380314130166,-0.1973278151311724,-0.21824164963042234,-0.10424700843514922,-0.2108651398558958
2025-04-11 00:00:00+00:00,-0.03478250356795132,10.80078830381266,9.80078830381266,1.1317062945773533,0.0,2.2631372974611618e-05,0.02482512360049707,-0.21040296185653318,-0.24335548572558743,-0.11277745042747961,-0.22767267587496037
2025-04-12 00:00:00+00:00,-0.05050596479677516,10.255284069962876,9.255284069962876,0.7500302023476182,0.0,1.804327434344525e-05,0.026728733113162092,-0.23258145142529155,-0.27919882880484853,-0.12727814788958933,-0.25119069370202884
2025-04-13 00:00:00+00:00,0.027596357881745526,10.538292559336535,9.538292559336535,1.0385948104224274,0.0,9.303206789592865e-05,0.025545836231651676,-0.21990724998065184,-0.2637453443694404,-0.11838070508252,-0.237078151821348
2025-04-14 00:00:00+00:00,0.005879238468357695,10.600249694342194,9.600249694342194,1.091133781069603,0.00016031687843720617,0.00013191055022550803,0.039018292082140575,-0.20204831478239793,-0.19102961868853224,0.20037059055287115,-0.1938206076926285
2025-04-15 00:00:00+00:00,0.003896068518458806,10.641548993464124,9.641548993464124,1.1308225884239833,0.0,3.895517645674857e-05,0.03843238433534867,-0.1969214865572457,-0.18544791237745642,0.1886428986381103,-0.18702473154027585
2025-04-16 00:00:00+00:00,-0.010090552752181625,10.534169881980649,9.534169881980649,1.1002112764051013,0.0,2.4369483221486757e-05,0.03900120005066505,-0.19749820438508747,-0.19514092345666406,0.1879583447929813,-0.19034668861367815
2025-04-17 00:00:00+00:00,-0.0038921124594119005,10.493169708133431,9.493169708133431,1.1442614406896194,0.0,6.194042474289241e-05,0.03958479716784453,-0.1990571474993286,-0.20106582170390588,0.19166279150527218,-0.19251150235536688
2025-04-18 00:00:00+00:00,-0.0016116786196197497,10.47625809086279,9.47625809086279,1.6062289628541937,0.0,1.6218924112273733e-05,0.03941803856293928,-0.20001711140393783,-0.2002097926733399,0.1921839563764821,-0.19497587890752996
2025-04-19 00:00:00+00:00,-0.0027995480930340655,10.446929302502383,9.446929302502383,1.5620002737867744,0.0,-1.806378050319979e-05,0.039821768119336104,-0.20367717554688577,-0.2094639345664777,0.20109662204605983,-0.19518813677324356
2025-04-20 00:00:00+00:00,0.0048346391170237535,10.497436435561042,9.497436435561042,1.594501384045441,0.0,-6.452351432696866e-05,0.039672994125977905,-0.19944387502466238,-0.20545836518498434,0.19615386239342325,-0.19169212966738464
2025-04-21 00:00:00+00:00,-0.00878386394037245,10.405228382188366,9.405228382188366,1.455180167205451,0.0002430565326884051,0.00016023592900583583,-0.20723724135582536,-0.2007163096663858,0.17104832828481745,0.13076243267030885,-0.20707866947840958
2025-04-22 00:00:00+00:00,-0.03171819637201989,10.0751933050664,9.0751933050664,1.1634797675975046,0.0,8.413986543342286e-05,-0.22855799946229108,-0.23052389077117325,0.1925375877861717,0.1499356175033879,-0.23971712278087615
2025-04-23 00:00:00+00:00,-0.0010598752642678733,10.064514856899642,9.064514856899642,1.1606692634846725,0.0,7.378300260519775e-05,-0.2293570384931641,-0.23588054049002333,0.19577472585999062,0.15160902382021132,-0.23998490110762774
2025-04-24 00:00:00+00:00,-0.0004174254446434045,10.06031367231038,9.06031367231038,1.1487136567290548,0.0,1.1957001165012855e-05,-0.23018676622011477,-0.23260464612641965,0.19771066716014685,0.15196445747336584,-0.24530143782184943
2025-04-25 00:00:00+00:00,-0.006032152280893155,9.999628328245453,8.999628328245453,1.0460902238385283,0.0,2.1883932209171317e-05,-0.23321140490154213,-0.2359968329800495,0.19666678161606557,0.15140355088462118,-0.24554574800319573
2025-04-26 00:00:00+00:00,-0.005528737455367638,9.944343008567328,8.944343008567328,1.0718666766683258,0.0,3.554369702887164e-05,-0.23446802329021157,-0.24212881110958429,0.19563510285101704,0.15393597283886315,-0.2472916786627811
2025-04-27 00:00:00+00:00,0.0032467392693822372,9.976629697521451,8.976629697521451,1.0773796166774328,0.0,1.3835935282768773e-05,-0.2315380919986796,-0.237394855600242,0.19339374544537796,0.14864929140395985,-0.24299370762015143
2025-04-28 00:00:00+00:00,0.0026312496801452756,10.002880701221983,9.002880701221983,0.9899315842286991,0.00018702479968526084,3.0228465046148982e-05,0.2021451116273802,-0.20044158075783547,0.19923556840505968,0.165000794634689,-0.1991485259893491
2025-04-29 00:00:00+00:00,-0.0006188708426523304,9.996690210013467,8.996690210013467,0.9993777570371292,0.0,4.055531283383997e-05,0.20063264456386112,-0.2002702997277962,0.19722719750579382,0.1629626082805344,-0.19431733097502163
2025-04-30 00:00:00+00:00,-0.0002189275386850209,9.994501659230792,8.994501659230792,1.0510362882765822,0.0,4.338383361821142e-05,0.20051680401711308,-0.19988377131965088,0.19901124462123737,0.15809631630417345,-0.19173174143839603
2025-05-01 00:00:00+00:00,0.0004932197125957494,9.999431144466696,8.999431144466696,1.1560043435849026,0.0,1.2171316309425593e-05,0.20531144718381056,-0.204742224216034,0.20331034855215546,0.16351526168621422,-0.20098700824498394
2025-05-02 00:00:00+00:00,-0.007118907528806062,9.928246118808573,8.928246118808573,1.0026916876806413,0.0,9.553801469824327e-05,0.2076582773674696,-0.20666255166926953,0.20096424811026672,0.16175578199039375,-0.2033809678521592
2025-05-03 00:00:00+00:00,-0.00184277817118228,9.909950563582708,8.909950563582708,0.6835036999698479,0.0,0.00016190641869790883,0.20583321075613287,-0.20606915167954892,0.1995523318975296,0.15646974918093604,-0.19716373088496522
2025-05-04 00:00:00+00:00,-0.003219308693146683,9.878047373584712,8.878047373584712,0.6721846279648339,0.0,9.70382758335159e-05,0.20310727336092868,-0.20395047999079607,0.19644194203615603,0.1522066823480098,-0.19199776251422107
2025-05-05 00:00:00+00:00,0.002888217324191089,9.906577321138279,8.906577321138279,0.4842338040169574,4.170869309113358e-05,1.3540628283594832e-05,0.2004029381567792,-0.20069081923604382,0.20328287280410953,0.05095184632087684,-0.19953273036941788
2025-05-06 00:00:00+00:00,0.004015140120863903,9.946353617200822,8.946353617200822,0.5555458767541464,0.0,-1.7168947212536443e-06,0.20403252297563637,-0.19953557935802613,0.20270461939457327,0.05160712959287668,-0.2006113982048432
2025-05-07 00:00:00+00:00,0.0006978952272687078,9.953295129918994,8.953295129918994,0.41353356374843936,0.0,2.055943223872312e-05,0.20428937810518713,-0.19872891967892473,0.20317026522995968,0.050364675320126076,-0.20026182844917534
2025-05-08 00:00:00+00:00,-0.03040767110007836,9.650638605246405,8.650638605246405,0.0930206103427396,0.0,2.0545551743717914e-05,0.2242511890379932,-0.24984550483659976,0.233943688921755,0.05889151432121564,-0.23794470488526867
2025-05-09 00:00:00+00:00,-0.009988596111233483,9.554242274003121,8.554242274003121,0.01457712362739562,0.0,3.818547079987356e-06,0.22588573377688353,-0.2681221700603057,0.24826151877119412,0.062482804992693736,-0.24900935663025867
2025-05-10 00:00:00+00:00,-0.06396945895733552,8.943062564987839,7.943062564987839,-0.5232625488056948,0.0,4.7152363439831905e-06,0.24565265998553965,-0.3154791183937318,0.2730893485130773,0.07405199775620774,-0.32483005044748675
2025-05-11 00:00:00+00:00,0.020855275709982912,9.129572600472287,8.129572600472287,-0.25327825959306677,0.0,-3.9071196383724714e-06,0.23898973538020363,-0.30084359882039324,0.2603661086218701,0.06963310955499223,-0.29425677365277114
2025-05-12 00:00:00+00:00,-0.0026399648581417745,9.105470849637186,8.105470849637186,-0.30578591765502344,0.00036402523151299505,-0.00018298829895423203,0.19788810586622282,0.08321175617459162,0.20164910311245066,0.20084474872964533,0.1314171467375197
2025-05-13 00:00:00+00:00,0.03234532265706602,9.39999024221321,8.39999024221321,0.15882373944263511,0.0,-0.0001988608955007354,0.19419306824181756,0.08656485912634088,0.2060544112759319,0.2014957084801449,0.1326915017394599
2025-05-14 00:00:00+00:00,-0.022080459794267315,9.192434135603516,8.192434135603516,-0.11101008028036108,0.0,-0.0001982026608951292,0.19738741934491846,0.08621107424980795,0.202459868802044,0.19993044250159173,0.13117176800746855
2025-05-15 00:00:00+00:00,-0.029374775826867094,8.922408443566923,7.922408443566923,-0.23078934143956661,0.0,-0.00010639977644812625,0.20386509567136066,0.08674361082594809,0.19978318265611061,0.19399229286094777,0.1273526008686557
2025-05-16 00:00:00+00:00,-0.005835666023007002,8.870340247769409,7.870340247769409,-0.334361117237415,0.0,-9.909439683901422e-05,0.2044640675100079,0.08684079757687506,0.19889950175316487,0.1914102762290691,0.12911672569019267
2025-05-17 00:00:00+00:00,-0.015669417556608556,8.73134718255792,7.73134718255792,-0.5029720614340408,0.0,-3.7121730962482606e-05,0.20705082476981776,0.08607896229787897,0.20030267547867478,0.18701550110649176,0.12730817754108303
2025-05-18 00:00:00+00:00,0.034653393632968266,9.033917993421209,8.033917993421209,-0.12000787479668944,0.0,-8.156033143383072e-05,0.20657701684498386,0.08396566002315792,0.20219582975496672,0.18789546881455596,0.13363977105836514
2025-05-19 00:00:00+00:00,-0.012992578374504626,8.916544105862837,7.916544105862837,-0.33894452303881195,0.0001261593418842802,1.5149413620151965e-05,0.200939195160187,0.12035170436526499,0.19502868613189958,-0.06258642565597088,0.1951363664549206
2025-05-20 00:00:00+00:00,0.0047591891809510845,8.958979626102932,7.958979626102932,-0.25397543158928354,0.0,-9.499987667318349e-05,0.2023912852315688,0.11960245690425488,0.196141864967755,-0.0632784834061193,0.19577013361264411
2025-05-21 00:00:00+00:00,0.017448170341533675,9.115297428705507,8.115297428705507,-0.091119176008676,0.0,-0.0001444418308999062,0.20415313362466173,0.11881725721130432,0.19848688028194686,-0.06375386777842083,0.19905719534361452
2025-05-22 00:00:00+00:00,0.019940006053285053,9.297056514611388,8.297056514611388,-0.021389182227941422,0.0,-0.0001826053944943108,0.20391132742102935,0.12167714426108722,0.20144849729289824,-0.06813648675031105,0.2047495423979439
2025-05-23 00:00:00+00:00,-0.032000146437462074,8.999549344706463,7.9995493447064625,-0.1199918984635361,0.0,-0.00016039835464701896,0.20236820934175834,0.11917182814127546,0.20152639445185194,-0.06429228506857458,0.19392251854595718
2025-05-24 00:00:00+00:00,0.003435362568203537,9.030466059655968,8.030466059655968,-0.10931468769233998,0.0,-6.0805617410283975e-05,0.20247891305312704,0.1189462996386723,0.20301895123781946,-0.06372212865704194,0.19322425571562896
2025-05-25 00:00:00+00:00,0.0015277308394758826,9.044262181150145,8.044262181150145,-0.5834000864956503,0.0,-5.989381437879188e-05,0.20452966491245753,0.11973966921029744,0.20252478573482002,-0.06499245921994931,0.19273230328226992
2025-05-26 00:00:00+00:00,0.004536150817042506,9.085288318432717,8.085288318432717,-0.5008185063030528,9.431902484263364e-05,-0.00012701212127696785,0.19986540419071638,0.20004614257115444,0.19811471549130513,-0.19582384521120227,0.14559043352154652
2025-05-27 00:00:00+00:00,0.006033984418475802,9.1401088065835,8.1401088065835,-0.515927025466539,0.0,-0.00010493921254878961,0.1977631007238829,0.2064053891622893,0.19899937442454416,-0.19730130148626224,0.14474284279591124
2025-05-28 00:00:00+00:00,-0.010930917500949655,9.040199031269033,8.040199031269033,-0.5680454084958566,0.0,-7.17904164276714e-05,0.19780728098128578,0.2102996269889078,0.19603884419400927,-0.20151412565190946,0.14308382257653357
2025-05-29 00:00:00+00:00,-0.0065980850627592735,8.980551029076446,7.980551029076446,-0.7032390138655459,0.0,-9.851145570627452e-05,0.1950855561058191,0.2077395493828235,0.19104609541363937,-0.19113647255765456,0.1400625698826863
2025-05-30 00:00:00+00:00,-0.022344092580944164,8.779888765454869,7.779888765454869,-0.9168037221134037,0.0,-0.00015227580721294902,0.196538167521205,0.20435481480155443,0.18309797859058968,-0.18054920472666292,0.12906203937462238
2025-05-31 00:00:00+00:00,-0.001880516882239891,8.763378036407243,7.763378036407243,-0.549202583368762,0.0,-0.00014805066610709222,0.1980349743660963,0.20453344299967507,0.18371319901486324,-0.18310038713581614,0.12859010507203128
2025-06-01 00:00:00+00:00,0.004319063043709992,8.801227618622349,7.801227618622349,-0.8278800298425155,0.0,-3.2885427666320896e-05,0.19914224618701354,0.20452501199428685,0.18440899078927814,-0.18304095478920004,0.12878239634760522
2025-06-02 00:00:00+00:00,0.004720923040016922,8.842777536867537,7.842777536867537,-0.8767477288292915,8.381226497491006e-05,-8.151232315952978e-05,0.19947904485340723,0.2044229968949993,0.19793229841730633,-0.026347443165993904,0.06738227849247087
2025-06-03 00:00:00+00:00,-0.004879520117452185,8.799629025982238,7.799629025982238,-0.7952446350169056,0.0,-8.745544213192525e-05,0.19953989945527761,0.20429676722349585,0.19679631110582022,-0.026459104737796994,0.06703201479924638
2025-06-04 00:00:00+00:00,-0.0030651089711780655,8.772657204111661,7.7726572041116615,-0.8771660131730711,0.0,-6.50086420507727e-05,0.1988454501926934,0.2060680289715374,0.19498285737048981,-0.02521776501253053,0.06548940058910482
2025-06-05 00:00:00+00:00,-0.0371043633238487,8.447153343894724,7.447153343894724,-1.2005964916809573,0.0,-7.431612939941059e-05,0.20022583030974844,0.19810388778262264,0.19063846102044693,-0.024433628430877867,0.06184478051830878
2025-06-06 00:00:00+00:00,0.01696796245498855,8.59048432468546,7.590484324685461,-1.0055120617584314,0.0,3.9377350467261595e-05,0.2022825264177309,0.19984269664358437,0.19207230905994732,-0.025189413538331946,0.06356629875840546
2025-06-07 00:00:00+00:00,0.010130257334787673,8.677508141524983,7.677508141524983,-1.1830825994833538,0.0,-4.941148064608581e-05,0.2026888781168546,0.20167641943462936,0.19300290422737043,-0.02621811470060072,0.06515803406709858
2025-06-08 00:00:00+00:00,0.0013015556742634882,8.688802401485052,7.688802401485052,-1.6578539483632768,0.0,-6.815416159608848e-05,0.20274965152642682,0.20021060299024346,0.19582361857144487,-0.026681183884225957,0.06474624743019787
2025-06-09 00:00:00+00:00,0.03788129777692295,9.017945512580551,8.017945512580551,-1.0634174710514777,4.733830474908688e-05,-7.829927424107934e-05,0.20099019092305306,0.20581213396397427,0.20371868501204823,0.06422299164185966,0.027761352298146965
2025-06-10 00:00:00+00:00,0.017693474472403325,9.17750430130092,8.17750430130092,-0.7188020966550245,0.0,-0.00017566660011633864,0.19750924173968265,0.21254670162626674,0.2051101412217308,0.06490691289999993,0.027777168580311314
2025-06-11 00:00:00+00:00,-0.015419889970376799,9.0359881947722,8.0359881947722,-0.9981668422906358,0.0,-0.0001964426411630457,0.19762646687901392,0.21239477757290529,0.20304686680166686,0.062981764429781,0.027424338027834574
2025-06-12 00:00:00+00:00,-0.03178758415349103,8.748755959620928,7.748755959620928,-1.12407072007767,0.0,-9.344807167116968e-05,0.19849410814698182,0.20915632330811473,0.1984375400406594,0.06115742168813536,0.02659003655705446
2025-06-13 00:00:00+00:00,-0.011723903221457221,8.646186391442185,7.6461863914421855,-1.0772482831335963,0.0,3.2624075373633135e-05,0.20164341529853433,0.20656650274005728,0.1959244857348222,0.0592360391598885,0.02679995040866892
2025-06-14 00:00:00+00:00,-0.012241936329199454,8.54034032814776,7.54034032814776,-1.4556478064614757,0.0,-5.366539327131843e-05,0.20285751842089922,0.20519812697158854,0.19302466533424412,0.058495893611724144,0.026808597104178
2025-06-15 00:00:00+00:00,0.012874352577295856,8.650291680662432,7.650291680662432,-1.1906561696678315,0.0,-7.265188732972045e-05,0.20061114317840048,0.20392414287997573,0.20156643673811994,0.058280275825042076,0.026060803220352854
2025-06-16 00:00:00+00:00,-0.0035450558926163334,8.61962591316705,7.6196259131670505,-1.2743603671301078,0.00014808184746201462,-9.90330075969244e-05,0.2029931746112372,0.20042961191185374,0.1977678631335332,-0.20015643930655022,0.18241942792630536
2025-06-17 00:00:00+00:00,-0.009766931811345692,8.53543861463384,7.53543861463384,-1.0185877566866937,0.0,-9.016755252233681e-05,0.20068977978129499,0.1996901013340443,0.19550329581578516,-0.19709036813797295,0.18064337895920782
2025-06-18 00:00:00+00:00,0.005892181952580122,8.585730971996341,7.585730971996341,-1.2993531904894442,0.0,-0.0001258439461505632,0.20013427519002977,0.19966767567346305,0.19276359912828045,-0.19151587543835166,0.18097514297189204
2025-06-19 00:00:00+00:00,0.0015146901556664094,8.598735694178824,7.598735694178824,-1.2788489418004507,0.0,-0.00014607890178238177,0.19940136439240458,0.19910419531114357,0.1933667928967724,-0.1900675993060188,0.18099806759296816
2025-06-20 00:00:00+00:00,-0.022722122301600645,8.403354170096554,7.403354170096554,-1.4333936643197578,0.0,-8.685528198464133e-05,0.20138288163072804,0.19445615766791632,0.18851883895182284,-0.18707157317619894,0.17590538037236464
2025-06-21 00:00:00+00:00,-0.020222621327735557,8.233416320831845,7.233416320831845,-1.4598141685610189,0.0,-1.6850772774429543e-05,0.20321759045622795,0.1893285207075474,0.18595131932347514,-0.18492655318533416,0.17082867603441929
2025-06-22 00:00:00+00:00,-0.013369236082789837,8.123341834270748,7.123341834270748,-1.1938548073529918,0.0,-5.305999144543171e-05,0.20360021380125987,0.18618224376774253,0.18334560147734655,-0.18410986297007462,0.1695325783360604
2025-06-23 00:00:00+00:00,-0.02255443321394135,7.940124463395673,6.940124463395673,-1.157109522128861,0.00024535808230383735,3.839004914751238e-06,0.21345694333976833,0.22147699487420233,-0.2244089832710311,-0.2236176756817115,-0.12719288500487558
2025-06-24 00:00:00+00:00,-0.0008929540905656674,7.9330342967764835,6.9330342967764835,-1.3439666868805777,0.0,3.082854116153112e-05,0.21515738516576938,0.22509517159911807,-0.226818160601765,-0.22596259199400695,-0.12880739874180633
2025-06-25 00:00:00+00:00,0.012501597670629527,8.032209899862089,7.032209899862089,-1.2767915586783425,0.0,8.164242200811448e-05,0.2149960466275245,0.21956369211468915,-0.22040761705956283,-0.21512690306282659,-0.1263491059308705
2025-06-26 00:00:00+00:00,0.013665982286000578,8.141977938071042,7.141977938071042,-1.6473350749623434,0.0,-6.241757403273477e-06,0.21137333354508295,0.21635806992692125,-0.2106166333165992,-0.2080586789336809,-0.12117553219510795
2025-06-27 00:00:00+00:00,-0.0087829054443892,8.070467715710661,7.070467715710661,-2.037334137652366,0.0,-1.6013868438862978e-05,0.21343972798381705,0.21895497033543884,-0.2171764919870374,-0.21413147633663673,-0.12304420350296799
2025-06-28 00:00:00+00:00,-0.018330401711807887,7.922532800479508,6.922532800479508,-2.3123166915032276,0.0,5.131939096612939e-05,0.21789314503383783,0.224216651554625,-0.23465673445033988,-0.2230464670455785,-0.12736629849466652
2025-06-29 00:00:00+00:00,-0.009818844745038136,7.844742680924128,6.844742680924128,-2.3951795811364063,0.0,2.747516503462199e-05,0.22224694995316002,0.23243397717921593,-0.2409787183067639,-0.23482529197807894,-0.1331981968489171
2025-06-30 00:00:00+00:00,0.007262190208597197,7.9017126944105,6.9017126944105,-2.0605197508554016,0.00020750808628431245,-1.588160260953657e-05,0.1962763418469445,0.19732934449575218,0.1703486389910998,-0.19035483010281173,-0.03941204695053664
2025-07-01 00:00:00+00:00,-0.00690988570435902,7.84711276282344,6.84711276282344,-2.7656082253198804,0.0,-4.121351668478058e-05,0.1949668078774685,0.19225170701449318,0.16273162240932038,-0.18244651320623498,-0.03790737559656311
2025-07-02 00:00:00+00:00,0.00720833411948596,7.903677373491154,6.903677373491154,-2.675402180954299,0.0,-3.3251208282860296e-05,0.1993657297347917,0.2040357709990397,0.16753261180121776,-0.19625263485672034,-0.040254306639557876
2025-07-03 00:00:00+00:00,0.002121658501148538,7.920446277780957,6.920446277780957,-2.4716723374921155,0.0,-3.124872301927291e-05,0.20030625691820292,0.20525204125543384,0.16726578433404474,-0.19600633421945632,-0.040950266124079295
2025-07-04 00:00:00+00:00,-0.0045705149202258655,7.884245759893512,6.884245759893512,-2.6260836622393144,0.0,-1.6184849613730677e-05,0.1982688865124922,0.1995624357484233,0.16285893166907456,-0.18890681306615523,-0.03894906428618882
2025-07-05 00:00:00+00:00,-0.0007018814404481377,7.878711954122711,6.878711954122711,-3.8638380133799815,0.0,-4.321817392579581e-05,0.1988088757194235,0.20037097123434683,0.16286290408920615,-0.19033647189240094,-0.039297254114141346
2025-07-06 00:00:00+00:00,0.004945804020867417,7.917678519384667,6.917678519384667,-3.7787370353032124,0.0,-5.588360909709954e-05,0.19964570874081988,0.20365673423847586,0.1667858815182006,-0.19338788028819562,-0.04095028602525552
2025-07-07 00:00:00+00:00,-0.003571551056516631,7.8894001263036,6.8894001263036,-4.139456725834671,2.404853591648617e-05,-3.569613345560921e-05,0.19897995062517473,0.19854253417658183,0.14552060978108622,-0.19746217954278553,-0.0017061749980764149
2025-07-08 00:00:00+00:00,0.005444788167154213,7.932356238757243,6.932356238757243,-3.511581181177525,0.0,-2.9181061933839863e-05,0.19912636512342893,0.20310846953408063,0.14742649191647733,-0.20047687259776503,-0.001727573814851988
2025-07-09 00:00:00+00:00,0.008894073174454453,8.00290719559059,7.0029071955905895,-4.0648202091517165,0.0,-1.0864750435457798e-06,0.20158908012125032,0.2131576274619332,0.1513322179356043,-0.21105920481812093,-0.0018091614497664347
2025-07-10 00:00:00+00:00,0.016601416986414375,8.135766795048164,7.1357667950481645,-3.457140973953617,0.0,-3.233029014390511e-05,0.20681974792336985,0.22353443517448462,0.15578291519644383,-0.22040999248094068,-0.0019224717181040376
2025-07-11 00:00:00+00:00,0.002003590333920169,8.152067538757752,7.152067538757752,-2.9239708968820985,0.0,-9.989411638251519e-05,0.20911273616221435,0.2235645393240447,0.15412763544030378,-0.21965049895296754,-0.0019779574425126847
2025-07-12 00:00:00+00:00,-0.003637688409899753,8.122412857155293,7.122412857155293,-3.4133639148483375,0.0,-9.126982833340439e-05,0.20967847021039648,0.22323796841658944,0.1525628479079754,-0.22058040784061375,-0.0019485425135371554
2025-07-13 00:00:00+00:00,7.168307011995445e-05,8.122995096645676,7.122995096645676,-3.49839851245716,0.0,-8.269147786345487e-05,0.21260864129734358,0.2253844781225642,0.15294129360632897,-0.22589636553959377,-0.001959363352623061
2025-07-14 00:00:00+00:00,0.004000999701490038,8.15549519760256,7.15549519760256,-3.4968423566401032,0.0001657743373852642,2.90909132224253e-05,0.2004720182503942,0.20197878454779503,-0.05892177627837672,-0.19983750144803358,-0.1980959760158281
2025-07-15 00:00:00+00:00,-0.00931195209490121,8.079551617012289,7.079551617012289,-3.487037784612073,0.0,-1.5138111782216097e-05,0.19884684680301182,0.2123619579029873,-0.06015793088961895,-0.21356922783878915,-0.20178166964484967
2025-07-16 00:00:00+00:00,-0.001429460720238307,8.068002215338632,7.068002215338632,-3.4531891343998304,0.0,1.9290007100177617e-05,0.2005728260122965,0.22845380779750155,-0.06378911146182187,-0.21527202168054918,-0.2158083948930265
2025-07-17 00:00:00+00:00,-0.010157872780965138,7.986048475238677,6.986048475238677,-3.566098550442661,0.0,1.9752868267679844e-05,0.20363223083037688,0.2380634185181758,-0.06525279490377957,-0.22952131535975837,-0.22372219020340298
2025-07-18 00:00:00+00:00,-0.012100286363268986,7.8894150017773415,6.8894150017773415,-3.686324368923195,0.0,2.3040195335516493e-05,0.2039122009515396,0.24581119277776203,-0.06657423863444818,-0.22854219787407215,-0.24462011994317856
2025-07-19 00:00:00+00:00,-0.012238772375824603,7.792858247392172,6.792858247392172,-3.917924124532667,0.0,2.7003948816719175e-05,0.2062951744158688,0.2520111489013502,-0.0672926274062264,-0.2410264004915283,-0.2535335130545159
2025-07-20 00:00:00+00:00,-0.03059938028773579,7.554401614351801,6.554401614351801,-4.147626376743965,0.0,3.106386529051549e-05,0.21172605099601707,0.2718635549215668,-0.0711783436413096,-0.25414591226392774,-0.2966773326949077
2025-07-21 00:00:00+00:00,-0.016120593443888498,7.4326201772149805,6.4326201772149805,-3.996136647508995,0.0003552533136531867,-0.00013373817916047855,0.20340270639478997,0.2034909515510049,-0.21219115066846783,0.06008725267070868,0.20143089145112708
2025-07-22 00:00:00+00:00,-0.0063471698927412,7.385444074201981,6.385444074201981,-4.067872207770382,0.0,-0.00013686619541974882,0.20934890196863498,0.20397674008656055,-0.2244884421924453,0.061576598649513245,0.2024710864965836
2025-07-23 00:00:00+00:00,-0.018280707212533054,7.250432933446957,6.250432933446957,-4.290550402318609,0.0,-0.00013586546550265415,0.21097210003027364,0.20120122118805836,-0.21046673902858493,0.057979022958933764,0.18314978217209568
2025-07-24 00:00:00+00:00,0.0035598255534259327,7.276243209876842,6.276243209876842,-4.156232695636862,0.0,-0.00013113733606779648,0.20948140008443158,0.204837738713933,-0.2024120771140117,0.05708561051041953,0.17594976057352574
2025-07-25 00:00:00+00:00,-0.00042995537413659246,7.273114750005231,6.273114750005231,-4.086685594441907,0.0,-0.0001364045919136718,0.20831224524072864,0.20591945771066095,-0.2068083421897318,0.05794789053458459,0.17946889210011782
2025-07-26 00:00:00+00:00,0.004642387921807156,7.306879370074572,6.306879370074572,-4.065858646736991,0.0,-0.00013345204301890804,0.20788872667003017,0.2058391561228621,-0.20379074898972402,0.05990533008727822,0.17769587290147137
2025-07-27 00:00:00+00:00,0.012349230777471298,7.397113709678767,6.397113709678767,-3.915367276645155,0.0,-0.0001282288617251868,0.2080252213723501,0.21047568498847927,-0.20536748238914318,0.06184975680245345,0.17942107266499033
2025-07-28 00:00:00+00:00,-0.013865739376999087,7.294547258838334,6.294547258838334,-4.084435124326284,0.0001878126999061558,-0.0001854356153534321,0.20042749324304193,0.1988211951069607,0.06256386236963027,0.14032796397561523,0.010987180920007018
2025-07-29 00:00:00+00:00,-0.005956350571594715,7.251098378103628,6.251098378103628,-4.162010128751814,0.0,-0.00014094345740377044,0.20138181103156658,0.19977806788952893,0.062374798830126074,0.1364736463722116,0.010943004674130908
2025-07-30 00:00:00+00:00,-0.006791979275936,7.201849068191775,6.201849068191775,-4.260545639849897,0.0,-8.871142803134294e-05,0.20254225112467358,0.2020524626914039,0.06151685786377114,0.13144422528149827,0.010824369470608856
2025-07-31 00:00:00+00:00,-0.01682890809600801,7.080649812101854,6.080649812101854,-4.375173365363215,0.0,-9.777740107944938e-05,0.20238177164069385,0.19946275441364789,0.06062245580464893,0.12881136902386933,0.010497922452485965
2025-08-01 00:00:00+00:00,-0.024855711637224776,6.904655222168081,5.904655222168081,-4.638144143554574,0.0,-2.5941756226779657e-05,0.20314098647719056,0.19291789984449786,0.05872254467952821,0.1265578793087237,0.010313135732702159
2025-08-02 00:00:00+00:00,-0.012509273295497225,6.818283002982799,5.818283002982799,-4.7539127237295675,0.0,-8.627317849748523e-05,0.2043773457348388,0.19009443807492346,0.057926830768511656,0.12424039733125446,0.009927960581112194
2025-08-03 00:00:00+00:00,0.013333823998062933,6.9091967885135555,5.9091967885135555,-4.590139132141666,0.0,-8.388122000418999e-05,0.20463159169203465,0.19326554515581723,0.058406061554159776,0.12559267769933963,0.010193979679338199
2025-08-04 00:00:00+00:00,0.021513100775293115,7.057835035301179,6.057835035301179,-4.305643107687877,3.680603301653268e-05,-2.7699560541052228e-05,0.19724085721556084,0.2083522102309931,0.04021406533211909,0.0844883670169061,-0.01933009032721772
2025-08-05 00:00:00+00:00,-0.012491626695192992,6.969671194763942,5.969671194763942,-4.472101541547385,0.0,-5.994495853087992e-05,0.19811631539363242,0.2047916107941448,0.039408268742475765,0.08111181937361155,-0.018588013744375045
2025-08-06 00:00:00+00:00,0.007114480959391933,7.019256787772313,6.019256787772313,-4.0355741595868375,0.0,-8.8675140038368e-05,0.19821953559033534,0.2073451377456153,0.04009386992563185,0.08173057842802563,-0.018963151911932034
2025-08-07 00:00:00+00:00,0.021284215842982235,7.168656164300577,6.168656164300577,-3.5805803915256997,0.0,-0.00010419493113266313,0.19827436578846777,0.21555378203231837,0.04094749487292197,0.08410065571766864,-0.020103588197232496
2025-08-08 00:00:00+00:00,0.005317454430034507,7.206775166778831,6.206775166778831,-2.9155808962475924,0.0,-0.0001010133476217374,0.19589583988237513,0.21993527592962964,0.04106557010858808,0.08525363117659332,-0.02073175852954334
2025-08-09 00:00:00+00:00,0.01468900735962908,7.312635540242837,6.312635540242837,-3.0218451266521846,0.0,-0.0001437744218738605,0.19271881367635593,0.23027049859442028,0.041192561013774866,0.08558708820228518,-0.021280590705574864
2025-08-10 00:00:00+00:00,0.0036937327619253058,7.339646461713851,6.339646461713851,-2.9287935404897856,0.0,-0.00015705736682625765,0.19668224723564443,0.22886662950256959,0.041666222411715116,0.08382634872252992,-0.020661369235181092
2025-08-11 00:00:00+00:00,-0.017530658943114674,7.210977622830508,6.210977622830508,-3.7351168108590254,0.00020374219531207053,-0.000191433239002652,0.20248035786859606,0.2022118118371139,0.19478822121077563,-0.08472629007092884,0.1932624879482293
2025-08-12 00:00:00+00:00,0.04377092814408412,7.526608806208021,6.526608806208021,-2.650526631369272,0.0,-0.00012577639112376,0.19634231447647155,0.21062090381264706,0.2047850893138857,-0.08797720205512925,0.19661041979884208
2025-08-13 00:00:00+00:00,0.027600109677986318,7.7343440347626595,6.7343440347626595,-1.8488762145038034,0.0,-0.00021046568921652707,0.19622878674486088,0.2120676813647991,0.20949015098349952,-0.08838203106388492,0.19869196788524068
2025-08-14 00:00:00+00:00,-0.03771154517321462,7.442669970310525,6.442669970310525,-2.225411776790104,0.0,-0.000251687623144495,0.19551617599464655,0.2109518756695214,0.20777504651627943,-0.08522090495383101,0.188680170238569
2025-08-15 00:00:00+00:00,-0.010143346534660203,7.367176389658556,6.367176389658556,-2.1566559533488423,0.0,-0.00011356751669575632,0.195911026955293,0.2080450767398594,0.202517872006063,-0.08648380402991344,0.1949341377928666
2025-08-16 00:00:00+00:00,0.003373782397324554,7.392031639679971,6.392031639679971,-2.662795620038424,0.0,-0.00015165169184972016,0.19533636315246258,0.20655394307129654,0.20607764643100254,-0.08814905284298935,0.19621510083430493
2025-08-17 00:00:00+00:00,0.00393046933590413,7.421085793369766,6.421085793369766,-2.430842171766189,0.0,-0.00010536816614119585,0.19461157122683034,0.20809306733042215,0.20678718843886326,-0.09059819686602327,0.1983570761109939
2025-08-18 00:00:00+00:00,-0.03889835975996825,7.1324177283696795,6.1324177283696795,-2.9507318371784206,0.00010937843185411954,-1.9819831900723792e-05,0.20599697569888667,0.2006749148336875,0.1992658880943734,0.19660678200376822,0.19747606136291207
2025-08-19 00:00:00+00:00,-0.04724371576230568,6.795455812512552,5.795455812512552,-3.6993138831790646,0.0,-0.00013540555622299064,0.20995994775287063,0.19900974182872616,0.20147133286855423,0.19474926332697953,0.1949734786109214
2025-08-20 00:00:00+00:00,0.049615533812173984,7.132615980147403,6.132615980147403,-3.1605431303263,0.0,-0.0001618901757815763,0.20251071209482277,0.20172906036828173,0.20477477393952742,0.19465041325471608,0.19664530115086507
2025-08-21 00:00:00+00:00,-0.02861755204678107,6.928497971105832,5.928497971105832,-3.129560695688849,0.0,-0.00021051077242846753,0.2052675349561759,0.20236354097081222,0.20222493131340896,0.19459055281847923,0.19608955378767187
2025-08-22 00:00:00+00:00,0.10478730867507369,7.654516626658721,6.654516626658721,-1.538186939316515,0.0,-0.0002415281756397506,0.19312577460221758,0.20947921042060239,0.20379092423528591,0.19544223514638165,0.19886573951604786
2025-08-23 00:00:00+00:00,0.0026759562976252926,7.674999778631105,6.674999778631105,-1.5260056310397827,0.0,-0.0002996530316875602,0.19010521612251094,0.2066230686506392,0.20682219882861475,0.20262025190551086,0.19483012319081103
2025-08-24 00:00:00+00:00,-0.008632122167748446,7.608748242904519,6.608748242904519,-1.663436398467373,0.0,-0.0002949950333549403,0.18855146353408636,0.20846844015274887,0.2105436860977937,0.20096034594253828,0.19278320137139934
2025-08-25 00:00:00+00:00,-0.0680147852910189,7.091240864829951,6.091240864829951,-2.306972659695698,0.00014550925702451852,-7.627889909878153e-05,-0.20816740604481415,0.1964201979315316,0.19478317037277693,0.19392478710233826,0.19399218949680283
2025-08-26 00:00:00+00:00,0.031123368682435704,7.3119441686820075,6.3119441686820075,-1.867252466892888,0.0,6.130611315254206e-05,-0.2049030731141885,0.20025674864835583,0.19766799932508541,0.19478389025248377,0.1960382500053337
2025-08-27 00:00:00+00:00,0.006393791216595224,7.358695213083961,6.358695213083961,-1.7392980465862067,0.0,-0.00015944642535897975,-0.20266265539683576,0.1949320886263107,0.20360570047179405,0.19553214323160314,0.19523888276303913
2025-08-28 00:00:00+00:00,0.017978658760097188,7.490994683239558,6.490994683239558,-1.3462076443422835,0.0,-0.00014882740350829373,-0.20143312442835215,0.1916704484840244,0.21119591243370991,0.19607456653864175,0.19658485368457743
2025-08-29 00:00:00+00:00,-0.028387635483082763,7.278343056766042,6.278343056766042,-1.5916392263803365,0.0,-0.00013999918677089888,-0.1996252708682869,0.19068839165837237,0.20792277343730786,0.190534423413754,0.19285701830149057
2025-08-30 00:00:00+00:00,0.0010667820489442814,7.286107462485059,6.286107462485059,-1.6236962258383199,0.0,-5.241221194056586e-05,-0.2001957790008786,0.1910686177892037,0.20527947320100834,0.19222369705156786,0.1944987208639758
2025-08-31 00:00:00+00:00,-0.005583014691953991,7.245429017474849,6.245429017474849,-1.7241377171002599,0.0,-0.00013376403682855155,-0.20030258077136898,0.1929139543589283,0.20437367804130024,0.19013947579325652,0.19354282619401242
2025-09-01 00:00:00+00:00,-0.012584899777128733,7.154246019447627,6.154246019447627,-1.7966377949681898,1.4702540116089548e-05,-2.5152912451122586e-05,-0.2043795241992069,0.19901249095999643,0.19916307632735109,0.2010214201365789,0.17293253983329276
2025-09-02 00:00:00+00:00,0.023520867011408875,7.3225200886379564,6.3225200886379564,-1.5278176238246446,0.0,-7.588953805320791e-05,-0.20334059385951117,0.1949616159931589,0.206741712690842,0.20708316058851808,0.17231150911764437
2025-09-03 00:00:00+00:00,0.01617730335058387,7.440978717402597,6.440978717402597,-1.0273120496770463,0.0,-0.00014677457501922984,-0.20095255123199865,0.19734264467956864,0.2045281749434911,0.20986663938360825,0.17383893739233455
2025-09-04 00:00:00+00:00,-0.027813499580981227,7.23401905896403,6.23401905896403,-1.456244445616925,0.0,-9.592597823531438e-05,-0.20488675705124598,0.1960275090006875,0.2019703765600017,0.20734627734884828,0.1723815209569108
2025-09-05 00:00:00+00:00,0.00833582512948361,7.294320576822906,6.294320576822906,-1.4742786114285045,0.0,-1.2715509840286831e-05,-0.20307456232954285,0.1948608881087873,0.20136049700002884,0.20786674168588837,0.17536927642011
2025-09-06 00:00:00+00:00,-0.006365506107387731,7.247888534641896,6.247888534641896,-1.548265991782092,0.0,-0.00011135858712027746,-0.20348939210706835,0.19455973693745474,0.19942082139121223,0.20837750648939993,0.1749124277533149
2025-09-07 00:00:00+00:00,0.01890869878809065,7.384936675793095,6.384936675793095,-1.7555834337526783,0.0,-0.00012650096036004307,-0.20141888945756425,0.1923862767953953,0.20181486053997036,0.20714564257409748,0.18188704637008635
2025-09-08 00:00:00+00:00,0.020744598195904906,7.538134219834625,6.538134219834625,-1.7229809769805904,6.410733580274434e-06,-0.00015099824362103289,-0.1975862721243717,0.19594051634770573,0.203276093070668,0.2006890166500565,0.18789886565353286
2025-09-09 00:00:00+00:00,0.00819760196241992,7.599928843708126,6.599928843708126,-1.4931618599837575,0.0,-0.00017016738250591058,-0.1950826772855878,0.19454692050647215,0.2045342829453295,0.20416711079385713,0.18555328061857773
2025-09-10 00:00:00+00:00,0.03541953928305497,7.869114821936268,6.869114821936268,-0.8300360835656704,0.0,-0.00015428031035468105,-0.19245951875623335,0.18961144245825282,0.20375186978423515,0.2241244520614523,0.18273770177814047
2025-09-11 00:00:00+00:00,0.011639968688922364,7.960711072073141,6.960711072073141,-0.601850706467729,0.0,-0.00013714344202623777,-0.19280100875787212,0.19212991911752436,0.20561659828853052,0.21898249064331038,0.18848657371091507
2025-09-12 00:00:00+00:00,0.03518609987773891,8.240817446952928,7.240817446952928,-0.13753525818215387,0.0,-8.954552024540953e-05,-0.18713739290005268,0.19617560837004094,0.2103131789298926,0.21034115878975232,0.1959825968890708
2025-09-13 00:00:00+00:00,0.016097684281854763,8.373475524438376,7.373475524438376,-0.10639976738465104,0.0,-0.0001961879865241088,-0.18398890934651915,0.1911787231698216,0.2071351684391676,0.21487667436985672,0.20259687246362923
2025-09-14 00:00:00+00:00,-0.016446974233005007,8.23575718824724,7.23575718824724,-0.22975783400217345,0.0,-7.407134042723003e-05,-0.1860117583039366,0.19176129325300095,0.20832119832669316,0.21383437849086295,0.19781166209359563
2025-09-15 00:00:00+00:00,-0.012769701221289731,8.130589029622232,7.130589029622232,-0.2583446618430909,1.629980210845801e-05,-5.710706915090119e-05,-0.20274298280517417,0.19904176029773082,0.19797623230379754,0.20508232658923853,0.19553316332378431
2025-09-16 00:00:00+00:00,0.001632274728434302,8.14386038462257,7.14386038462257,-0.29926482946824845,0.0,-0.00012224308141254022,-0.20495230164457218,0.19774480637723033,0.19991559240230256,0.2065417462853768,0.19642287257814423
2025-09-17 00:00:00+00:00,0.032479046668501876,8.40836520611649,7.408365206116491,-0.002542137687031002,0.0,-5.900923505417863e-06,-0.19791878466405075,0.19530801937915457,0.20007664531892935,0.21182551837067293,0.1991060946169337
2025-09-18 00:00:00+00:00,0.020397713056986788,8.579876626869206,7.579876626869206,0.4062290871179674,0.0,-0.00012324660935505793,-0.1949865081620607,0.19127908946732503,0.19815205303011382,0.22956024441115122,0.1923415170169606
2025-09-19 00:00:00+00:00,-0.02862780128628495,8.334253623734353,7.334253623734353,0.3250302174595718,0.0,-0.0001515851557773894,-0.19824981734578398,0.19181364127063213,0.19661869145971306,0.226427622124745,0.18858546147060742
2025-09-20 00:00:00+00:00,-0.0009014799616825497,8.326740461096977,7.326740461096977,0.4436073114953487,0.0,9.035759044992776e-06,-0.1985238166577955,0.19249306261125226,0.19760507645310038,0.22283445189324014,0.1904215513782055
2025-09-21 00:00:00+00:00,-0.009367779497252315,8.248737392526571,7.2487373925265715,0.5710837375757633,0.0,-6.883922348420077e-05,-0.19963678885269773,0.19278340625920973,0.19669883608930464,0.22403249900464883,0.1872849948363387
2025-09-22 00:00:00+00:00,-0.00868864558044291,8.17706703683676,7.17706703683676,0.4965362929288886,0.00010699651769440262,3.5319575884395555e-05,-0.19721420049580657,0.19055512603112443,0.18825412779673714,0.20686935265086884,-0.07792292717349435
2025-09-23 00:00:00+00:00,-0.006874814456112821,8.120851218163311,7.1208512181633115,0.3129126246184103,0.0,-3.582957069265806e-05,-0.19741953716426844,0.19029190777218563,0.18344754409331732,0.20660967931336438,-0.07712474851802045
2025-09-24 00:00:00+00:00,-0.013527986248633828,8.010992454556797,7.010992454556797,0.05448871813387026,0.0,2.4248308406381873e-05,-0.2024633649879511,0.1923573803494939,0.18445412197718233,0.20141102580243975,-0.0794987453436473
2025-09-25 00:00:00+00:00,-0.038418231433972716,7.703224292421825,6.703224292421825,-0.22362591967032744,0.0,4.8717152854928396e-05,-0.20252196134363015,0.1866723002312766,0.17472326536154567,0.18566394285892127,-0.07644441385837622
2025-09-26 00:00:00+00:00,0.017277924272212974,7.836320018398161,6.836320018398161,0.10957883425069595,0.0,-3.1542285890032086e-06,-0.20027744521278384,0.1909435156752008,0.18282259973174916,0.18539205006969459,-0.07835343765846726
2025-09-27 00:00:00+00:00,-0.003743988940734355,7.806980922913223,6.806980922913223,0.1665914793953585,0.0,9.037694626240225e-06,-0.20100955430512044,0.19103524812426093,0.18199689593853705,0.18388111592549694,-0.07808931570950335
2025-09-28 00:00:00+00:00,0.01344817919896335,7.9119706013674485,6.9119706013674485,0.22423703911814374,0.0,-5.835672507005019e-05,-0.20294394504602137,0.19425051541295058,0.18610021237146396,0.1892894507637265,-0.07924105633858021
2025-09-29 00:00:00+00:00,0.003920711569358026,7.942991156040651,6.942991156040651,0.32570357655253973,3.083635433513589e-05,-4.0055500359560576e-05,-0.20301066156497413,0.1364363686351728,0.20099973535381385,0.20197048403199416,-0.07896162383909244
2025-09-30 00:00:00+00:00,-0.007422678444495179,7.884032886801892,6.884032886801892,0.1887384117645073,0.0,5.671593632985369e-05,-0.2040485359733857,0.13516527493886005,0.1987021697984342,0.2009234546416464,-0.07891824571931198
2025-10-01 00:00:00+00:00,0.010387284175738198,7.965926576847969,6.965926576847969,0.2658041179359319,0.0,-2.426949601039199e-05,-0.2100360198122268,0.14033411704350618,0.20920752755863656,0.20354903058775003,-0.0835148972423284
2025-10-02 00:00:00+00:00,0.0102772620922027,8.047794492085478,7.047794492085478,0.4042840726415659,0.0,7.207831894846078e-05,-0.21128199831033495,0.1432487159020629,0.2189212215134732,0.20308522700921916,-0.08697226247142245
2025-10-03 00:00:00+00:00,-0.00018524179283607722,8.046303704205387,7.046303704205387,0.4091141892119935,0.0,2.3607939533898194e-05,-0.2143053562565882,0.14421546337390573,0.2172257682551512,0.205431888068675,-0.08572627933559708
2025-10-04 00:00:00+00:00,-0.011353337336463376,7.954951303939909,6.954951303939909,0.25653753307952015,0.0,2.3022432588027412e-05,-0.21705112381291403,0.14502050727183943,0.2149811503024521,0.19966966340108236,-0.08422138393201765
2025-10-05 00:00:00+00:00,-0.0012218957672255337,7.945231182613139,6.945231182613139,0.27849613142831225,0.0,6.418222772418122e-05,-0.21924126932102722,0.1460898727442763,0.2159341625232687,0.19963492282780002,-0.08499040422947167
2025-10-06 00:00:00+00:00,0.021420336151817043,8.115420705348612,7.115420705348612,0.425637051913266,0.00012030122946488126,-3.632757670184937e-05,-0.19768854111411255,0.2031621143007434,0.1990559683259169,0.19941758795695924,0.1744486761782101
2025-10-07 00:00:00+00:00,-0.04590351045362184,7.742894406165103,6.742894406165103,-0.08157154169860568,0.0,-4.908849902075855e-05,-0.20164353118530864,0.20217392677069385,0.19746789705326823,0.1905888178982576,0.169575915454633
2025-10-08 00:00:00+00:00,0.020694191511563265,7.903127345860096,6.903127345860096,-0.04429754655787197,0.0,2.4160084328828167e-05,-0.20073313475667662,0.20154610278323692,0.20148132131722402,0.1926988747291663,0.17210427043049734
2025-10-09 00:00:00+00:00,-0.01930458918284894,7.7505607191885275,6.7505607191885275,-0.23681083366251676,0.0,-0.00011610336008673164,-0.2019303894024257,0.19834267529009839,0.19813402790458215,0.19355874507281243,0.1705892540043568
2025-10-10 00:00:00+00:00,-0.1308776054094678,6.73618589168045,5.73618589168045,-1.1968155092433366,0.0,-9.857096483229643e-05,-0.21539838054484098,0.19967819008527943,0.19374371709061813,0.16175106115783994,0.1525787114565928
2025-10-11 00:00:00+00:00,-0.008981457889237099,6.6756851217602495,5.6756851217602495,-1.26696440038223,0.0,0.0014004691250471789,-0.21323199703116474,0.19753192114078238,0.18463329101119172,0.16979065321429987,0.14761554081929262
2025-10-12 00:00:00+00:00,0.05994282848459154,7.075844570031064,6.075844570031064,-0.8081332108433986,0.0,0.0007473215135186588,-0.2090238025539489,0.2065148254757326,0.19351580395764623,0.1679520918416193,0.15572442217709162
2025-10-13 00:00:00+00:00,0.007627808219785148,7.129817755404269,6.129817755404269,-0.6796001503671977,0.0002801079311820136,0.0002851967847423178,-0.19880602664925728,-0.20271984322494402,0.21021244580076792,0.08719429204303633,-0.14092670466051566
2025-10-14 00:00:00+00:00,0.005320729779201061,7.167753589055725,6.167753589055725,-0.6282247999286581,0.0,6.025810408059255e-05,-0.19409791166591722,-0.19609887321751537,0.20285405422650968,0.08281492756139781,-0.13398848122346665
2025-10-15 00:00:00+00:00,0.004247975212012811,7.19820202862785,6.19820202862785,-0.5192170377205787,0.0,3.657627358310161e-05,-0.1893683601368329,-0.18867490907734766,0.1934006190832613,0.07942704181382917,-0.12809816593383286
2025-10-16 00:00:00+00:00,0.0015222089191124777,7.2091591959574,6.2091591959574,-0.41625203356552054,0.0,4.903142250496528e-05,-0.18469150893445208,-0.18404753745435282,0.18416553151680037,0.07594723486955514,-0.12286194331366476
2025-10-17 00:00:00+00:00,0.0018369177399659709,7.222401828374693,6.222401828374693,-0.3096708394899582,0.0,6.113961608935286e-06,-0.18136787951444017,-0.1807821538433542,0.1809723344995618,0.07213676176698973,-0.12019539416298868
2025-10-18 00:00:00+00:00,-0.0006528329256418886,7.2176868066589135,6.2176868066589135,-0.08262591108683749,0.0,-2.0581375367846782e-05,-0.18274695422143902,-0.18359345233798696,0.1866460311399754,0.07312853049901714,-0.1234529016953779
2025-10-19 00:00:00+00:00,-0.009008578292320268,7.1526657099716795,6.1526657099716795,-0.02825012513279632,0.0,-1.0280561404572205e-05,-0.1869366515721584,-0.18972260672374627,0.18865417452820174,0.07517019388599092,-0.1283549318574631
2025-10-20 00:00:00+00:00,-0.0037015464472498483,7.126189785624568,6.126189785624568,-0.007984323031023588,5.7125394557743675e-05,5.817001186016978e-05,-0.2042137851848491,-0.14975681822705275,0.20270919072944937,0.015734540779307984,-0.09170568397094457
2025-10-21 00:00:00+00:00,0.005775013744009128,7.167343629578967,6.167343629578967,0.17673238178305534,0.0,3.5206901311401796e-05,-0.1989678930407147,-0.14491279015751107,0.19719827186412134,0.015027106773387732,-0.08856566534276314
2025-10-22 00:00:00+00:00,-0.00044139985098046175,7.1641799651689455,6.1641799651689455,0.14601656432501461,0.0,8.576105701604676e-06,-0.1977287019108607,-0.14246082744501404,0.1914052845731339,0.01463114935159716,-0.08661529756478792
2025-10-23 00:00:00+00:00,0.003310245971265502,7.1878951630360675,6.1878951630360675,0.17472988020532737,0.0,4.734191744826649e-05,-0.2016469577694267,-0.14390495184859128,0.20270707305845026,0.014669574241155213,-0.08861260545777648
2025-10-24 00:00:00+00:00,-0.0032538715362213644,7.164506675559721,6.164506675559721,0.1140966850936022,0.0,1.2532644380467882e-05,-0.20403269687326633,-0.14729502129654815,0.20573986798119195,0.015003806919926388,-0.0901885944900745
2025-10-25 00:00:00+00:00,-0.0008758701566122795,7.158231497975749,6.158231497975749,0.012542073610512064,0.0,7.86061229110221e-06,-0.20535991775999515,-0.14813855416775615,0.2061543485517151,0.015185681056211119,-0.08969223859848933
2025-10-26 00:00:00+00:00,-0.009767459550914959,7.088313761363186,6.088313761363186,0.04408294469755596,0.0,2.6068290005856405e-05,-0.21279072173915595,-0.15732607256759495,0.21486160321577258,0.016192065042641184,-0.09486597575050015
2025-10-27 00:00:00+00:00,0.002834527898412098,7.108405784472469,6.108405784472469,0.11174361445151541,0.0002851495806715217,-3.875456023573255e-05,0.19862261561809705,-0.1975597946195194,0.19806147367859805,-0.185340986065968,0.04161506921533758
2025-10-28 00:00:00+00:00,0.006369091999758991,7.153679874885393,6.153679874885393,0.21304443297889122,0.0,-8.934105921858695e-05,0.19523626392168214,-0.1895929170595353,0.19228935898855234,-0.17641728236553375,0.039949909042691814
2025-10-29 00:00:00+00:00,-0.0034962114602401506,7.128669097323929,6.128669097323929,0.3163138935172229,0.0,-2.4110057427009692e-05,0.19097622423363123,-0.18656635891054377,0.19272534510013709,-0.17877376079510254,0.03983524946323342
2025-10-30 00:00:00+00:00,0.004469339565420283,7.160529540169388,6.160529540169388,0.5450464351048596,0.0,-7.729612692238542e-05,0.18714957817567746,-0.18108947735461414,0.18270061745978255,-0.16394979856058495,0.037653241516202265
2025-10-31 00:00:00+00:00,0.0026898635462251352,7.179790387551158,6.179790387551158,0.6636946989793612,0.0,-7.17381850899458e-05,0.18887804792269391,-0.18267529176789907,0.18475778993802422,-0.16424158750788206,0.03833182664699262
2025-11-01 00:00:00+00:00,-0.0057989123631998485,7.138155412307604,6.138155412307604,0.5156764506313652,0.0,-1.986642444132212e-05,0.19082924322693465,-0.18496941487784183,0.1850012444558522,-0.16998730018186348,0.0387436830709764
2025-11-02 00:00:00+00:00,-0.00046132480563743083,7.134862404149412,6.134862404149412,0.3461683751292057,0.0,-9.782294182801495e-06,0.1916940183313658,-0.18661565062414812,0.18643784436850208,-0.17088377283666842,0.03856078124448666
2025-11-03 00:00:00+00:00,0.02287307107841685,7.298058619054245,6.298058619054245,0.6202060577705563,7.550361089989158e-05,-0.00016582901635924627,0.18852208000418305,-0.18035926526564902,0.12898520742337938,-0.17309252309684178,-0.07823823974486017
2025-11-04 00:00:00+00:00,0.007597987549636587,7.353509177578338,6.353509177578338,0.6239346786532582,0.0,-1.1595174306703662e-05,0.1781555143756225,-0.16325322230302752,0.11951953914131647,-0.16492405054642237,-0.07526730310869494
2025-11-05 00:00:00+00:00,-0.0056701234419827,7.311813872809716,6.311813872809716,0.41563844228416025,0.0,5.518859390989353e-06,0.18338659091852763,-0.1710698187042342,0.12589540185910122,-0.17229981724473686,-0.07799303283968065
2025-11-06 00:00:00+00:00,0.003086119032664092,7.3343790007658916,6.3343790007658916,0.3982952333797879,0.0,-4.756983708583257e-06,0.17836542685002058,-0.16509497344245602,0.12003236573625203,-0.16678218516445636,-0.0751751133173412
2025-11-07 00:00:00+00:00,-0.02218870540176132,7.171638625813032,6.171638625813032,0.11056577443945458,0.0,3.7828751337198374e-05,0.1860134543222331,-0.17498927458059446,0.12791319064854395,-0.1877314671469121,-0.08505689700260895
2025-11-08 00:00:00+00:00,0.0009369389994720034,7.1783580137316765,6.1783580137316765,0.08913279821467061,0.0,6.461525561989445e-05,0.18397581749363795,-0.17307994753664344,0.12480644593626021,-0.18489147470091052,-0.08366503493247218
2025-11-09 00:00:00+00:00,-0.004246434458748061,7.147875586904936,6.147875586904936,0.19288965646407882,0.0,-2.1304712775341043e-05,0.18909859476416468,-0.18308338852068348,0.1305049216004129,-0.1886104000062435,-0.08557363207041116
2025-11-10 00:00:00+00:00,-0.008343989833101362,7.088233785679528,6.088233785679528,-0.21642730859954393,0.00021045804738150249,-3.6462904630233506e-05,0.08709796185634786,-0.04129373093154388,-0.20506135273218112,-0.206237576824015,-0.10146727567541866
2025-11-11 00:00:00+00:00,0.0335791860375827,7.326250906646741,6.326250906646741,-0.1686659546818695,0.0,-9.445685338646407e-05,0.08191400236848558,-0.038271130960372636,-0.18328561783643546,-0.1866550480354135,-0.09291375436488615
2025-11-12 00:00:00+00:00,0.0033283099940344396,7.350634940758137,6.350634940758137,0.15663035565637365,0.0,-0.0001090157331738505,0.08053263328577855,-0.03811224261465762,-0.1812824024838135,-0.18394520345601698,-0.09158777285226351
2025-11-13 00:00:00+00:00,0.02200066560884184,7.512353802102425,6.512353802102425,0.41172459849531995,0.0,-5.952814723393431e-05,0.07728554336741805,-0.03528882228135827,-0.16731466804495732,-0.17229546005588026,-0.08627557424255805
2025-11-14 00:00:00+00:00,0.017559951171323807,7.644270368049053,6.644270368049053,0.5233529691048956,0.0,-0.00018478019310922019,0.07205768788148578,-0.03340307372640868,-0.15784432663844153,-0.15904937688781823,-0.08158663831339309
2025-11-15 00:00:00+00:00,-0.00787741339296577,7.584053290272332,6.584053290272332,0.4294795611717005,0.0,-7.003525084633177e-05,0.07340985792927704,-0.034267270675123036,-0.15992271606462444,-0.16465129334718737,-0.08512067572771119
2025-11-16 00:00:00+00:00,0.009008168065681277,7.652371716930189,6.652371716930189,0.8190853710132853,0.0,-3.953157969897299e-05,0.07173533535216267,-0.03318377658897588,-0.15573507590836683,-0.15910179530187674,-0.0819916665520434
2025-11-17 00:00:00+00:00,0.03385455491584621,7.91143935545747,6.91143935545747,1.4859432986851324,0.00022460305735031493,0.00017695824570805512,-0.18919525211742833,-0.18940737970781849,-0.18463406749673922,-0.18548292350450168,-0.18552513396503384
2025-11-18 00:00:00+00:00,-0.033483855026289255,7.646533867030053,6.646533867030053,0.8191106269346917,0.0,0.0001247177238609287,-0.1973366078378447,-0.2019283395452957,-0.20520091170180638,-0.19280801065128148,-0.2041096400736336
2025-11-19 00:00:00+00:00,0.027732541301320968,7.858591683309413,6.858591683309413,1.2825899522429454,0.0,0.00010313034874264138,-0.1891020224037706,-0.19030542064344008,-0.19448079322920706,-0.1837707850346006,-0.1898191013767294
2025-11-20 00:00:00+00:00,0.040296087353916654,8.175262180258812,7.175262180258812,0.8194788581632885,0.0,0.00018944186464594633,-0.1720284534517482,-0.1713726282308892,-0.1823612090634317,-0.17069058355213296,-0.1757713782282638
2025-11-21 00:00:00+00:00,0.030503552328760675,8.424636717975675,7.424636717975675,1.0585699017090153,0.0,-9.178214572011913e-05,-0.1640298045831729,-0.1622917451020021,-0.17035357414250096,-0.15937259636309833,-0.16066845332463825
2025-11-22 00:00:00+00:00,0.002508595885300391,8.44577072698154,7.445770726981539,1.158162535762811,0.0,-9.462356489613575e-05,-0.16284233882956559,-0.16214152356454856,-0.1684606962264475,-0.1583991047248151,-0.1602321207493071
2025-11-23 00:00:00+00:00,-0.01583371263443789,8.312042820314167,7.312042820314167,1.6970730696753082,0.0,-5.7115184056028215e-05,-0.16960085632350974,-0.1666343925257217,-0.1752119455131299,-0.16139761893642282,-0.16832643202102782
2025-11-24 00:00:00+00:00,-0.0449396896723705,7.938502195425793,6.938502195425793,0.9785218778314135,5.5590064138065804e-05,5.18711163210129e-05,-0.21287136645702706,-0.22072326749097967,-0.2220263869956769,-0.21921653250856982,-0.21920893697511398
2025-11-25 00:00:00+00:00,-0.005387756052722348,7.895731482172837,6.895731482172837,0.8706667239093533,0.0,-9.828548319014372e-05,-0.21178593892680048,-0.2223736966727084,-0.22406793411909876,-0.22489493187161969,-0.22216849767799912
2025-11-26 00:00:00+00:00,-0.03388047202093181,7.62822037260629,6.62822037260629,0.3928887818276678,0.0,-9.811908461593566e-06,-0.22703016961541,-0.2353679910218293,-0.23868809783456132,-0.24547856943233176,-0.2325456510690009
2025-11-27 00:00:00+00:00,0.0044036596799879035,7.661812459091198,6.661812459091198,0.695810028584304,0.0,-5.356564547228226e-05,-0.22816946833505503,-0.2334668868018886,-0.23401754982237993,-0.24548163253292032,-0.22836762224527488
2025-11-28 00:00:00+00:00,0.012010101816591234,7.753831606824511,6.753831606824511,0.7947570797521332,0.0,-0.00017587328842317052,-0.22436412939223585,-0.23192094784045109,-0.22550737011342376,-0.23975663074921152,-0.22203356258690224
2025-11-29 00:00:00+00:00,0.01801812801062419,7.893541137289098,6.893541137289098,1.0075509340326583,0.0,-0.00010987185848726667,-0.22019218961742706,-0.2246701026104796,-0.21919247020209082,-0.22602085249581566,-0.21545935527401758
2025-11-30 00:00:00+00:00,0.016841671225046095,8.026481561924697,7.026481561924697,1.2747743241766598,0.0,4.483261061397769e-08,-0.21548496637742504,-0.22110128261739362,-0.21165831549425027,-0.21394134547409457,-0.2084757029660009
2025-12-01 00:00:00+00:00,0.060434744963662634,8.511559928075156,7.511559928075156,1.563382701332311,2.473156452520752e-05,-0.00011997103285527764,-0.18007992333602402,-0.17645202648690983,-0.17896799509076772,-0.17538647753451703,-0.17497272667521105
2025-12-02 00:00:00+00:00,-0.06548036631586851,7.954219866065328,6.954219866065328,0.8094058869213927,0.0,-7.281880832196026e-05,-0.20388658490435246,-0.20212310141262055,-0.20978577504643278,-0.20058973834771857,-0.2015353044101461
2025-12-03 00:00:00+00:00,-0.05174570159148839,7.542623178482823,6.542623178482823,0.5960205969309064,0.0,0.00017025224719969173,-0.220025878365682,-0.22685040804927104,-0.23075955877450974,-0.22945625353661603,-0.22112473061548332
2025-12-04 00:00:00+00:00,0.028523926512854736,7.757768407740022,6.757768407740022,0.7597404183565113,0.0,0.0002332648868643843,-0.21084943602725725,-0.21674880081545356,-0.21557914691336524,-0.217279918630885,-0.2089647493146478
2025-12-05 00:00:00+00:00,0.052057481777139314,8.161618295257215,7.161618295257215,1.2180796205097673,0.0,7.201870693613552e-06,-0.1944360996315959,-0.1986806993260353,-0.1964476797286793,-0.18945059719114624,-0.18801551837925173
2025-12-06 00:00:00+00:00,-0.00252116015069348,8.141041548446042,7.141041548446042,1.046598285676437,0.0,-0.00017058267767122064,-0.19472800598390072,-0.20024790391198458,-0.1953476024207197,-0.19270622798957698,-0.1888015738058842
2025-12-07 00:00:00+00:00,-0.0036500016615896858,8.111326733267143,7.111326733267143,0.8506258098741227,0.0,-1.1442516070150637e-05,-0.19795742804643823,-0.2024118067833969,-0.19609290862592127,-0.194552959427295,-0.18802828035010366
2025-12-08 00:00:00+00:00,-0.014372457328435506,7.994747035916263,6.994747035916263,0.6654441467879518,9.02308061677355e-06,0.00010944501245991882,-0.20351066137417456,-0.20722747499263375,-0.2044960081778434,-0.20538455276461184,-0.20863810839031732
2025-12-09 00:00:00+00:00,-0.04673993339876992,7.621073091917523,6.621073091917523,-0.003852696545213161,0.0,0.00010123650552107702,-0.2182663803026387,-0.23084643633327892,-0.22198010951987227,-0.2306538162245806,-0.22711411449010593
2025-12-10 00:00:00+00:00,0.018842766746955286,7.764675194550023,6.764675194550023,0.054248132371148845,0.0,0.0001535478979006179,-0.21270134452812134,-0.22700750249781912,-0.2152821286985681,-0.21875854983903736,-0.21589028369384197
2025-12-11 00:00:00+00:00,0.01962399732611564,7.917049159806028,6.917049159806028,-0.07176599334468102,0.0,-0.0001964957713684515,-0.20974164342939605,-0.21680780462791607,-0.21141782154530867,-0.20390220888840618,-0.2073597657847272
2025-12-12 00:00:00+00:00,0.03162130984809086,8.167396624370822,7.167396624370822,0.053986938335505004,0.0,0.0001359582791349879,-0.19837060294446004,-0.20026192204376775,-0.19867027774353474,-0.1931704793723021,-0.19607467206398563
2025-12-13 00:00:00+00:00,-0.00996715713128471,8.085990898862194,7.085990898862194,0.10644672021502155,0.0,3.823888264375387e-05,-0.20028264867327128,-0.20422451666330133,-0.20196072945761534,-0.19898685271614333,-0.20113140502009355
2025-12-14 00:00:00+00:00,0.02818537693282286,8.313897600222,7.313897600222001,0.4354083922113468,0.0,2.6480341535618547e-05,-0.19031623201695047,-0.19537273725172116,-0.19091734367779897,-0.186377633289563,-0.1886219391324993
2025-12-15 00:00:00+00:00,0.027047412982964536,8.538767022113284,7.538767022113284,0.6363313934202027,1.7659391757791265e-05,-5.756588120970958e-05,-0.19090892415004776,-0.17778601924085027,-0.19235019623179914,-0.18672488130910514,-0.18845169010164267
2025-12-16 00:00:00+00:00,-0.00810168520366683,8.46958861967267,7.46958861967267,0.31402349095153775,0.0,-0.0001042612259657425,-0.19566839985581327,-0.1790923766024775,-0.19598605447071074,-0.188219513202344,-0.19296503928372064
2025-12-17 00:00:00+00:00,0.035868007221181886,8.77337588544353,7.77337588544353,0.4357212606190537,0.0,0.0001449256079173413,-0.18539884033931964,-0.16536781545563828,-0.18052322789835853,-0.17461851064568237,-0.17857524200731595
2025-12-18 00:00:00+00:00,0.01929719870464397,8.942677463215466,7.942677463215466,0.8228859346282316,0.0,-6.916179699877375e-05,-0.18034455533412277,-0.16196784460066108,-0.17188602561899813,-0.16521550346008282,-0.16932506187524105
2025-12-19 00:00:00+00:00,-0.04949552014553582,8.500054990679855,7.500054990679855,0.4236397212543451,0.0,0.00014368903621517996,-0.1955746654816855,-0.17950458978355663,-0.1909419379589067,-0.1862224349504689,-0.19291572573859198
2025-12-20 00:00:00+00:00,0.0016369105429874242,8.513968820310073,7.5139688203100725,0.5107559558460414,0.0,0.00013887248741739115,-0.1957444070160257,-0.17910352964254259,-0.18990495053038114,-0.1851593161856726,-0.192206947711854
2025-12-21 00:00:00+00:00,-0.00026361487415249574,8.511724411490968,7.5117244114909685,0.577596350296408,0.0,4.8186242676567944e-05,-0.19646219218088473,-0.18060007351118068,-0.19028737881378946,-0.18428217500586302,-0.19104763701788624
2025-12-22 00:00:00+00:00,-0.006578702304113615,8.455728310493113,7.455728310493113,0.5799533750459841,5.4012065964627414e-05,7.282940444890517e-05,-0.20122316937312223,-0.06479165485241728,-0.201169738619508,-0.20580748250614314,-0.20352564802831044
2025-12-23 00:00:00+00:00,0.015356189156963573,8.585576073888937,7.585576073888937,0.8079373732793046,0.0,-0.00016463168433613736,-0.1956775058727007,-0.06285303236547615,-0.19510505876961282,-0.19882420823131844,-0.1955153996523649
2025-12-24 00:00:00+00:00,0.0046925242110673615,8.625864097481621,7.625864097481621,1.162473392911423,0.0,7.199899366197814e-05,-0.19512943814271888,-0.062199308496767504,-0.19190640194213457,-0.19669266462154014,-0.19348788797000155
2025-12-25 00:00:00+00:00,0.013963556538094668,8.746311838496727,7.746311838496727,1.1368308774764218,0.0,0.00017198857232980625,-0.19146607330036125,-0.06042850606058575,-0.18533896546900216,-0.19351903841601345,-0.18350166473339177
2025-12-26 00:00:00+00:00,-0.006176112471128814,8.692293632874605,7.692293632874605,1.1170995036583908,0.0,0.00014468594811382337,-0.19295514400929592,-0.06131731731097698,-0.19002000727618926,-0.19899647202026954,-0.18238556438932643
2025-12-27 00:00:00+00:00,-0.01434350362303205,8.56761568765901,7.567615687659011,0.8941862901914135,0.0,0.00011972627010415757,-0.1969091573849702,-0.06265151312998771,-0.19664976050350647,-0.2077022837126113,-0.1884509007752749
2025-12-28 00:00:00+00:00,0.0006372024789444986,8.573074993613831,7.573074993613831,0.8680052582998632,0.0,0.0001822543377794169,-0.19698787790117267,-0.06265388740986383,-0.19737576782806213,-0.2066541011278272,-0.1876945404612333
2025-12-29 00:00:00+00:00,0.011853177172959306,8.674693170430203,7.674693170430203,1.0217077652216098,5.667970963462334e-05,0.0001275307711831926,-0.19603366092637287,-0.19676478046712714,-0.19445733040310728,-0.19340675116017356,-0.1959228319855251
2025-12-30 00:00:00+00:00,-0.011936356703358353,8.571148938455762,7.571148938455762,0.8428053279726905,0.0,4.037564793239983e-05,-0.20125036226192616,-0.20156762926004246,-0.19957030464542475,-0.19908370190892538,-0.19903246740051228
2025-12-31 00:00:00+00:00,0.01630782480840476,8.710925733750843,7.710925733750843,0.889902295349298,0.0,7.245810906058763e-05,-0.19612470307855645,-0.19821179867377622,-0.1958492267524906,-0.1917455158545934,-0.18654412771896162
2026-01-01 00:00:00+00:00,-0.04308323755214016,8.335630851064604,7.335630851064604,0.5397139799898495,0.0,1.2014682370540339e-05,-0.20774297430627492,-0.2093736256888018,-0.20834664220483654,-0.22113422076454473,-0.21051707824727778
2026-01-02 00:00:00+00:00,-0.04832227682180279,7.9328341895951,6.9328341895951,0.24525925880409605,0.0,0.00026039961071215573,-0.22112171957305196,-0.22890023232976872,-0.2282640141006252,-0.23614284428862167,-0.24741116002025004
2026-01-03 00:00:00+00:00,-0.00845627086744194,7.865751994941379,6.865751994941379,0.18931147587186478,0.0,0.00023099642276033672,-0.2246051282952122,-0.2309691430454459,-0.23207345390443632,-0.24112401794917498,-0.2517382063029088
2026-01-04 00:00:00+00:00,-0.02033909606248918,7.705769709512551,6.705769709512551,-0.13289727043256014,0.0,0.00017902158095081455,-0.23154913149209153,-0.2371108609771535,-0.23818882382770307,-0.2507085903777204,-0.26840564065464245
2026-01-05 00:00:00+00:00,-0.011970188847123753,7.61353019087724,6.61353019087724,0.13089682243437917,0.000273176127234908,4.404991288653034e-05,-0.20751070262199847,-0.03219958025110861,-0.2081048191336716,-0.1461123340541794,0.13131062517010494
2026-01-06 00:00:00+00:00,-0.007706842786270651,7.5548539106476245,6.5548539106476245,-0.0918061889216996,0.0,6.270048447764048e-05,-0.20886738775040642,-0.03317189576093022,-0.2145746349567971,-0.14873531321570257,0.1313095280518932
2026-01-07 00:00:00+00:00,0.015010620357523985,7.668256954556911,6.668256954556911,0.17792564309281367,0.0,-1.8053564622968393e-05,-0.2005521522203421,-0.031412537981988106,-0.20434116611708794,-0.14172550934793568,0.12580848198155006
2026-01-08 00:00:00+00:00,-0.0031872667835727286,7.6438161738777515,6.6438161738777515,1.3813051691816218,0.0,5.199940894217302e-05,-0.20060257107724697,-0.030895457111242853,-0.20797201188923115,-0.13982128326213997,0.12237285239630309
2026-01-09 00:00:00+00:00,0.004823775301708411,7.680688225548102,6.680688225548102,1.5098452904783701,0.0,8.980934813098456e-05,-0.19863938159741917,-0.03056595104989001,-0.20335195349397353,-0.1381775382517463,0.12072108456665248
2026-01-10 00:00:00+00:00,0.00010798394090816288,7.6815176165315835,6.6815176165315835,0.9959474564883435,0.0,3.492810344584831e-05,-0.19832418409803632,-0.03054601884745917,-0.2031803577340045,-0.1376313013338708,0.11978975914670772
2026-01-11 00:00:00+00:00,-0.008154961281359396,7.618875137786688,6.618875137786688,0.8448169759324988,0.0,8.889050180327745e-05,-0.2010484087460953,-0.03116178742912095,-0.21068956721882057,-0.13835861609575367,0.11935562576760712
2026-01-12 00:00:00+00:00,0.0028747668438464657,7.640777627420203,6.640777627420203,0.8216119703813745,0.0002642007602067632,-4.319455682581596e-05,-0.20000567723108872,0.07444669093080143,0.055221938842215455,-0.19672325954640246,-0.19733603775672837
2026-01-13 00:00:00+00:00,-0.03596655035998764,7.365965214094127,6.365965214094127,0.4311892671171063,0.0,8.156764370731934e-05,-0.21684051726506282,0.0829863383711231,0.05989658402663255,-0.22294759198536687,-0.22221006060245588
2026-01-14 00:00:00+00:00,0.00174391984550204,7.378810867012263,6.378810867012263,0.43327220195617544,0.0,0.00010423866970883297,-0.2199416304929163,0.08355400153532473,0.06025674126983395,-0.22025197825793008,-0.22019183546018306
2026-01-15 00:00:00+00:00,0.022975011232339915,7.548339129563182,6.548339129563182,0.6286440244033354,0.0,4.390101809021992e-05,-0.21202767400234027,0.0807940124056463,0.05717984282369985,-0.2037174150508652,-0.2047856084952381
2026-01-16 00:00:00+00:00,0.0069962103960232724,7.601148898254141,6.601148898254141,0.699917032104355,0.0,-2.614851544784107e-05,-0.21041446579685047,0.0796949810862519,0.0577919948384186,-0.19874443208709594,-0.20055873640696753
2026-01-17 00:00:00+00:00,-0.001318950055415824,7.591123362493565,6.591123362493565,0.7726018029619762,0.0,-4.096326073056521e-05,-0.2098191772934876,0.08014173947836266,0.057384919037107414,-0.20135248176504938,-0.20048900368901817
2026-01-18 00:00:00+00:00,0.02056506789291568,7.747235329826743,6.747235329826743,0.9958499114846809,0.0,4.511724883626587e-06,-0.20236187309819414,0.07790741895536228,0.05393856371366056,-0.18637814738534578,-0.1875396022673567
2026-01-19 00:00:00+00:00,-0.007139996973906326,7.691920093015639,6.691920093015639,0.8749949140922025,0.00024380934927176407,-9.73282646722297e-05,0.19918539328728752,0.19557588363583087,0.19494365077279582,-0.19755538950136847,-0.19760813438989777
2026-01-20 00:00:00+00:00,-0.01677072508134858,7.562921015787973,6.562921015787973,0.7203921177425678,0.0,-4.689946288133467e-05,0.1933955873242781,0.1833277008938578,0.18688220660343838,-0.19080617993143742,-0.19194874145608942
2026-01-21 00:00:00+00:00,0.0004375841276373915,7.566230429983057,6.566230429983057,0.6937560334949,0.0,-9.190245454674913e-05,0.195543495822838,0.1858930982955432,0.19238724385017925,-0.19575627515154534,-0.1967668371206775
2026-01-22 00:00:00+00:00,0.0034621879003999823,7.5924261414293825,6.5924261414293825,0.7562194832703433,0.0,-0.00010007365250455306,0.19510224381015007,0.18342136793779204,0.1901390921611323,-0.1916528797058309,-0.19278465909160017
2026-01-23 00:00:00+00:00,-0.000813708090520171,7.5862481228514245,6.5862481228514245,0.7567986914283654,0.0,-5.154727465210324e-05,0.19534881512746666,0.18381146211954624,0.18873791506276474,-0.19073880449693079,-0.19354697661255799
2026-01-24 00:00:00+00:00,0.0006990325066078551,7.59155115689249,6.59155115689249,0.8550837588528123,0.0,-7.802843286027993e-05,0.19438842344016283,0.18349720805529515,0.1882654687258532,-0.1893317159379541,-0.19255871634018173
2026-01-25 00:00:00+00:00,-0.010483538803697123,7.511964835758956,6.511964835758956,0.7302152440874097,0.0,-6.767740170786606e-05,0.19082676900330767,0.1768604936770025,0.1777337026622709,-0.182612272846515,-0.18712206841402537
2026-01-26 00:00:00+00:00,-0.00803840651582477,7.451580608676545,6.451580608676545,0.5960971078134955,0.00018083553341859446,-7.926030837721231e-05,0.10817468793546318,0.20970421027827751,-0.21078420381502186,-0.20549663263168505,-0.20648116913978012
2026-01-27 00:00:00+00:00,-0.010925936903107725,7.370165109117724,6.370165109117724,0.526462117633101,0.0,-9.380950854847355e-05,0.1104809311852301,0.21897154668839003,-0.21815816756427972,-0.2151280008368004,-0.21536913416169315
2026-01-28 00:00:00+00:00,0.005230700296128266,7.4087162339365005,6.4087162339365005,0.533484527649802,0.0,7.2129999901890344e-06,0.1099847806843926,0.21671161717600493,-0.2138816835054139,-0.2129498364610785,-0.2122104293185888
2026-01-29 00:00:00+00:00,0.02483516774743011,7.592712944399422,6.592712944399422,0.734278265944935,0.0,-0.00017712886215491073,0.10172036483635216,0.19822440139734113,-0.19610473617154614,-0.18998572433308886,-0.19422451925973974
2026-01-30 00:00:00+00:00,-0.0033337827629768,7.567400488861153,6.567400488861153,0.7572089160434458,0.0,-0.000215281509525629,0.10158616583191417,0.19075569483032492,-0.19645983625060193,-0.1878225339097102,-0.19249645633992377
2026-01-31 00:00:00+00:00,0.02779554556224717,7.777740513937064,6.777740513937064,1.0100651025852947,0.0,-0.00015679066892850807,0.0923781383710502,0.16808578977316588,-0.17148571331905837,-0.1700021718644442,-0.16852434146643747
2026-02-01 00:00:00+00:00,-0.0037054450988234233,7.748920523469776,6.748920523469776,0.7705606235479476,0.0,-0.00023945926702351425,0.09063029508335488,0.15622551146756142,-0.1644191646575223,-0.16717587004575338,-0.16921607361341268
2026-02-02 00:00:00+00:00,-0.030896978667932284,7.509502291356628,6.509502291356628,0.4126070346061414,0.00026111564438197976,-0.0002279164718998564,-0.21104534363642558,-0.2132795302250571,-0.21400354235787733,-0.2111323389051404,-0.21352925546415083
2026-02-03 00:00:00+00:00,0.03992831981413425,7.80934410049089,6.80934410049089,0.815122927351663,0.0,-0.0002565457364885855,-0.19530832105366028,-0.19518211310843506,-0.19264939606994289,-0.19868102409460267,-0.20171341967104545
2026-02-04 00:00:00+00:00,0.03363833220290657,8.07203741163001,7.07203741163001,1.0777103898263103,0.0,-0.00020625923250977495,-0.18247775837812918,-0.1816211978109654,-0.17544214540406472,-0.18810864106545525,-0.19113360058125559
2026-02-05 00:00:00+00:00,0.1346387351279612,9.158846318637456,8.158846318637456,2.138921236460971,0.0,-1.196429938240401e-05,-0.1382429999007167,-0.13605854826087285,-0.13148144659548283,-0.14178386890733854,-0.14351887097172797
2026-02-06 00:00:00+00:00,-0.08292998915960903,8.399303292718328,7.3993032927183275,1.4198388731014493,0.0,-0.00031355452920378183,-0.16915057641735068,-0.16767748471857963,-0.1600908427961633,-0.17253242220188572,-0.17421618029503744
2026-02-07 00:00:00+00:00,0.0021611114882396087,8.41745512355743,7.4174551235574295,1.4670309077216643,0.0,-0.00018571846121416357,-0.16569862064502244,-0.1692133232829887,-0.15991007485169986,-0.17125015105316257,-0.173434239700596
2026-02-08 00:00:00+00:00,0.003722718380024137,8.448790938458925,7.4487909384589255,1.5563169389425209,0.0,-0.00022000612687714038,-0.16754860875306252,-0.16880151660710604,-0.15824285369589017,-0.16793150071470608,-0.16994017378927487
2026-02-09 00:00:00+00:00,0.0010081169101170406,8.45730830747403,7.45730830747403,1.3269724782824108,5.8637371253986105e-05,-0.00014497149875391561,-0.1992820538491379,-0.20125613827534913,-0.19930417600417594,-0.19917037379677574,-0.19871107267405794
2026-02-10 00:00:00+00:00,0.03356394151277886,8.741168908861626,7.741168908861626,1.5392474528442903,0.0,-0.0002343770274022544,-0.1892211464600111,-0.18708983883571828,-0.18447021469376268,-0.18626915933059424,-0.18557263316595507
2026-02-11 00:00:00+00:00,0.026115952749975024,8.969452863065007,7.9694528630650066,1.5674641875665232,0.0,-0.00019724140897823059,-0.17971263748581395,-0.17498276201873716,-0.17175630724867683,-0.17914093434721245,-0.17765042309536702
2026-02-12 00:00:00+00:00,-0.0060348947371693384,8.915323159186407,7.915323159186407,1.3967438626235396,0.0,-0.0001234889097616757,-0.1786162006305397,-0.17668762709234384,-0.17088035281671063,-0.1859305773800362,-0.18243824531492406
2026-02-13 00:00:00+00:00,-0.04112484244951231,8.548681898878378,7.548681898878378,1.1404728188750077,0.0,3.254232692940379e-06,-0.1935273126903877,-0.1937714472770667,-0.19167093967052337,-0.19906725973574324,-0.19777422162195862
2026-02-14 00:00:00+00:00,-0.053980084686696794,8.087223326017291,7.087223326017291,0.6723671287019454,0.0,3.495209255581582e-05,-0.2074649106944421,-0.20861234251488844,-0.21157351594514223,-0.22081038192158195,-0.24012715568688897
2026-02-15 00:00:00+00:00,0.0449387164664421,8.45065276206598,7.45065276206598,0.746963086266739,0.0,1.7603800226689658e-05,-0.19570228725343256,-0.1881568274133641,-0.19803494228881952,-0.20443932069539275,-0.2124497831701218
2026-02-16 00:00:00+00:00,-0.0068315731232971855,8.392921509782333,7.392921509782333,0.9415601240027641,0.0001472283486674923,-8.212075070139735e-05,-0.20153805447646891,-0.20461190571068893,-0.20204770041749062,-0.20084693131557144,0.183919607357189
2026-02-17 00:00:00+00:00,0.009898483954373871,8.475998708677233,7.475998708677233,0.8181377598520334,0.0,2.6213053379772585e-05,-0.19554433651229972,-0.20192982056236863,-0.1968946058515916,-0.1963211766003796,0.18146760338356122
2026-02-18 00:00:00+00:00,0.016987885248494594,8.61998800210663,7.619988002106631,0.6573504687932774,0.0,-2.166775210483546e-05,-0.18927704875205034,-0.19497498336007987,-0.18570384828707484,-0.1870409428751587,0.1746764321147626
2026-02-19 00:00:00+00:00,-0.004412494810827172,8.581952349777943,7.581952349777943,0.4086666159537167,0.0,-0.00018092564696736065,-0.1916935839129131,-0.19517589611224181,-0.18860831327413674,-0.18880374940743191,0.1751299540555487
2026-02-20 00:00:00+00:00,-0.012415674626614082,8.475401621741995,7.4754016217419945,0.3004927362880851,0.0,3.132486125308808e-06,-0.19701706233767574,-0.19962806262250007,-0.1959820668098826,-0.19695822482337158,0.18045222127213678
2026-02-21 00:00:00+00:00,-0.0032319933056965677,8.448009180437435,7.448009180437435,0.39211096529428946,0.0,0.0001163197259356896,-0.19752155420894923,-0.20075266981194784,-0.19777930087130688,-0.19641105980228593,0.17799712161432094
2026-02-22 00:00:00+00:00,0.007915409110029525,8.514878629265882,7.514878629265882,0.7848686785571246,0.0,-4.992131200874427e-05,-0.1950484007824159,-0.19760797646580966,-0.1907625591760182,-0.1898204076127435,0.1715002227017348
2026-02-23 00:00:00+00:00,0.041591052786968286,8.869021395810307,7.869021395810307,1.117554339463267,6.192795917367322e-05,-0.00031540001914557133,-0.18351787583044912,-0.182039968313745,-0.1806791469494994,-0.18085926436397234,0.019851753899480122
2026-02-24 00:00:00+00:00,0.001053342416346137,8.878363512237996,7.878363512237996,1.3826218746944716,0.0,-0.00010381505524375389,-0.18163834688278682,-0.18141915048390805,-0.18289956816422695,-0.1789398617063188,0.01955255229889859
2026-02-25 00:00:00+00:00,-0.07699403593134924,8.194782472965164,7.194782472965164,0.7565794066176978,0.0,1.6621047346929327e-05,-0.20884118722556994,-0.21836337641082063,-0.22100807937017836,-0.22280939538341463,0.02340559562250365
2026-02-26 00:00:00+00:00,0.014256407207696942,8.311610628878253,7.3116106288782525,0.7721195555021011,0.0,7.741951502661506e-05,-0.20437761103889718,-0.21217535501713045,-0.2125784586132285,-0.21475994437193768,0.022168726569249016
2026-02-27 00:00:00+00:00,0.032547828286981995,8.582135504415236,7.582135504415236,0.8705235747959412,0.0,-8.308301835176096e-05,-0.19320404434801425,-0.19552972648766218,-0.19614240478840686,-0.20000788386827778,0.020665967555902873
2026-02-28 00:00:00+00:00,-0.01762562815863078,8.430869975207429,7.430869975207429,0.6288582388971513,0.0,-0.00017786622302838246,-0.1999597778448655,-0.2026481332145055,-0.20573928287029242,-0.20853551716379495,0.021192314155577315
2026-03-01 00:00:00+00:00,0.01057402701309007,8.520018222069123,7.5200182220691225,0.2862220711782263,0.0,0.00010593285147490092,-0.19435842794806665,-0.1979837203693144,-0.20179922311455586,-0.20335800225732822,0.02049315565186575
2026-03-02 00:00:00+00:00,-0.025488159848706116,8.302858635711136,7.302858635711136,0.5860090118370289,6.373114989544255e-05,-3.788595309617029e-05,-0.21474311070832822,-0.21454630217517007,-0.21268481412627124,-0.20844536233603553,0.19821553454170043
2026-03-03 00:00:00+00:00,-0.0022522835183163004,8.284158244051014,7.284158244051014,0.9665643828517293,0.0,-4.746346954627964e-05,-0.21364341631197117,-0.21027311456026748,-0.21397730704868423,-0.20900702040159136,0.19101474197990864
2026-03-04 00:00:00+00:00,-0.02660035718713538,8.063796675764504,7.063796675764504,0.5551518721040387,0.0,0.00010131485635611608,-0.2334488398765308,-0.23172930471624084,-0.22968800461840183,-0.22223083828493284,0.21585593668412847
2026-03-05 00:00:00+00:00,0.00797921527386114,8.128139445365075,7.1281394453650755,0.2304698761282729,0.0,1.713580261583649e-06,-0.22590467260025704,-0.22407720808666334,-0.22265100754417674,-0.21766235212264,0.20251960112091488
2026-03-06 00:00:00+00:00,0.0327227153363987,8.39411423865031,7.39411423865031,0.4946509780191715,0.0,-7.028821347430621e-05,-0.21018943943176627,-0.2070799764527362,-0.20563506150133642,-0.2026046902437848,0.1912802250914561
2026-03-07 00:00:00+00:00,0.00674675822687143,8.450747297947222,7.450747297947222,0.5730157380092694,0.0,-4.3741913875312997e-05,-0.20617150662765685,-0.2047280677374086,-0.2007095200084024,-0.19879051645370305,0.18716597508892993
2026-03-08 00:00:00+00:00,0.011518771634763558,8.54808952621537,7.548089526215371,0.7689896482835498,0.0,-0.0001289514786062587,-0.19988924193439098,-0.19906316913396835,-0.194582841532787,-0.19447363652145666,0.18338747252105225
2026-03-09 00:00:00+00:00,-0.03485536472361739,8.250142748089,7.250142748089001,0.864868105369061,0.00013984811216218634,-0.00012057158021471668,-0.21018563833668202,-0.21322032805192342,-0.21570413917709544,-0.21780168326216648,-0.210334205580024
2026-03-10 00:00:00+00:00,-0.027193844677327772,8.025789647631687,7.025789647631687,0.5130625324785684,0.0,9.214575323146238e-05,-0.22082440531833136,-0.22392344065288797,-0.2241364250350724,-0.23036987345578808,-0.22587441157116478
2026-03-11 00:00:00+00:00,-0.0009305202076017594,8.018321488182604,7.018321488182604,0.3582285234857539,0.0,-6.69561261182246e-05,-0.2218145714326296,-0.22584983256110258,-0.2261487266980218,-0.23104425056759795,-0.2221834731451924
2026-03-12 00:00:00+00:00,-0.011775096320356448,7.92390498033167,6.92390498033167,0.028716687491091127,0.0,-0.00011870979751971851,-0.2255137955743485,-0.23094891685802946,-0.22958397299559036,-0.23688285946732113,-0.22933573063809945
2026-03-13 00:00:00+00:00,-0.010679798263887319,7.839279273679516,6.839279273679516,0.023267312666640706,0.0,0.0001754733189178515,-0.2292917322626288,-0.2355155941875013,-0.23559141091141625,-0.24047967519559527,-0.23479812278003953
2026-03-14 00:00:00+00:00,-0.0015190896873797932,7.827370705378379,6.827370705378379,-0.20494323688371735,0.0,-6.618026141952193e-05,-0.23054397354050402,-0.23635445206558253,-0.23560175228136487,-0.24106866107777272,-0.23535149151419102
2026-03-15 00:00:00+00:00,-0.034834392497318234,7.554709002005218,6.554709002005218,-0.6786372162648111,0.0,-5.968770784781251e-05,-0.24424945803372058,-0.25452238749870526,-0.25600647299576457,-0.25544579331003636,-0.24727514614845317
2026-03-16 00:00:00+00:00,-0.048879601316553,7.185437837924629,6.185437837924629,-0.9754166084262632,0.00013300971210125043,0.00019525262701923174,-0.08375566278625558,-0.22704253575958572,-0.21904495865491147,-0.221603236148061,-0.22245411641506196
2026-03-17 00:00:00+00:00,0.020492656472932413,7.332686547144828,6.332686547144828,-1.0985279092317433,0.0,3.277884366064662e-05,-0.0810057016997099,-0.21915215373389735,-0.21114103673711104,-0.2110831766015348,-0.21191238801484763
2026-03-18 00:00:00+00:00,0.04487996426334062,7.6617772573349665,6.6617772573349665,-0.8933488593756235,0.0,-3.818740889547233e-05,-0.07472478260273667,-0.19937186164676082,-0.1923498569476644,-0.19188510990182137,-0.19284396459682493
2026-03-19 00:00:00+00:00,0.01745755160190199,7.795533129167171,6.795533129167171,-0.39685255567026745,0.0,-3.221405723553351e-05,-0.07208577340573123,-0.1901319948941855,-0.18657141676758923,-0.1844615518987231,-0.1861306797072254
2026-03-20 00:00:00+00:00,-0.006689500168644891,7.743384908984931,6.743384908984931,-0.4600988595519694,0.0,-4.968188316595996e-05,-0.07317901560080194,-0.1921757474772095,-0.18985754901893973,-0.1877048517820613,-0.1886669531711706
2026-03-21 00:00:00+00:00,0.02478216981708492,7.935282788758448,6.935282788758448,-0.2683442759198003,0.0,-1.615110811499551e-05,-0.06979698898587226,-0.18213354090247358,-0.18052112271164775,-0.17627392784758975,-0.17854982293788718
2026-03-22 00:00:00+00:00,0.012337383450657269,8.033183415312761,7.033183415312761,-0.1250078647898715,0.0,-0.00016551899542273238,-0.06789448145143914,-0.1772782545371837,-0.17556986690513568,-0.1705516335446761,-0.17403609078755175
2026-03-23 00:00:00+00:00,-0.03867000309451185,7.722540187783835,6.722540187783835,-0.5291955452053333,0.00013090453469471441,-1.939982982736174e-05,-0.21732630450520482,-0.21796454698145246,-0.22069452572464393,-0.08225096143317404,-0.0817252874407888
2026-03-24 00:00:00+00:00,0.0008775363319672991,7.729316997373693,6.729316997373693,-0.5579190125252346,0.0,5.179093017401152e-05,-0.21608785923464457,-0.21820676040100478,-0.21893291352911945,-0.08268596416930887,-0.0825041920921965
2026-03-25 00:00:00+00:00,-0.0071487615244978375,7.67406195341222,6.67406195341222,-0.7172383859404262,0.0,8.960752592655582e-05,-0.2200311486899229,-0.2210739564647873,-0.22269615070903592,-0.08376612020242283,-0.0840335994681643
2026-03-26 00:00:00+00:00,0.0399785021861363,7.980859455993256,6.980859455993256,-0.36632999974278196,0.0,-8.159565796672666e-05,-0.20412593396770332,-0.20190456870583362,-0.20203254659672532,-0.07570958793843251,-0.07734009351250205
2026-03-27 00:00:00+00:00,0.025813722595070532,8.186875148060512,7.186875148060512,-0.06784668706768429,0.0,-0.00027152725227096874,-0.19197773403709478,-0.1903632872784662,-0.18911344784913867,-0.0712888223466156,-0.07378785316318427
2026-03-28 00:00:00+00:00,0.0016091363303027961,8.20004894629291,7.20004894629291,-0.06065098008466262,0.0,-0.00019518661277293192,-0.19158440057412712,-0.19023877685095344,-0.18646741476921871,-0.0709069338799904,-0.07438105044513076
2026-03-29 00:00:00+00:00,0.00504551565533129,8.241422421625913,7.241422421625913,-0.11113247435626745,0.0,-0.00014971267861489418,-0.18959700760120599,-0.18833043057713966,-0.18403801280482998,-0.06927731008341097,-0.07358437079079908
2026-03-30 00:00:00+00:00,-0.01406194833689789,8.125531965310458,7.125531965310458,-0.12683215588184107,9.764739269161577e-05,-2.6381947586394043e-05,-0.20525059260272482,-0.20715330871938045,-0.2057502524036935,-0.19482301211998926,0.050079622529581556
2026-03-31 00:00:00+00:00,-0.01562170850749034,7.998597273480083,6.998597273480083,-0.3633996168280225,0.0,-1.944549507366572e-05,-0.21312088258911188,-0.2186269665634687,-0.21063668705396887,-0.20018475329546118,0.05171498780030879
2026-04-01 00:00:00+00:00,-0.0028819976949305826,7.975545334575235,6.975545334575235,-0.06642954265020844,0.0,3.9555987894248004e-05,-0.21325140155396646,-0.22283349952549295,-0.2061390204747965,-0.2056319824560261,0.051785776352843406
2026-04-02 00:00:00+00:00,0.02540707525230035,8.178180615068921,7.178180615068921,0.4927185633745858,0.0,-0.00019548299774864122,-0.20424722083773247,-0.2088952941307384,-0.19550638177997673,-0.19224991254194695,0.049521538738777904
2026-04-03 00:00:00+00:00,-0.006412783677927192,8.125735711905467,7.125735711905467,0.5083608215120992,0.0,8.549038763397137e-06,-0.20575452947332237,-0.2099326684920628,-0.20035896561126854,-0.19711895438373112,0.05047555148888365
2026-04-04 00:00:00+00:00,-0.004686581279817359,8.087653791033308,7.087653791033308,0.629163489691684,0.0,8.300012098687302e-06,-0.20777658498520415,-0.21210372845034192,-0.20240472598486717,-0.19971418158624277,0.051001429426438386
2026-04-05 00:00:00+00:00,-0.014201692024436774,7.972795422692784,6.972795422692784,0.6118835433460231,0.0,-1.791204620852955e-06,-0.21618050388623228,-0.21984101481284812,-0.20801452236018883,-0.2043951392427789,0.051921705648438184
2026-04-06 00:00:00+00:00,0.005419876882986729,8.016006992297019,7.016006992297019,0.7121456106938444,0.0003781199372207814,1.3331188402150565e-05,-0.045741779296093445,0.19854404763998945,-0.19425507960047958,0.07802575722645892,-0.1424065391082765
2026-04-07 00:00:00+00:00,-0.005275439800648929,7.973719029967575,6.973719029967575,0.5582258143211669,0.0,-2.8505549675517203e-05,-0.04803728891100489,0.21220130104597598,-0.20891325875766503,0.08316781101009876,-0.15008819820755812
2026-04-08 00:00:00+00:00,0.003926558098884092,8.00502830100292,7.00502830100292,0.6125218278927461,0.0,4.0496527538961015e-05,-0.047282256115938164,0.2066259292583007,-0.20074929722281057,0.07951230472305472,-0.14546868972513954
2026-04-09 00:00:00+00:00,5.7812498835962955e-05,8.005491091692253,7.005491091692253,0.5762272051438361,0.0,-2.606444527100806e-05,-0.04775359518983401,0.2066187040370772,-0.20261078978363029,0.08224905031586378,-0.14577529985954654
2026-04-10 00:00:00+00:00,-0.0006550804657811105,8.000246850859101,7.000246850859101,0.5703984918996342,0.0,3.426069983360852e-05,-0.04856210602121467,0.21194727315489648,-0.2063705447917289,0.08255793664409163,-0.14760460031168
2026-04-11 00:00:00+00:00,0.00428884402100671,8.034558661731985,7.034558661731985,0.6656765518025507,0.0,3.691713333944523e-05,-0.04841838197148643,0.21479950347361337,-0.20575585083287695,0.08203903388607568,-0.14600122306818086
2026-04-12 00:00:00+00:00,0.0014705234078264962,8.046373668315617,7.046373668315617,0.654973874826851,0.0,-3.0779388933152995e-05,-0.04682277206744875,0.20572855407839644,-0.19722492823351892,0.07889393881768778,-0.1422608765445143
2026-04-13 00:00:00+00:00,0.029910273504054175,8.287042905450758,7.2870429054507575,1.1626851618341412,0.00020140170302019423,-2.860177307961627e-05,0.20424004756736022,0.20994448701786442,-0.054807323987106166,0.20779164651022966,-0.20123171060895328
2026-04-14 00:00:00+00:00,-0.008453339115153002,8.21698972150916,7.21698972150916,1.0837130855302457,0.0,-3.7514739127105237e-06,0.20521118381343384,0.207476958589051,-0.053459783327913124,0.20168745089361348,-0.2003805240754002
2026-04-15 00:00:00+00:00,0.003163529095737916,8.242984407572534,7.242984407572534,0.9351152507065092,0.0,-4.567360176809523e-07,0.2064115693969062,0.21018184336366558,-0.0540492218824337,0.2039495352883739,-0.20394139927681423
2026-04-16 00:00:00+00:00,-0.005697974728540389,8.196016090730433,7.196016090730433,0.8374545247921482,0.0,6.857361837617894e-05,0.20851225229366022,0.21031543734823743,-0.057036865261440264,0.21149153488543157,-0.21445197425749768
2026-04-17 00:00:00+00:00,0.011305506166786827,8.28867620118727,7.28867620118727,0.9338246925061219,0.0,5.257778441373917e-06,0.2114624353038136,0.21423267908220936,-0.05619652780389475,0.2089551774392477,-0.21246086559480098
2026-04-18 00:00:00+00:00,-0.006530897334331542,8.2345437078798,7.2345437078798,0.7274333447800759,0.0,0.00011004657077965699,0.2090481511283631,0.20951604950594918,-0.054908063577084595,0.2019503006382429,-0.203892164390691
2026-04-19 00:00:00+00:00,-0.014472213647109156,8.115371632052904,7.115371632052904,0.6701387035726992,0.0,0.00014090013446613472,0.20680364908247437,0.20473790423854216,-0.053967436150813536,0.19768847216359303,-0.20306434152212377
2026-04-20 00:00:00+00:00,0.007009728343191135,8.172258182597634,7.172258182597634,0.8547410683361297,0.00011617572818873727,3.3537077817348845e-05,0.20405482339711897,0.2030081705230612,0.07359066607842057,0.007010827867057489,-0.20321938040043522
2026-04-21 00:00:00+00:00,0.0033681425347795724,8.199783512987642,7.199783512987642,0.877291838283379,0.0,4.962156013435486e-05,0.20470641141764923,0.20351130943858745,0.07399756624496952,0.007076999993197867,-0.2024946340287013
2026-04-22 00:00:00+00:00,0.008793044183351473,8.27188457171126,7.27188457171126,0.9180072140388331,0.0,-1.3380964387700113e-05,0.20784725504457094,0.20580576972647904,0.07406051145346325,0.006971972717500527,-0.2016580342603834
2026-04-23 00:00:00+00:00,-0.00735053965081911,8.211081756179897,7.211081756179897,0.8672211492927373,0.0,8.190279620915002e-05,0.20959268987636123,0.20347678940949374,0.07396448767418123,0.0070582286490655744,-0.2063823406778965
2026-04-24 00:00:00+00:00,-0.006072332533944791,8.161221337292966,7.161221337292966,0.8147883123161891,0.0,0.00014986300188317057,0.20865868032244558,0.2033961034346952,0.07445959373152428,0.007116498341958717,-0.21042348699416116
2026-04-25 00:00:00+00:00,0.0018833373301616607,8.176591670097203,7.176591670097203,0.9108537811581676,0.0,0.00010070981722922449,0.20877664674051816,0.2033936628808182,0.0743196248077602,0.007074393801675265,-0.20911003527003447
2026-04-26 00:00:00+00:00,0.0053483183962261815,8.220322685744813,7.220322685744813,1.0144965012467602,0.0,3.766365600323755e-05,0.21041889218460028,0.20668476686138043,0.0745593866957049,0.007105938481109761,-0.21054554723211574
2026-04-27 00:00:00+00:00,-0.006961863940515789,8.163093917659523,7.163093917659523,1.0456812437846692,6.130296408952291e-05,6.262335531875616e-05,0.1981048287027235,0.1957740847710068,-0.005022189977590065,-0.05993179800123061,-0.2008414290688331
2026-04-28 00:00:00+00:00,-0.003866424308345162,8.13153193290498,7.131531932904981,0.975439937257902,0.0,0.00012119378472243047,0.19621692091330226,0.19534654232331383,-0.004996487707808626,-0.05957329823417841,-0.20241612930178654
2026-04-29 00:00:00+00:00,-0.013796388422975703,8.019346159884794,7.019346159884794,0.6793042984381241,0.0,2.5383212245882173e-05,0.197532339978801,0.1948896175571522,-0.005005482776550709,-0.06006418364789711,-0.21504710883731673
2026-04-30 00:00:00+00:00,-0.0028931541072256817,7.996144955605058,6.996144955605058,0.6827280062752628,0.0,6.256139518444039e-05,0.19955826519887668,0.19588654641098469,-0.005021820670340054,-0.06004689405506085,-0.22070934730571204
2026-05-01 00:00:00+00:00,0.004134429888261293,8.029204456300382,7.029204456300382,0.5025436154566405,0.0,4.8505860609843213e-05,0.20365023228146467,0.19835224236653357,-0.00504089276719624,-0.05974702760696425,-0.22393024669456468
2026-05-02 00:00:00+00:00,0.0024191691326254094,8.048628459880602,7.048628459880602,0.5502035752165869,0.0,2.3969832844632344e-05,0.20435626905078283,0.19973297805589912,-0.005060570024020878,-0.06025911263017482,-0.22336923049922688
2026-05-03 00:00:00+00:00,0.0013173706585125622,8.059231486854918,7.059231486854918,0.8067354553494843,0.0,-9.097707070036718e-06,0.20376591635206534,0.19996717628708183,-0.005032311669122053,-0.05950476020420051,-0.22262278860260235
2026-05-04 00:00:00+00:00,0.006160751633713213,8.108882410404032,7.108882410404032,0.5485868083966551,0.000266659559877992,2.8048518599388083e-05,0.20200477888562035,0.20081432055498238,-0.19914888254666482,-0.2006704329307477,0.20208278403399108
2026-05-05 00:00:00+00:00,0.0023148101155405776,8.127652933433364,7.127652933433364,0.3030314632695381,0.0,0.00010966673270095685,0.2041533572386167,0.2014914498141315,-0.20386597868863196,-0.20525147421049325,0.21028163368935432
2026-05-06 00:00:00+00:00,-0.0150570135622905,8.005274752985068,7.005274752985068,-1.057648485617859,0.0,0.00016909109938229638,0.20862823048587525,0.20372460615054416,-0.2138467333917058,-0.2130451916869923,0.20905073614100642
2026-05-07 00:00:00+00:00,-0.013114896213969773,7.900286405435357,6.900286405435357,-0.4298794618212049,0.0,0.00014447539680976772,0.2077106363833403,0.20117911343622627,-0.21498620222145312,-0.21338265524914207,0.2031400783076959
2026-05-08 00:00:00+00:00,-0.0125569427228569,7.80108296154814,6.80108296154814,-0.5796405469787873,0.0,0.00012758464214187914,0.21084074407498304,0.2051841143062873,-0.22651264360289,-0.22531062287607811,0.2089490946427357
2026-05-09 00:00:00+00:00,-0.0024660345647703474,7.781845221322321,6.781845221322321,-0.6430702792174536,0.0,6.207865470169766e-06,0.21262452203816326,0.20739045928846483,-0.22978849675637478,-0.22709925221410704,0.20797315121859186
2026-05-10 00:00:00+00:00,0.0008396887106272288,7.788379548902514,6.788379548902514,-0.6447978406647027,0.0,-6.560081399324192e-05,0.21651331470856344,0.21122583252911314,-0.23785987051906726,-0.23294776850197066,0.21492985483637136
2026-05-11 00:00:00+00:00,-0.003368045676927167,7.7621479308325645,6.7621479308325645,-1.0387470552978681,0.00021113719109802287,-0.00014014900790464726,0.19946503295304607,0.1979586388816193,0.20248545306115856,-0.10955983107084878,0.19858113555616913
2026-05-12 00:00:00+00:00,-0.013813863676905402,7.65492267747607,6.65492267747607,-1.465505352948627,0.0,-9.372444622972591e-05,0.19919389948376737,0.19515318542810825,0.1988652138071112,-0.10782569996913904,0.1992816046259661
2026-05-13 00:00:00+00:00,-0.005626246686983416,7.611854194122806,6.611854194122806,-1.4612943291401659,0.0,-0.00010113194588034766,0.1974013241680701,0.1948693628625556,0.19332759873499825,-0.10755329785563325,0.20494074695274847
2026-05-14 00:00:00+00:00,0.01201478129393796,7.703308957506536,6.703308957506536,-0.92260588949521,0.0,-1.8856259500462643e-05,0.19938901339502754,0.19464726871668536,0.19312910888603999,-0.1079223318698139,0.207524945908057
2026-05-15 00:00:00+00:00,-0.015666125651278784,7.582627951447617,6.582627951447617,-0.5334278854063844,0.0,2.9301804577785106e-05,0.19762658992126445,0.19268468986776352,0.19000427731230174,-0.1055537975610726,0.20699124629239363
2026-05-16 00:00:00+00:00,-0.016620239531507597,7.456602858616253,6.456602858616253,-1.2532868525649332,0.0,-7.218412030977101e-05,0.19850195635143894,0.19206415203101482,0.18732379118947268,-0.10455636389328912,0.20311413709484172
2026-05-17 00:00:00+00:00,-0.008666437236437785,7.391980677945012,6.391980677945012,-1.2737736276928169,0.0,-1.9442929277216485e-05,0.1985098658050527,0.1893184256800143,0.18609902383087712,-0.10439129013635365,0.2041027010274351
2026-05-18 00:00:00+00:00,-0.010741039920893591,7.312583118388731,6.312583118388731,-1.510664025294685,0.00022737765403935104,-3.290158996828446e-05,0.20090597680821884,0.016585656413903423,-0.191845143390364,-0.20333523742125592,0.1943493616714091
2026-05-19 00:00:00+00:00,0.0017630154862466885,7.325475315670916,6.325475315670916,-1.6940387461844293,0.0,-1.0453519667943446e-05,0.20012686908877858,0.01641656469065698,-0.1890390539974737,-0.1997938566625992,0.19069111759091892
2026-05-20 00:00:00+00:00,-0.005108720864365868,7.288051507084351,6.288051507084351,-1.7019243870201493,0.0,-1.8848725684231148e-05,0.20301519299044873,0.01663843532374112,-0.19422768880361774,-0.20505686577304763,0.19301105015215844
2026-05-21 00:00:00+00:00,-0.002280257534163832,7.271432872725947,6.271432872725947,-1.588422289138776,0.0,-8.276331730196548e-06,0.20367842975520367,0.016709210054238904,-0.19740707528859538,-0.20897600984667153,0.1971289753287446
2026-05-22 00:00:00+00:00,0.001132240762521386,7.279665885426386,6.279665885426386,-1.5380324275885784,0.0,1.213844150966695e-05,0.19801195347556966,0.016159735986280618,-0.19049961859116155,-0.20211160745134368,0.1906793105335933
2026-05-23 00:00:00+00:00,-0.0034402503006478735,7.254622012675432,6.254622012675432,-1.6712515417461649,0.0,-0.00011161383609917942,0.20185856801578683,0.016622601716263626,-0.19421630715964738,-0.2080635646730213,0.1927406019626967
2026-05-24 00:00:00+00:00,0.004161508476888898,7.284812183677805,6.284812183677805,-2.170791430775087,0.0,-2.402742857954685e-05,0.20184769098812907,0.01641428117434338,-0.1923282657480125,-0.20329350259571863,0.19043282841434891
2026-05-25 00:00:00+00:00,-0.001365482462292844,7.274864900399896,6.274864900399896,-2.1999531655298186,2.0737555909854023e-05,-3.08898216229772e-05,0.20092240586830304,-0.02060677158193473,-0.1997523714078812,-0.2023572679020844,0.19999502887546464
2026-05-26 00:00:00+00:00,0.0014792067313647017,7.285625929530337,6.285625929530337,-1.4151488096381628,0.0,-3.283608211897088e-05,0.1970534920597795,-0.02019971990682866,-0.1962898536673207,-0.19838814677486902,0.19756725919962434
2026-05-27 00:00:00+00:00,0.0005847989907801221,7.289886556221128,6.289886556221128,-1.6057514044818963,0.0,-0.00011359449189001731,0.19307923397593219,-0.019707900970473213,-0.19317364646015384,-0.19610172998951148,0.19635689898761272
2026-05-28 00:00:00+00:00,-0.0007368401561193005,7.28451507507295,6.28451507507295,-2.106936527719447,0.0,-0.00011668765480128786,0.19107513628999834,-0.019578391365884067,-0.19258863154552644,-0.19379189547302983,0.19470161410471798
2026-05-29 00:00:00+00:00,0.002151040933639825,7.300184365181149,6.300184365181149,-1.8455154932542766,0.0,-3.923746192926279e-05,0.1902421797155911,-0.019579448752855173,-0.1919645105497255,-0.19120853022640052,0.19455703844085034
2026-05-30 00:00:00+00:00,-0.0014338558731384898,7.28971695295414,6.28971695295414,-2.0187336892384358,0.0,2.2473375823580823e-05,0.1916273883296488,-0.019687713292868978,-0.19390507972168894,-0.19408771086198717,0.19661564439322188
2026-05-31 00:00:00+00:00,-0.0008691635968699485,7.283380996347146,6.283380996347146,-1.7006425584685017,0.0,-1.6373283321634935e-05,0.19126537270735577,-0.019555999557543766,-0.19336966036741354,-0.19508206589510224,0.1964344407473246
2026-06-01 00:00:00+00:00,-0.0067029957720603495,7.234560524322327,6.234560524322327,-1.7621024125999898,0.0002068611235110305,-2.3535130489152562e-05,0.19512634458479122,-0.2012768898066071,0.19852257004333748,-0.20023196058758394,0.2026516520741455
2026-06-02 00:00:00+00:00,-0.015040318331291935,7.1257504310495206,6.1257504310495206,-1.617543985743515,0.0,-2.0721395170023447e-05,0.18517061678213212,-0.18937148107452537,0.18401570706844914,-0.18608317810811895,0.1887855720451368
2026-06-03 00:00:00+00:00,-0.008703795375326395,7.063729357402021,6.063729357402021,-1.8564874495165062,0.0,2.272266669586206e-05,0.17948387616511513,-0.18625567673629503,0.17912504661400633,-0.18468637218438763,0.18764976496280275
2026-06-04 00:00:00+00:00,-0.0011798342650207738,7.055395327467325,6.055395327467325,-2.4124142310896204,0.0,6.768991868973124e-05,0.17895516191068103,-0.18209276874766514,0.17242172618234863,-0.17702011150304084,0.18201072209311234
2026-06-05 00:00:00+00:00,0.006265683643898123,7.099602202571872,6.099602202571872,-2.420001359924364,0.0,6.538024241858134e-05,0.1699550126416476,-0.16178701955365485,0.15835135126361163,-0.15357691362563913,0.16640884426075372
2026-06-06 00:00:00+00:00,-0.000310315112033388,7.097399088718989,6.097399088718989,-2.606236939508887,0.0,8.28837189627597e-06,0.1695277394756391,-0.16043093804337372,0.1548140787983025,-0.1521621472384784,0.16733951229960145
2026-06-07 00:00:00+00:00,0.010566965383065119,7.17239705919928,6.17239705919928,-1.9876471026543974,0.0,7.06834995190055e-05,0.17450611532260885,-0.17100552324355334,0.16376810924516563,-0.1540758758349588,0.17440931634739784
2026-06-08 00:00:00+00:00,0.001036299518146544,7.179829810815685,6.179829810815685,-1.5903832975879895,0.00029239062825234756,-0.00014692443410613075,-0.19897533851663837,-0.1996813426155092,-0.2007565046033666,-0.19821029346436286,0.19651672943883075
2026-06-09 00:00:00+00:00,0.016089572638134042,7.295350204086244,6.295350204086244,-1.3159201900341624,0.0,-7.723510431250381e-05,-0.19159215520321893,-0.1906362128550623,-0.19204574913829053,-0.191379101253717,0.18997568197101433
2026-06-10 00:00:00+00:00,0.011147608478796478,7.376675911877105,6.376675911877105,-0.9640958522859877,0.0,-7.372726969199692e-05,-0.1888309552062487,-0.186472709902418,-0.1847794839234708,-0.18190841630959434,0.18375833015664123
