date,close,regime,regime_raw,cluster,confidence,active_regimes,refit_date
2020-09-23 00:00:00+00:00,10237.91,unlabeled,unlabeled,-1,,,
2020-09-24 00:00:00+00:00,10724.92,unlabeled,unlabeled,-1,,,
2020-09-25 00:00:00+00:00,10683.51,unlabeled,unlabeled,-1,,,
2020-09-26 00:00:00+00:00,10726.5,unlabeled,unlabeled,-1,,,
2020-09-27 00:00:00+00:00,10768.0,unlabeled,unlabeled,-1,,,
2020-09-28 00:00:00+00:00,10691.45,unlabeled,unlabeled,-1,,,
2020-09-29 00:00:00+00:00,10836.98,unlabeled,unlabeled,-1,,,
2020-09-30 00:00:00+00:00,10773.0,unlabeled,unlabeled,-1,,,
2020-10-01 00:00:00+00:00,10612.63,unlabeled,unlabeled,-1,,,
2020-10-02 00:00:00+00:00,10565.15,unlabeled,unlabeled,-1,,,
2020-10-03 00:00:00+00:00,10537.96,unlabeled,unlabeled,-1,,,
2020-10-04 00:00:00+00:00,10660.16,unlabeled,unlabeled,-1,,,
2020-10-05 00:00:00+00:00,10785.0,unlabeled,unlabeled,-1,,,
2020-10-06 00:00:00+00:00,10593.65,unlabeled,unlabeled,-1,,,
2020-10-07 00:00:00+00:00,10658.75,unlabeled,unlabeled,-1,,,
2020-10-08 00:00:00+00:00,10919.45,unlabeled,unlabeled,-1,,,
2020-10-09 00:00:00+00:00,11050.47,unlabeled,unlabeled,-1,,,
2020-10-10 00:00:00+00:00,11294.79,unlabeled,unlabeled,-1,,,
2020-10-11 00:00:00+00:00,11369.59,unlabeled,unlabeled,-1,,,
2020-10-12 00:00:00+00:00,11530.36,unlabeled,unlabeled,-1,,,
2020-10-13 00:00:00+00:00,11419.36,unlabeled,unlabeled,-1,,,
2020-10-14 00:00:00+00:00,11417.13,unlabeled,unlabeled,-1,,,
2020-10-15 00:00:00+00:00,11502.0,unlabeled,unlabeled,-1,,,
2020-10-16 00:00:00+00:00,11318.92,unlabeled,unlabeled,-1,,,
2020-10-17 00:00:00+00:00,11356.25,unlabeled,unlabeled,-1,,,
2020-10-18 00:00:00+00:00,11501.1,unlabeled,unlabeled,-1,,,
2020-10-19 00:00:00+00:00,11745.0,unlabeled,unlabeled,-1,,,
2020-10-20 00:00:00+00:00,11900.03,unlabeled,unlabeled,-1,,,
2020-10-21 00:00:00+00:00,12796.07,unlabeled,unlabeled,-1,,,
2020-10-22 00:00:00+00:00,12968.87,unlabeled,unlabeled,-1,,,
2020-10-23 00:00:00+00:00,12925.82,unlabeled,unlabeled,-1,,,
2020-10-24 00:00:00+00:00,13110.88,unlabeled,unlabeled,-1,,,
2020-10-25 00:00:00+00:00,13023.81,unlabeled,unlabeled,-1,,,
2020-10-26 00:00:00+00:00,13047.24,unlabeled,unlabeled,-1,,,
2020-10-27 00:00:00+00:00,13629.38,unlabeled,unlabeled,-1,,,
2020-10-28 00:00:00+00:00,13256.17,unlabeled,unlabeled,-1,,,
2020-10-29 00:00:00+00:00,13446.65,unlabeled,unlabeled,-1,,,
2020-10-30 00:00:00+00:00,13549.12,unlabeled,unlabeled,-1,,,
2020-10-31 00:00:00+00:00,13783.73,unlabeled,unlabeled,-1,,,
2020-11-01 00:00:00+00:00,13752.86,unlabeled,unlabeled,-1,,,
2020-11-02 00:00:00+00:00,13540.54,unlabeled,unlabeled,-1,,,
2020-11-03 00:00:00+00:00,14016.55,unlabeled,unlabeled,-1,,,
2020-11-04 00:00:00+00:00,14134.31,unlabeled,unlabeled,-1,,,
2020-11-05 00:00:00+00:00,15598.75,unlabeled,unlabeled,-1,,,
2020-11-06 00:00:00+00:00,15590.96,unlabeled,unlabeled,-1,,,
2020-11-07 00:00:00+00:00,14824.34,unlabeled,unlabeled,-1,,,
2020-11-08 00:00:00+00:00,15473.2,unlabeled,unlabeled,-1,,,
2020-11-09 00:00:00+00:00,15328.72,unlabeled,unlabeled,-1,,,
2020-11-10 00:00:00+00:00,15294.68,unlabeled,unlabeled,-1,,,
2020-11-11 00:00:00+00:00,15690.24,unlabeled,unlabeled,-1,,,
2020-11-12 00:00:00+00:00,16289.02,unlabeled,unlabeled,-1,,,
2020-11-13 00:00:00+00:00,16320.54,unlabeled,unlabeled,-1,,,
2020-11-14 00:00:00+00:00,16064.51,unlabeled,unlabeled,-1,,,
2020-11-15 00:00:00+00:00,15952.27,unlabeled,unlabeled,-1,,,
2020-11-16 00:00:00+00:00,16707.07,unlabeled,unlabeled,-1,,,
2020-11-17 00:00:00+00:00,17670.01,unlabeled,unlabeled,-1,,,
2020-11-18 00:00:00+00:00,17788.32,unlabeled,unlabeled,-1,,,
2020-11-19 00:00:00+00:00,17811.68,unlabeled,unlabeled,-1,,,
2020-11-20 00:00:00+00:00,18664.31,unlabeled,unlabeled,-1,,,
2020-11-21 00:00:00+00:00,18721.99,unlabeled,unlabeled,-1,,,
2020-11-22 00:00:00+00:00,18435.2,unlabeled,unlabeled,-1,,,
2020-11-23 00:00:00+00:00,18382.07,unlabeled,unlabeled,-1,,,
2020-11-24 00:00:00+00:00,19179.64,unlabeled,unlabeled,-1,,,
2020-11-25 00:00:00+00:00,18741.67,unlabeled,unlabeled,-1,,,
2020-11-26 00:00:00+00:00,17155.34,unlabeled,unlabeled,-1,,,
2020-11-27 00:00:00+00:00,17144.1,unlabeled,unlabeled,-1,,,
2020-11-28 00:00:00+00:00,17717.74,unlabeled,unlabeled,-1,,,
2020-11-29 00:00:00+00:00,18181.09,unlabeled,unlabeled,-1,,,
2020-11-30 00:00:00+00:00,19720.0,unlabeled,unlabeled,-1,,,
2020-12-01 00:00:00+00:00,18772.7,unlabeled,unlabeled,-1,,,
2020-12-02 00:00:00+00:00,19207.01,unlabeled,unlabeled,-1,,,
2020-12-03 00:00:00+00:00,19434.3,unlabeled,unlabeled,-1,,,
2020-12-04 00:00:00+00:00,18664.2,unlabeled,unlabeled,-1,,,
2020-12-05 00:00:00+00:00,19147.62,unlabeled,unlabeled,-1,,,
2020-12-06 00:00:00+00:00,19375.02,unlabeled,unlabeled,-1,,,
2020-12-07 00:00:00+00:00,19172.88,unlabeled,unlabeled,-1,,,
2020-12-08 00:00:00+00:00,18319.32,unlabeled,unlabeled,-1,,,
2020-12-09 00:00:00+00:00,18537.98,unlabeled,unlabeled,-1,,,
2020-12-10 00:00:00+00:00,18253.51,unlabeled,unlabeled,-1,,,
2020-12-11 00:00:00+00:00,18031.47,unlabeled,unlabeled,-1,,,
2020-12-12 00:00:00+00:00,18800.0,unlabeled,unlabeled,-1,,,
2020-12-13 00:00:00+00:00,19175.07,unlabeled,unlabeled,-1,,,
2020-12-14 00:00:00+00:00,19270.7,unlabeled,unlabeled,-1,,,
2020-12-15 00:00:00+00:00,19424.91,unlabeled,unlabeled,-1,,,
2020-12-16 00:00:00+00:00,21346.8,unlabeled,unlabeled,-1,,,
2020-12-17 00:00:00+00:00,22816.99,unlabeled,unlabeled,-1,,,
2020-12-18 00:00:00+00:00,23124.35,unlabeled,unlabeled,-1,,,
2020-12-19 00:00:00+00:00,23847.28,unlabeled,unlabeled,-1,,,
2020-12-20 00:00:00+00:00,23472.96,unlabeled,unlabeled,-1,,,
2020-12-21 00:00:00+00:00,22730.1,unlabeled,unlabeled,-1,,,
2020-12-22 00:00:00+00:00,23826.99,unlabeled,unlabeled,-1,,,
2020-12-23 00:00:00+00:00,23238.27,unlabeled,unlabeled,-1,,,
2020-12-24 00:00:00+00:00,23737.44,unlabeled,unlabeled,-1,,,
2020-12-25 00:00:00+00:00,24730.0,unlabeled,unlabeled,-1,,,
2020-12-26 00:00:00+00:00,26508.83,unlabeled,unlabeled,-1,,,
2020-12-27 00:00:00+00:00,26305.64,unlabeled,unlabeled,-1,,,
2020-12-28 00:00:00+00:00,27102.66,unlabeled,unlabeled,-1,,,
2020-12-29 00:00:00+00:00,27402.83,unlabeled,unlabeled,-1,,,
2020-12-30 00:00:00+00:00,28906.99,unlabeled,unlabeled,-1,,,
2020-12-31 00:00:00+00:00,28951.68,unlabeled,unlabeled,-1,,,
2021-01-01 00:00:00+00:00,29337.16,unlabeled,unlabeled,-1,,,
2021-01-02 00:00:00+00:00,32199.91,unlabeled,unlabeled,-1,,,
2021-01-03 00:00:00+00:00,33054.53,unlabeled,unlabeled,-1,,,
2021-01-04 00:00:00+00:00,32031.07,unlabeled,unlabeled,-1,,,
2021-01-05 00:00:00+00:00,33999.52,unlabeled,unlabeled,-1,,,
2021-01-06 00:00:00+00:00,36823.68,unlabeled,unlabeled,-1,,,
2021-01-07 00:00:00+00:00,39498.92,unlabeled,unlabeled,-1,,,
2021-01-08 00:00:00+00:00,40637.23,unlabeled,unlabeled,-1,,,
2021-01-09 00:00:00+00:00,40136.04,unlabeled,unlabeled,-1,,,
2021-01-10 00:00:00+00:00,38221.67,unlabeled,unlabeled,-1,,,
2021-01-11 00:00:00+00:00,35408.46,unlabeled,unlabeled,-1,,,
2021-01-12 00:00:00+00:00,34056.9,unlabeled,unlabeled,-1,,,
2021-01-13 00:00:00+00:00,37421.07,unlabeled,unlabeled,-1,,,
2021-01-14 00:00:00+00:00,39163.31,unlabeled,unlabeled,-1,,,
2021-01-15 00:00:00+00:00,36755.24,unlabeled,unlabeled,-1,,,
2021-01-16 00:00:00+00:00,36025.66,unlabeled,unlabeled,-1,,,
2021-01-17 00:00:00+00:00,35869.83,unlabeled,unlabeled,-1,,,
2021-01-18 00:00:00+00:00,36686.86,unlabeled,unlabeled,-1,,,
2021-01-19 00:00:00+00:00,35891.03,unlabeled,unlabeled,-1,,,
2021-01-20 00:00:00+00:00,35500.0,unlabeled,unlabeled,-1,,,
2021-01-21 00:00:00+00:00,30879.97,unlabeled,unlabeled,-1,,,
2021-01-22 00:00:00+00:00,32986.34,unlabeled,unlabeled,-1,,,
2021-01-23 00:00:00+00:00,32086.48,unlabeled,unlabeled,-1,,,
2021-01-24 00:00:00+00:00,32275.63,unlabeled,unlabeled,-1,,,
2021-01-25 00:00:00+00:00,32253.68,unlabeled,unlabeled,-1,,,
2021-01-26 00:00:00+00:00,32474.14,unlabeled,unlabeled,-1,,,
2021-01-27 00:00:00+00:00,30381.04,unlabeled,unlabeled,-1,,,
2021-01-28 00:00:00+00:00,33399.75,unlabeled,unlabeled,-1,,,
2021-01-29 00:00:00+00:00,34269.35,unlabeled,unlabeled,-1,,,
2021-01-30 00:00:00+00:00,34289.85,unlabeled,unlabeled,-1,,,
2021-01-31 00:00:00+00:00,33126.21,unlabeled,unlabeled,-1,,,
2021-02-01 00:00:00+00:00,33546.09,unlabeled,unlabeled,-1,,,
2021-02-02 00:00:00+00:00,35504.06,unlabeled,unlabeled,-1,,,
2021-02-03 00:00:00+00:00,37652.51,unlabeled,unlabeled,-1,,,
2021-02-04 00:00:00+00:00,36976.93,unlabeled,unlabeled,-1,,,
2021-02-05 00:00:00+00:00,38362.65,unlabeled,unlabeled,-1,,,
2021-02-06 00:00:00+00:00,39249.54,unlabeled,unlabeled,-1,,,
2021-02-07 00:00:00+00:00,38849.25,unlabeled,unlabeled,-1,,,
2021-02-08 00:00:00+00:00,46451.32,unlabeled,unlabeled,-1,,,
2021-02-09 00:00:00+00:00,46492.54,unlabeled,unlabeled,-1,,,
2021-02-10 00:00:00+00:00,44850.0,unlabeled,unlabeled,-1,,,
2021-02-11 00:00:00+00:00,48060.21,unlabeled,unlabeled,-1,,,
2021-02-12 00:00:00+00:00,47361.03,unlabeled,unlabeled,-1,,,
2021-02-13 00:00:00+00:00,47221.62,unlabeled,unlabeled,-1,,,
2021-02-14 00:00:00+00:00,48655.21,unlabeled,unlabeled,-1,,,
2021-02-15 00:00:00+00:00,47981.58,unlabeled,unlabeled,-1,,,
2021-02-16 00:00:00+00:00,49197.94,unlabeled,unlabeled,-1,,,
2021-02-17 00:00:00+00:00,52194.62,unlabeled,unlabeled,-1,,,
2021-02-18 00:00:00+00:00,51619.7,unlabeled,unlabeled,-1,,,
2021-02-19 00:00:00+00:00,56004.1,unlabeled,unlabeled,-1,,,
2021-02-20 00:00:00+00:00,55917.41,unlabeled,unlabeled,-1,,,
2021-02-21 00:00:00+00:00,57487.43,unlabeled,unlabeled,-1,,,
2021-02-22 00:00:00+00:00,54121.1,unlabeled,unlabeled,-1,,,
2021-02-23 00:00:00+00:00,48930.0,unlabeled,unlabeled,-1,,,
2021-02-24 00:00:00+00:00,49702.03,unlabeled,unlabeled,-1,,,
2021-02-25 00:00:00+00:00,47089.37,unlabeled,unlabeled,-1,,,
2021-02-26 00:00:00+00:00,46313.13,unlabeled,unlabeled,-1,,,
2021-02-27 00:00:00+00:00,46102.63,unlabeled,unlabeled,-1,,,
2021-02-28 00:00:00+00:00,45163.36,unlabeled,unlabeled,-1,,,
2021-03-01 00:00:00+00:00,49592.7,unlabeled,unlabeled,-1,,,
2021-03-02 00:00:00+00:00,48450.57,unlabeled,unlabeled,-1,,,
2021-03-03 00:00:00+00:00,50373.75,unlabeled,unlabeled,-1,,,
2021-03-04 00:00:00+00:00,48385.77,unlabeled,unlabeled,-1,,,
2021-03-05 00:00:00+00:00,48770.57,unlabeled,unlabeled,-1,,,
2021-03-06 00:00:00+00:00,48908.21,unlabeled,unlabeled,-1,,,
2021-03-07 00:00:00+00:00,50995.27,unlabeled,unlabeled,-1,,,
2021-03-08 00:00:00+00:00,52429.43,unlabeled,unlabeled,-1,,,
2021-03-09 00:00:00+00:00,54917.78,unlabeled,unlabeled,-1,,,
2021-03-10 00:00:00+00:00,55947.98,unlabeled,unlabeled,-1,,,
2021-03-11 00:00:00+00:00,57844.52,unlabeled,unlabeled,-1,,,
2021-03-12 00:00:00+00:00,57291.03,unlabeled,unlabeled,-1,,,
2021-03-13 00:00:00+00:00,61267.41,unlabeled,unlabeled,-1,,,
2021-03-14 00:00:00+00:00,59037.12,unlabeled,unlabeled,-1,,,
2021-03-15 00:00:00+00:00,55646.61,unlabeled,unlabeled,-1,,,
2021-03-16 00:00:00+00:00,56954.19,unlabeled,unlabeled,-1,,,
2021-03-17 00:00:00+00:00,58959.0,unlabeled,unlabeled,-1,,,
2021-03-18 00:00:00+00:00,57700.01,unlabeled,unlabeled,-1,,,
2021-03-19 00:00:00+00:00,58089.11,unlabeled,unlabeled,-1,,,
2021-03-20 00:00:00+00:00,58145.61,unlabeled,unlabeled,-1,,,
2021-03-21 00:00:00+00:00,57415.18,unlabeled,unlabeled,-1,,,
2021-03-22 00:00:00+00:00,54129.56,unlabeled,unlabeled,-1,,,
2021-03-23 00:00:00+00:00,54400.0,unlabeled,unlabeled,-1,,,
2021-03-24 00:00:00+00:00,52311.54,unlabeled,unlabeled,-1,,,
2021-03-25 00:00:00+00:00,51325.21,unlabeled,unlabeled,-1,,,
2021-03-26 00:00:00+00:00,55030.0,unlabeled,unlabeled,-1,,,
2021-03-27 00:00:00+00:00,55828.0,unlabeled,unlabeled,-1,,,
2021-03-28 00:00:00+00:00,55805.08,unlabeled,unlabeled,-1,,,
2021-03-29 00:00:00+00:00,57677.64,unlabeled,unlabeled,-1,,,
2021-03-30 00:00:00+00:00,58794.16,unlabeled,unlabeled,-1,,,
2021-03-31 00:00:00+00:00,58807.24,unlabeled,unlabeled,-1,,,
2021-04-01 00:00:00+00:00,58794.01,unlabeled,unlabeled,-1,,,
2021-04-02 00:00:00+00:00,59031.36,unlabeled,unlabeled,-1,,,
2021-04-03 00:00:00+00:00,57134.65,unlabeled,unlabeled,-1,,,
2021-04-04 00:00:00+00:00,58234.61,unlabeled,unlabeled,-1,,,
2021-04-05 00:00:00+00:00,59243.39,unlabeled,unlabeled,-1,,,
2021-04-06 00:00:00+00:00,58059.99,unlabeled,unlabeled,-1,,,
2021-04-07 00:00:00+00:00,56018.18,unlabeled,unlabeled,-1,,,
2021-04-08 00:00:00+00:00,58122.26,unlabeled,unlabeled,-1,,,
2021-04-09 00:00:00+00:00,58176.03,unlabeled,unlabeled,-1,,,
2021-04-10 00:00:00+00:00,59832.43,unlabeled,unlabeled,-1,,,
2021-04-11 00:00:00+00:00,60090.2,unlabeled,unlabeled,-1,,,
2021-04-12 00:00:00+00:00,59911.18,unlabeled,unlabeled,-1,,,
2021-04-13 00:00:00+00:00,63649.71,unlabeled,unlabeled,-1,,,
2021-04-14 00:00:00+00:00,63019.1,unlabeled,unlabeled,-1,,,
2021-04-15 00:00:00+00:00,63232.55,unlabeled,unlabeled,-1,,,
2021-04-16 00:00:00+00:00,61424.67,unlabeled,unlabeled,-1,,,
2021-04-17 00:00:00+00:00,60090.14,unlabeled,unlabeled,-1,,,
2021-04-18 00:00:00+00:00,56140.05,unlabeled,unlabeled,-1,,,
2021-04-19 00:00:00+00:00,55634.39,unlabeled,unlabeled,-1,,,
2021-04-20 00:00:00+00:00,56410.56,unlabeled,unlabeled,-1,,,
2021-04-21 00:00:00+00:00,53800.0,unlabeled,unlabeled,-1,,,
2021-04-22 00:00:00+00:00,51714.61,unlabeled,unlabeled,-1,,,
2021-04-23 00:00:00+00:00,51122.62,unlabeled,unlabeled,-1,,,
2021-04-24 00:00:00+00:00,50092.4,unlabeled,unlabeled,-1,,,
2021-04-25 00:00:00+00:00,49063.94,unlabeled,unlabeled,-1,,,
2021-04-26 00:00:00+00:00,53984.33,unlabeled,unlabeled,-1,,,
2021-04-27 00:00:00+00:00,55006.25,unlabeled,unlabeled,-1,,,
2021-04-28 00:00:00+00:00,54861.77,unlabeled,unlabeled,-1,,,
2021-04-29 00:00:00+00:00,53558.8,unlabeled,unlabeled,-1,,,
2021-04-30 00:00:00+00:00,57684.16,volatile_bull,bull,1,1.0,8.0,2021-04-30T00:00:00+00:00
2021-05-01 00:00:00+00:00,57836.34,volatile_bull,bull,1,1.0,8.0,2021-04-30T00:00:00+00:00
2021-05-02 00:00:00+00:00,56630.33,volatile_bull,bull,1,1.0,8.0,2021-04-30T00:00:00+00:00
2021-05-03 00:00:00+00:00,57214.83,volatile_bull,bull,3,0.9999999999258904,8.0,2021-04-30T00:00:00+00:00
2021-05-04 00:00:00+00:00,53263.32,volatile_bull,bull,1,0.9356691601764718,8.0,2021-04-30T00:00:00+00:00
2021-05-05 00:00:00+00:00,57497.77,volatile_bull,bull,1,1.0,8.0,2021-04-30T00:00:00+00:00
2021-05-06 00:00:00+00:00,56435.35,volatile_bull,bull,1,0.9999999999981242,8.0,2021-04-30T00:00:00+00:00
2021-05-07 00:00:00+00:00,57350.88,volatile_bull,bull,3,1.0,8.0,2021-04-30T00:00:00+00:00
2021-05-08 00:00:00+00:00,58924.98,volatile_bull,bull,3,0.9999998095425052,8.0,2021-04-30T00:00:00+00:00
2021-05-09 00:00:00+00:00,58292.53,volatile_bull,bull,3,0.9999999710825596,8.0,2021-04-30T00:00:00+00:00
2021-05-10 00:00:00+00:00,55869.67,volatile_bull,bull,3,0.99830237947156,8.0,2021-04-30T00:00:00+00:00
2021-05-11 00:00:00+00:00,56710.43,volatile_bull,bull,3,1.0,8.0,2021-04-30T00:00:00+00:00
2021-05-12 00:00:00+00:00,49595.76,volatile_bull,bull,3,0.9999781301746758,8.0,2021-04-30T00:00:00+00:00
2021-05-13 00:00:00+00:00,49707.9,volatile_bull,volatile_bull,6,1.0,8.0,2021-04-30T00:00:00+00:00
2021-05-14 00:00:00+00:00,49873.27,volatile_bull,volatile_bull,6,0.9999919697071519,8.0,2021-04-30T00:00:00+00:00
2021-05-15 00:00:00+00:00,46793.41,volatile_bull,volatile_bull,6,1.0,8.0,2021-04-30T00:00:00+00:00
2021-05-16 00:00:00+00:00,46429.28,volatile_bull,volatile_bull,6,1.0,8.0,2021-04-30T00:00:00+00:00
2021-05-17 00:00:00+00:00,43566.18,volatile_bull,volatile_bull,6,1.0,8.0,2021-04-30T00:00:00+00:00
2021-05-18 00:00:00+00:00,42882.53,volatile_bull,volatile_bull,6,0.9699954520139622,8.0,2021-04-30T00:00:00+00:00
2021-05-19 00:00:00+00:00,36689.14,volatile_bull,volatile_bull,6,1.0,8.0,2021-04-30T00:00:00+00:00
2021-05-20 00:00:00+00:00,40500.3,volatile_bull,volatile_bull,6,1.0,8.0,2021-04-30T00:00:00+00:00
2021-05-21 00:00:00+00:00,37211.02,volatile_bull,volatile_bull,6,0.9996814750551718,8.0,2021-04-30T00:00:00+00:00
2021-05-22 00:00:00+00:00,37432.58,volatile_bull,volatile_bull,2,1.0,8.0,2021-04-30T00:00:00+00:00
2021-05-23 00:00:00+00:00,34651.6,volatile_bull,volatile_bull,2,1.0,8.0,2021-04-30T00:00:00+00:00
2021-05-24 00:00:00+00:00,38779.66,volatile_bull,volatile_bull,2,1.0,8.0,2021-04-30T00:00:00+00:00
2021-05-25 00:00:00+00:00,38326.84,volatile_bull,volatile_bull,2,1.0,8.0,2021-04-30T00:00:00+00:00
2021-05-26 00:00:00+00:00,39224.2,volatile_bull,volatile_bull,6,1.0,8.0,2021-04-30T00:00:00+00:00
2021-05-27 00:00:00+00:00,38527.38,volatile_bull,volatile_bull,6,1.0,8.0,2021-04-30T00:00:00+00:00
2021-05-28 00:00:00+00:00,35670.99,volatile_bull,volatile_bull,6,1.0,8.0,2021-04-30T00:00:00+00:00
2021-05-29 00:00:00+00:00,34611.94,volatile_bull,volatile_bull,6,1.0,8.0,2021-04-30T00:00:00+00:00
2021-05-30 00:00:00+00:00,35651.81,stress,stress,2,1.0,8.0,2021-05-30T00:00:00+00:00
2021-05-31 00:00:00+00:00,37243.38,stress,stress,2,1.0,8.0,2021-05-30T00:00:00+00:00
2021-06-01 00:00:00+00:00,36693.41,stress,stress,2,1.0,8.0,2021-05-30T00:00:00+00:00
2021-06-02 00:00:00+00:00,37569.99,stress,stress,2,1.0,8.0,2021-05-30T00:00:00+00:00
2021-06-03 00:00:00+00:00,39247.4,stress,stress,2,1.0,8.0,2021-05-30T00:00:00+00:00
2021-06-04 00:00:00+00:00,36828.03,stress,stress,2,1.0,8.0,2021-05-30T00:00:00+00:00
2021-06-05 00:00:00+00:00,35498.62,stress,stress,2,1.0,8.0,2021-05-30T00:00:00+00:00
2021-06-06 00:00:00+00:00,35801.71,stress,stress,2,1.0,8.0,2021-05-30T00:00:00+00:00
2021-06-07 00:00:00+00:00,33550.96,stress,stress,2,1.0,8.0,2021-05-30T00:00:00+00:00
2021-06-08 00:00:00+00:00,33372.58,stress,stress,2,1.0,8.0,2021-05-30T00:00:00+00:00
2021-06-09 00:00:00+00:00,37368.45,stress,stress,2,1.0,8.0,2021-05-30T00:00:00+00:00
2021-06-10 00:00:00+00:00,36669.66,stress,stress,2,1.0,8.0,2021-05-30T00:00:00+00:00
2021-06-11 00:00:00+00:00,37300.42,stress,stress,2,1.0,8.0,2021-05-30T00:00:00+00:00
2021-06-12 00:00:00+00:00,35537.05,stress,stress,2,1.0,8.0,2021-05-30T00:00:00+00:00
2021-06-13 00:00:00+00:00,38993.65,stress,stress,2,0.8534310220346824,8.0,2021-05-30T00:00:00+00:00
2021-06-14 00:00:00+00:00,40489.1,recovery,recovery,1,1.0,8.0,2021-05-30T00:00:00+00:00
2021-06-15 00:00:00+00:00,40132.86,recovery,recovery,1,1.0,8.0,2021-05-30T00:00:00+00:00
2021-06-16 00:00:00+00:00,38344.97,recovery,recovery,1,1.0,8.0,2021-05-30T00:00:00+00:00
2021-06-17 00:00:00+00:00,38060.71,recovery,recovery,1,1.0,8.0,2021-05-30T00:00:00+00:00
2021-06-18 00:00:00+00:00,35811.41,recovery,recovery,1,1.0,8.0,2021-05-30T00:00:00+00:00
2021-06-19 00:00:00+00:00,35483.0,recovery,recovery,1,1.0,8.0,2021-05-30T00:00:00+00:00
2021-06-20 00:00:00+00:00,35588.64,recovery,recovery,1,1.0,8.0,2021-05-30T00:00:00+00:00
2021-06-21 00:00:00+00:00,31606.0,recovery,recovery,1,1.0,8.0,2021-05-30T00:00:00+00:00
2021-06-22 00:00:00+00:00,32496.0,recovery,recovery,1,1.0,8.0,2021-05-30T00:00:00+00:00
2021-06-23 00:00:00+00:00,33649.0,recovery,recovery,1,1.0,8.0,2021-05-30T00:00:00+00:00
2021-06-24 00:00:00+00:00,34644.64,recovery,recovery,1,1.0,8.0,2021-05-30T00:00:00+00:00
2021-06-25 00:00:00+00:00,31568.07,recovery,recovery,1,0.9999999821229865,8.0,2021-05-30T00:00:00+00:00
2021-06-26 00:00:00+00:00,32255.56,recovery,recovery,1,1.0,8.0,2021-05-30T00:00:00+00:00
2021-06-27 00:00:00+00:00,34687.71,recovery,recovery,1,1.0,8.0,2021-05-30T00:00:00+00:00
2021-06-28 00:00:00+00:00,34487.22,recovery,recovery,1,1.0,8.0,2021-05-30T00:00:00+00:00
2021-06-29 00:00:00+00:00,35911.26,stress,stress,1,1.0,8.0,2021-06-29T00:00:00+00:00
2021-06-30 00:00:00+00:00,35031.39,stress,stress,1,1.0,8.0,2021-06-29T00:00:00+00:00
2021-07-01 00:00:00+00:00,33489.96,stress,stress,1,1.0,8.0,2021-06-29T00:00:00+00:00
2021-07-02 00:00:00+00:00,33760.94,stress,stress,1,1.0,8.0,2021-06-29T00:00:00+00:00
2021-07-03 00:00:00+00:00,34652.94,stress,stress,1,1.0,8.0,2021-06-29T00:00:00+00:00
2021-07-04 00:00:00+00:00,35280.16,stress,stress,1,1.0,8.0,2021-06-29T00:00:00+00:00
2021-07-05 00:00:00+00:00,33672.72,stress,stress,1,1.0,8.0,2021-06-29T00:00:00+00:00
2021-07-06 00:00:00+00:00,34206.01,stress,stress,1,1.0,8.0,2021-06-29T00:00:00+00:00
2021-07-07 00:00:00+00:00,33845.64,stress,stress,1,1.0,8.0,2021-06-29T00:00:00+00:00
2021-07-08 00:00:00+00:00,32852.04,stress,stress,1,1.0,8.0,2021-06-29T00:00:00+00:00
2021-07-09 00:00:00+00:00,33805.01,stress,stress,1,1.0,8.0,2021-06-29T00:00:00+00:00
2021-07-10 00:00:00+00:00,33497.98,stress,stress,1,1.0,8.0,2021-06-29T00:00:00+00:00
2021-07-11 00:00:00+00:00,34253.81,stress,stress,1,1.0,8.0,2021-06-29T00:00:00+00:00
2021-07-12 00:00:00+00:00,33070.87,stress,stress,1,1.0,8.0,2021-06-29T00:00:00+00:00
2021-07-13 00:00:00+00:00,32709.09,stress,stress,1,1.0,8.0,2021-06-29T00:00:00+00:00
2021-07-14 00:00:00+00:00,32803.01,stress,stress,1,1.0,8.0,2021-06-29T00:00:00+00:00
2021-07-15 00:00:00+00:00,31866.43,stress,stress,1,1.0,8.0,2021-06-29T00:00:00+00:00
2021-07-16 00:00:00+00:00,31382.95,stress,stress,1,1.0,8.0,2021-06-29T00:00:00+00:00
2021-07-17 00:00:00+00:00,31496.65,stress,stress,1,1.0,8.0,2021-06-29T00:00:00+00:00
2021-07-18 00:00:00+00:00,31767.0,stress,stress,1,1.0,8.0,2021-06-29T00:00:00+00:00
2021-07-19 00:00:00+00:00,30823.62,stress,stress,1,1.0,8.0,2021-06-29T00:00:00+00:00
2021-07-20 00:00:00+00:00,29775.9,stress,stress,1,1.0,8.0,2021-06-29T00:00:00+00:00
2021-07-21 00:00:00+00:00,32120.0,stress,stress,1,1.0,8.0,2021-06-29T00:00:00+00:00
2021-07-22 00:00:00+00:00,32268.11,stress,stress,1,1.0,8.0,2021-06-29T00:00:00+00:00
2021-07-23 00:00:00+00:00,33634.46,stress,stress,1,1.0,8.0,2021-06-29T00:00:00+00:00
2021-07-24 00:00:00+00:00,34230.0,stress,stress,1,1.0,8.0,2021-06-29T00:00:00+00:00
2021-07-25 00:00:00+00:00,35370.66,stress,stress,1,1.0,8.0,2021-06-29T00:00:00+00:00
2021-07-26 00:00:00+00:00,37218.09,stress,stress,1,1.0,8.0,2021-06-29T00:00:00+00:00
2021-07-27 00:00:00+00:00,39442.33,stress,stress,1,1.0,8.0,2021-06-29T00:00:00+00:00
2021-07-28 00:00:00+00:00,40003.08,stress,stress,1,1.0,8.0,2021-06-29T00:00:00+00:00
2021-07-29 00:00:00+00:00,40012.9,drawdown,drawdown,2,1.0,8.0,2021-07-29T00:00:00+00:00
2021-07-30 00:00:00+00:00,42203.25,drawdown,drawdown,2,1.0,8.0,2021-07-29T00:00:00+00:00
2021-07-31 00:00:00+00:00,41448.11,drawdown,drawdown,2,1.0,8.0,2021-07-29T00:00:00+00:00
2021-08-01 00:00:00+00:00,39846.78,drawdown,drawdown,2,1.0,8.0,2021-07-29T00:00:00+00:00
2021-08-02 00:00:00+00:00,39147.48,drawdown,drawdown,2,1.0,8.0,2021-07-29T00:00:00+00:00
2021-08-03 00:00:00+00:00,38203.26,drawdown,drawdown,2,1.0,8.0,2021-07-29T00:00:00+00:00
2021-08-04 00:00:00+00:00,39731.31,drawdown,drawdown,2,1.0,8.0,2021-07-29T00:00:00+00:00
2021-08-05 00:00:00+00:00,40882.4,drawdown,drawdown,2,1.0,8.0,2021-07-29T00:00:00+00:00
2021-08-06 00:00:00+00:00,42825.43,drawdown,drawdown,2,1.0,8.0,2021-07-29T00:00:00+00:00
2021-08-07 00:00:00+00:00,44601.11,drawdown,drawdown,2,1.0,8.0,2021-07-29T00:00:00+00:00
2021-08-08 00:00:00+00:00,43787.71,drawdown,drawdown,2,1.0,8.0,2021-07-29T00:00:00+00:00
2021-08-09 00:00:00+00:00,46259.7,drawdown,drawdown,2,1.0,8.0,2021-07-29T00:00:00+00:00
2021-08-10 00:00:00+00:00,45589.99,drawdown,drawdown,2,1.0,8.0,2021-07-29T00:00:00+00:00
2021-08-11 00:00:00+00:00,45522.12,drawdown,drawdown,2,1.0,8.0,2021-07-29T00:00:00+00:00
2021-08-12 00:00:00+00:00,44385.09,drawdown,drawdown,2,1.0,8.0,2021-07-29T00:00:00+00:00
2021-08-13 00:00:00+00:00,47792.52,drawdown,drawdown,2,1.0,8.0,2021-07-29T00:00:00+00:00
2021-08-14 00:00:00+00:00,47083.74,drawdown,drawdown,2,1.0,8.0,2021-07-29T00:00:00+00:00
2021-08-15 00:00:00+00:00,47006.02,drawdown,drawdown,2,1.0,8.0,2021-07-29T00:00:00+00:00
2021-08-16 00:00:00+00:00,45926.23,drawdown,drawdown,2,1.0,8.0,2021-07-29T00:00:00+00:00
2021-08-17 00:00:00+00:00,44704.84,drawdown,drawdown,2,1.0,8.0,2021-07-29T00:00:00+00:00
2021-08-18 00:00:00+00:00,44714.09,drawdown,drawdown,2,1.0,8.0,2021-07-29T00:00:00+00:00
2021-08-19 00:00:00+00:00,46772.0,drawdown,drawdown,2,1.0,8.0,2021-07-29T00:00:00+00:00
2021-08-20 00:00:00+00:00,49332.74,drawdown,drawdown,2,1.0,8.0,2021-07-29T00:00:00+00:00
2021-08-21 00:00:00+00:00,48848.29,drawdown,drawdown,2,1.0,8.0,2021-07-29T00:00:00+00:00
2021-08-22 00:00:00+00:00,49273.28,drawdown,drawdown,2,1.0,8.0,2021-07-29T00:00:00+00:00
2021-08-23 00:00:00+00:00,49523.91,drawdown,drawdown,2,1.0,8.0,2021-07-29T00:00:00+00:00
2021-08-24 00:00:00+00:00,47719.36,drawdown,drawdown,2,1.0,8.0,2021-07-29T00:00:00+00:00
2021-08-25 00:00:00+00:00,48992.65,drawdown,drawdown,2,1.0,8.0,2021-07-29T00:00:00+00:00
2021-08-26 00:00:00+00:00,46853.06,drawdown,drawdown,2,0.9999999912705846,8.0,2021-07-29T00:00:00+00:00
2021-08-27 00:00:00+00:00,49083.98,drawdown,drawdown,2,0.9999999924589105,8.0,2021-07-29T00:00:00+00:00
2021-08-28 00:00:00+00:00,48931.99,bull,bull,1,0.9999999999999991,8.0,2021-08-28T00:00:00+00:00
2021-08-29 00:00:00+00:00,48795.41,bull,bull,1,1.0,8.0,2021-08-28T00:00:00+00:00
2021-08-30 00:00:00+00:00,47024.7,bull,bull,1,0.9999999999999867,8.0,2021-08-28T00:00:00+00:00
2021-08-31 00:00:00+00:00,47150.32,bull,bull,1,1.0,8.0,2021-08-28T00:00:00+00:00
2021-09-01 00:00:00+00:00,48842.94,bull,bull,1,1.0,8.0,2021-08-28T00:00:00+00:00
2021-09-02 00:00:00+00:00,49299.14,bull,bull,1,0.9999999999988445,8.0,2021-08-28T00:00:00+00:00
2021-09-03 00:00:00+00:00,50027.08,bull,bull,1,0.9999999999664961,8.0,2021-08-28T00:00:00+00:00
2021-09-04 00:00:00+00:00,49940.74,bull,bull,1,0.9999999997728004,8.0,2021-08-28T00:00:00+00:00
2021-09-05 00:00:00+00:00,51799.57,bull,bull,1,0.9999999999992877,8.0,2021-08-28T00:00:00+00:00
2021-09-06 00:00:00+00:00,52683.97,bull,bull,1,0.9999999999839417,8.0,2021-08-28T00:00:00+00:00
2021-09-07 00:00:00+00:00,46864.39,bull,bull,0,0.9999263082742698,8.0,2021-08-28T00:00:00+00:00
2021-09-08 00:00:00+00:00,46062.29,bull,bull,0,0.7504091899266196,8.0,2021-08-28T00:00:00+00:00
2021-09-09 00:00:00+00:00,46413.88,bull,bull,3,0.5294773004647708,8.0,2021-08-28T00:00:00+00:00
2021-09-10 00:00:00+00:00,44860.83,bull,bull,3,0.917341573700088,8.0,2021-08-28T00:00:00+00:00
2021-09-11 00:00:00+00:00,45193.78,bull,bull,3,0.986225408420564,8.0,2021-08-28T00:00:00+00:00
2021-09-12 00:00:00+00:00,46046.73,bull,bull,3,0.9991975257071178,8.0,2021-08-28T00:00:00+00:00
2021-09-13 00:00:00+00:00,44975.96,bull,bull,3,0.8159233758668916,8.0,2021-08-28T00:00:00+00:00
2021-09-14 00:00:00+00:00,47087.18,bull,bull,7,0.9998181175606067,8.0,2021-08-28T00:00:00+00:00
2021-09-15 00:00:00+00:00,48106.12,bull,bull,7,0.9995767522859078,8.0,2021-08-28T00:00:00+00:00
2021-09-16 00:00:00+00:00,47745.55,bull,bull,7,0.9936696805543651,8.0,2021-08-28T00:00:00+00:00
2021-09-17 00:00:00+00:00,47303.11,bull,bull,7,0.9999663922299613,8.0,2021-08-28T00:00:00+00:00
2021-09-18 00:00:00+00:00,48285.15,bull,bull,7,0.999997627290065,8.0,2021-08-28T00:00:00+00:00
2021-09-19 00:00:00+00:00,47256.91,bull,bull,7,0.9998582493979364,8.0,2021-08-28T00:00:00+00:00
2021-09-20 00:00:00+00:00,43026.6,bull,bull,0,0.9829948639207102,8.0,2021-08-28T00:00:00+00:00
2021-09-21 00:00:00+00:00,40726.1,bull,bull,1,0.8846008646317164,8.0,2021-08-28T00:00:00+00:00
2021-09-22 00:00:00+00:00,43520.0,bull,bull,7,0.8948626658366933,8.0,2021-08-28T00:00:00+00:00
2021-09-23 00:00:00+00:00,44828.29,bull,bull,7,0.9714921953756935,8.0,2021-08-28T00:00:00+00:00
2021-09-24 00:00:00+00:00,42798.49,bull,bull,0,0.7258109284346359,8.0,2021-08-28T00:00:00+00:00
2021-09-25 00:00:00+00:00,42651.58,bull,bull,3,0.9999997897481742,8.0,2021-08-28T00:00:00+00:00
2021-09-26 00:00:00+00:00,43150.0,bull,bull,3,0.9999999995174527,8.0,2021-08-28T00:00:00+00:00
2021-09-27 00:00:00+00:00,42122.69,bull,recovery,1,0.9999996769188069,8.0,2021-09-27T00:00:00+00:00
2021-09-28 00:00:00+00:00,41006.32,bull,recovery,1,0.9999050612729733,8.0,2021-09-27T00:00:00+00:00
2021-09-29 00:00:00+00:00,41499.71,bull,recovery,1,0.9943495831568641,8.0,2021-09-27T00:00:00+00:00
2021-09-30 00:00:00+00:00,43796.57,bull,recovery,1,0.999999844882788,8.0,2021-09-27T00:00:00+00:00
2021-10-01 00:00:00+00:00,48123.94,bull,recovery,1,0.9999418722915668,8.0,2021-09-27T00:00:00+00:00
2021-10-02 00:00:00+00:00,47626.61,bull,recovery,1,0.9996889605960612,8.0,2021-09-27T00:00:00+00:00
2021-10-03 00:00:00+00:00,48187.3,bull,recovery,1,0.9999926262285622,8.0,2021-09-27T00:00:00+00:00
2021-10-04 00:00:00+00:00,49198.22,bull,bull,3,0.4923729775908235,8.0,2021-09-27T00:00:00+00:00
2021-10-05 00:00:00+00:00,51455.12,bull,bull,3,0.9999999953005769,8.0,2021-09-27T00:00:00+00:00
2021-10-06 00:00:00+00:00,55321.6,bull,bull,3,0.9999889594270329,8.0,2021-09-27T00:00:00+00:00
2021-10-07 00:00:00+00:00,53814.99,bull,bull,3,0.9999999999844889,8.0,2021-09-27T00:00:00+00:00
2021-10-08 00:00:00+00:00,53975.0,bull,bull,3,0.999999850633746,8.0,2021-09-27T00:00:00+00:00
2021-10-09 00:00:00+00:00,54960.77,bull,bull,3,0.9999999999999929,8.0,2021-09-27T00:00:00+00:00
2021-10-10 00:00:00+00:00,54700.0,bull,bull,3,0.9999997678535152,8.0,2021-09-27T00:00:00+00:00
2021-10-11 00:00:00+00:00,57500.01,bull,bull,3,0.9999844938200422,8.0,2021-09-27T00:00:00+00:00
2021-10-12 00:00:00+00:00,56011.84,bull,bull,4,0.9635441340018925,8.0,2021-09-27T00:00:00+00:00
2021-10-13 00:00:00+00:00,57393.65,bull,bull,4,0.999995506581,8.0,2021-09-27T00:00:00+00:00
2021-10-14 00:00:00+00:00,57378.19,bull,bull,3,0.9999382429796916,8.0,2021-09-27T00:00:00+00:00
2021-10-15 00:00:00+00:00,61702.33,bull,bull,4,0.9999999394387428,8.0,2021-09-27T00:00:00+00:00
2021-10-16 00:00:00+00:00,60925.56,bull,bull,3,1.0,8.0,2021-09-27T00:00:00+00:00
2021-10-17 00:00:00+00:00,61571.45,bull,bull,3,0.9999999998785327,8.0,2021-09-27T00:00:00+00:00
2021-10-18 00:00:00+00:00,62037.92,bull,bull,3,0.7271676717129874,8.0,2021-09-27T00:00:00+00:00
2021-10-19 00:00:00+00:00,64316.7,bull,bull,4,0.9994937454064822,8.0,2021-09-27T00:00:00+00:00
2021-10-20 00:00:00+00:00,66064.24,bull,bull,4,0.9986870945704115,8.0,2021-09-27T00:00:00+00:00
2021-10-21 00:00:00+00:00,62260.33,bull,bull,4,0.9999999999160458,8.0,2021-09-27T00:00:00+00:00
2021-10-22 00:00:00+00:00,60734.27,bull,bull,4,0.9995321706485512,8.0,2021-09-27T00:00:00+00:00
2021-10-23 00:00:00+00:00,61325.11,bull,bull,6,0.9997596752734569,8.0,2021-09-27T00:00:00+00:00
2021-10-24 00:00:00+00:00,60902.82,bull,bull,6,0.9999600601281546,8.0,2021-09-27T00:00:00+00:00
2021-10-25 00:00:00+00:00,63127.04,bull,bull,6,0.9999998860793398,8.0,2021-09-27T00:00:00+00:00
2021-10-26 00:00:00+00:00,60358.75,bull,bull,6,0.9999996383027053,8.0,2021-09-27T00:00:00+00:00
2021-10-27 00:00:00+00:00,58449.36,bull,bull,1,0.9999999999993907,8.0,2021-10-27T00:00:00+00:00
2021-10-28 00:00:00+00:00,60622.03,bull,bull,1,0.9999999796375472,8.0,2021-10-27T00:00:00+00:00
2021-10-29 00:00:00+00:00,62308.22,bull,bull,1,0.9999999785476243,8.0,2021-10-27T00:00:00+00:00
2021-10-30 00:00:00+00:00,61895.19,bull,bull,1,0.9999999995358557,8.0,2021-10-27T00:00:00+00:00
2021-10-31 00:00:00+00:00,61348.61,bull,bull,1,0.9999693986522749,8.0,2021-10-27T00:00:00+00:00
2021-11-01 00:00:00+00:00,60942.87,bull,bull,1,0.9999800780806326,8.0,2021-10-27T00:00:00+00:00
2021-11-02 00:00:00+00:00,63266.69,bull,bull,1,0.99877396007147,8.0,2021-10-27T00:00:00+00:00
2021-11-03 00:00:00+00:00,62946.45,bull,bull,1,0.9995599255948009,8.0,2021-10-27T00:00:00+00:00
2021-11-04 00:00:00+00:00,61431.86,bull,bull,1,0.8376041636813693,8.0,2021-10-27T00:00:00+00:00
2021-11-05 00:00:00+00:00,61006.0,bull,bull,4,0.9170095768244326,8.0,2021-10-27T00:00:00+00:00
2021-11-06 00:00:00+00:00,61511.3,bull,bull,4,0.9990133874695778,8.0,2021-10-27T00:00:00+00:00
2021-11-07 00:00:00+00:00,63316.4,bull,bull,4,0.9999872832412169,8.0,2021-10-27T00:00:00+00:00
2021-11-08 00:00:00+00:00,67606.96,bull,bull,4,0.9950263814201529,8.0,2021-10-27T00:00:00+00:00
2021-11-09 00:00:00+00:00,67009.98,bull,bull,4,0.9396706265598052,8.0,2021-10-27T00:00:00+00:00
2021-11-10 00:00:00+00:00,64920.13,bull,bull,4,0.9999965953438283,8.0,2021-10-27T00:00:00+00:00
2021-11-11 00:00:00+00:00,64831.3,bull,bull,4,0.9999999835643615,8.0,2021-10-27T00:00:00+00:00
2021-11-12 00:00:00+00:00,64156.08,bull,bull,4,0.9999999777468853,8.0,2021-10-27T00:00:00+00:00
2021-11-13 00:00:00+00:00,64427.0,bull,bull,4,0.9999999999449667,8.0,2021-10-27T00:00:00+00:00
2021-11-14 00:00:00+00:00,65568.39,bull,bull,4,0.999999981028932,8.0,2021-10-27T00:00:00+00:00
2021-11-15 00:00:00+00:00,63654.49,bull,bull,4,0.9995930599337847,8.0,2021-10-27T00:00:00+00:00
2021-11-16 00:00:00+00:00,60106.03,bull,bull,4,0.999999991091677,8.0,2021-10-27T00:00:00+00:00
2021-11-17 00:00:00+00:00,60366.96,bull,bull,4,0.9999999571639693,8.0,2021-10-27T00:00:00+00:00
2021-11-18 00:00:00+00:00,56921.05,bull,bull,4,0.9999999999339977,8.0,2021-10-27T00:00:00+00:00
2021-11-19 00:00:00+00:00,58069.51,bull,bull,4,0.9999999999765166,8.0,2021-10-27T00:00:00+00:00
2021-11-20 00:00:00+00:00,59716.29,bull,bull,4,1.0,8.0,2021-10-27T00:00:00+00:00
2021-11-21 00:00:00+00:00,58661.39,bull,bull,4,0.999999999999984,8.0,2021-10-27T00:00:00+00:00
2021-11-22 00:00:00+00:00,56268.31,bull,bull,4,0.9999999999999902,8.0,2021-10-27T00:00:00+00:00
2021-11-23 00:00:00+00:00,57574.23,bull,bull,4,0.9999999999286846,8.0,2021-10-27T00:00:00+00:00
2021-11-24 00:00:00+00:00,57165.08,bull,bull,4,0.9999999999984777,8.0,2021-10-27T00:00:00+00:00
2021-11-25 00:00:00+00:00,58988.21,bull,bull,4,0.9999999906249091,8.0,2021-10-27T00:00:00+00:00
2021-11-26 00:00:00+00:00,53755.65,recovery,recovery,0,0.9999999933399746,8.0,2021-11-26T00:00:00+00:00
2021-11-27 00:00:00+00:00,54738.77,recovery,recovery,0,0.9999999853134477,8.0,2021-11-26T00:00:00+00:00
2021-11-28 00:00:00+00:00,57315.73,recovery,recovery,0,0.9999999999909761,8.0,2021-11-26T00:00:00+00:00
2021-11-29 00:00:00+00:00,57827.98,recovery,recovery,0,0.9999999999191775,8.0,2021-11-26T00:00:00+00:00
2021-11-30 00:00:00+00:00,56975.0,recovery,recovery,0,0.9999999997872289,8.0,2021-11-26T00:00:00+00:00
2021-12-01 00:00:00+00:00,57209.29,recovery,recovery,0,0.9999999999503482,8.0,2021-11-26T00:00:00+00:00
2021-12-02 00:00:00+00:00,56513.57,recovery,recovery,0,0.9999999999993685,8.0,2021-11-26T00:00:00+00:00
2021-12-03 00:00:00+00:00,53612.0,recovery,recovery,0,0.9999999999988178,8.0,2021-11-26T00:00:00+00:00
2021-12-04 00:00:00+00:00,49135.66,recovery,recovery,0,0.9999999997318341,8.0,2021-11-26T00:00:00+00:00
2021-12-05 00:00:00+00:00,49376.6,recovery,recovery,0,1.0,8.0,2021-11-26T00:00:00+00:00
2021-12-06 00:00:00+00:00,50424.72,recovery,recovery,0,1.0,8.0,2021-11-26T00:00:00+00:00
2021-12-07 00:00:00+00:00,50577.2,recovery,recovery,0,0.9999999999997087,8.0,2021-11-26T00:00:00+00:00
2021-12-08 00:00:00+00:00,50455.61,recovery,recovery,0,0.9999999999999858,8.0,2021-11-26T00:00:00+00:00
2021-12-09 00:00:00+00:00,47539.76,recovery,recovery,0,0.9999999999999929,8.0,2021-11-26T00:00:00+00:00
2021-12-10 00:00:00+00:00,47136.35,recovery,recovery,0,0.999999999997879,8.0,2021-11-26T00:00:00+00:00
2021-12-11 00:00:00+00:00,49381.15,recovery,recovery,0,0.9999980669293503,8.0,2021-11-26T00:00:00+00:00
2021-12-12 00:00:00+00:00,50057.01,recovery,recovery,0,0.9991446597710493,8.0,2021-11-26T00:00:00+00:00
2021-12-13 00:00:00+00:00,46679.93,recovery,recovery,0,0.9995286848742335,8.0,2021-11-26T00:00:00+00:00
2021-12-14 00:00:00+00:00,48324.04,recovery,recovery,0,0.9989470910434022,8.0,2021-11-26T00:00:00+00:00
2021-12-15 00:00:00+00:00,48870.48,recovery,recovery,0,0.9441733268621708,8.0,2021-11-26T00:00:00+00:00
2021-12-16 00:00:00+00:00,47624.5,recovery,recovery,0,0.9059655283816191,8.0,2021-11-26T00:00:00+00:00
2021-12-17 00:00:00+00:00,46125.33,recovery,recovery,0,0.9894063743114947,8.0,2021-11-26T00:00:00+00:00
2021-12-18 00:00:00+00:00,46815.99,recovery,recovery,0,0.9999236833116079,8.0,2021-11-26T00:00:00+00:00
2021-12-19 00:00:00+00:00,46668.63,recovery,recovery,0,0.9864994379886025,8.0,2021-11-26T00:00:00+00:00
2021-12-20 00:00:00+00:00,46898.14,recovery,recovery,0,0.9999899872151795,8.0,2021-11-26T00:00:00+00:00
2021-12-21 00:00:00+00:00,48875.15,recovery,recovery,0,0.9999883419780166,8.0,2021-11-26T00:00:00+00:00
2021-12-22 00:00:00+00:00,48569.69,recovery,recovery,0,0.9998789111060442,8.0,2021-11-26T00:00:00+00:00
2021-12-23 00:00:00+00:00,50817.92,recovery,recovery,0,0.9999950564403352,8.0,2021-11-26T00:00:00+00:00
2021-12-24 00:00:00+00:00,50808.55,recovery,recovery,0,0.9999998157136069,8.0,2021-11-26T00:00:00+00:00
2021-12-25 00:00:00+00:00,50403.64,recovery,recovery,0,0.9999999650315352,8.0,2021-11-26T00:00:00+00:00
2021-12-26 00:00:00+00:00,50765.73,drawdown,drawdown,3,0.9999999999999982,8.0,2021-12-26T00:00:00+00:00
2021-12-27 00:00:00+00:00,50707.72,drawdown,drawdown,3,1.0,8.0,2021-12-26T00:00:00+00:00
2021-12-28 00:00:00+00:00,47522.03,drawdown,drawdown,3,0.9999999999984794,8.0,2021-12-26T00:00:00+00:00
2021-12-29 00:00:00+00:00,46436.54,drawdown,drawdown,3,0.9999999999996021,8.0,2021-12-26T00:00:00+00:00
2021-12-30 00:00:00+00:00,47095.02,drawdown,drawdown,3,0.9999999999960618,8.0,2021-12-26T00:00:00+00:00
2021-12-31 00:00:00+00:00,46210.56,drawdown,drawdown,3,0.9999999999946745,8.0,2021-12-26T00:00:00+00:00
2022-01-01 00:00:00+00:00,47704.35,drawdown,drawdown,3,0.9999999998803464,8.0,2021-12-26T00:00:00+00:00
2022-01-02 00:00:00+00:00,47280.0,drawdown,drawdown,3,0.9999999995872386,8.0,2021-12-26T00:00:00+00:00
2022-01-03 00:00:00+00:00,46445.81,drawdown,drawdown,3,0.999999999907704,8.0,2021-12-26T00:00:00+00:00
2022-01-04 00:00:00+00:00,45833.42,drawdown,drawdown,3,0.9999999999947953,8.0,2021-12-26T00:00:00+00:00
2022-01-05 00:00:00+00:00,43421.69,drawdown,drawdown,3,0.9999764632476299,8.0,2021-12-26T00:00:00+00:00
2022-01-06 00:00:00+00:00,43080.01,drawdown,drawdown,3,0.9999999996397655,8.0,2021-12-26T00:00:00+00:00
2022-01-07 00:00:00+00:00,41553.86,drawdown,drawdown,3,0.999991174222674,8.0,2021-12-26T00:00:00+00:00
2022-01-08 00:00:00+00:00,41688.05,drawdown,drawdown,3,0.9999405607917211,8.0,2021-12-26T00:00:00+00:00
2022-01-09 00:00:00+00:00,41851.22,drawdown,drawdown,3,0.9991984251053981,8.0,2021-12-26T00:00:00+00:00
2022-01-10 00:00:00+00:00,41801.55,drawdown,stress,7,0.9987696936774322,8.0,2021-12-26T00:00:00+00:00
2022-01-11 00:00:00+00:00,42700.68,stress,drawdown,3,0.9998538107294076,8.0,2021-12-26T00:00:00+00:00
2022-01-12 00:00:00+00:00,43880.72,stress,drawdown,3,0.9999999944503344,8.0,2021-12-26T00:00:00+00:00
2022-01-13 00:00:00+00:00,42534.32,stress,drawdown,3,0.999999989698253,8.0,2021-12-26T00:00:00+00:00
2022-01-14 00:00:00+00:00,43042.4,stress,drawdown,3,0.9999999997514095,8.0,2021-12-26T00:00:00+00:00
2022-01-15 00:00:00+00:00,43070.51,stress,drawdown,3,0.9999999999999787,8.0,2021-12-26T00:00:00+00:00
2022-01-16 00:00:00+00:00,43060.66,stress,drawdown,3,0.9999999999999929,8.0,2021-12-26T00:00:00+00:00
2022-01-17 00:00:00+00:00,42176.34,stress,drawdown,3,0.9999999999998153,8.0,2021-12-26T00:00:00+00:00
2022-01-18 00:00:00+00:00,42337.58,stress,drawdown,3,0.9999999983115018,8.0,2021-12-26T00:00:00+00:00
2022-01-19 00:00:00+00:00,41657.89,stress,drawdown,3,0.9984449003469633,8.0,2021-12-26T00:00:00+00:00
2022-01-20 00:00:00+00:00,40661.69,stress,drawdown,3,0.9596954068060787,8.0,2021-12-26T00:00:00+00:00
2022-01-21 00:00:00+00:00,36425.98,drawdown,stress,7,0.9999992098471249,8.0,2021-12-26T00:00:00+00:00
2022-01-22 00:00:00+00:00,35043.73,drawdown,stress,7,0.999977426533979,8.0,2021-12-26T00:00:00+00:00
2022-01-23 00:00:00+00:00,36230.01,stress,drawdown,3,0.9998815968759543,8.0,2021-12-26T00:00:00+00:00
2022-01-24 00:00:00+00:00,36648.31,drawdown,stress,7,0.9999999998569464,8.0,2021-12-26T00:00:00+00:00
2022-01-25 00:00:00+00:00,36934.26,stress,drawdown,1,0.9999999999917506,8.0,2022-01-25T00:00:00+00:00
2022-01-26 00:00:00+00:00,36787.43,stress,drawdown,1,0.9999999999992149,8.0,2022-01-25T00:00:00+00:00
2022-01-27 00:00:00+00:00,37131.0,stress,drawdown,1,0.9999999999999982,8.0,2022-01-25T00:00:00+00:00
2022-01-28 00:00:00+00:00,37696.21,stress,drawdown,1,0.9999883519522399,8.0,2022-01-25T00:00:00+00:00
2022-01-29 00:00:00+00:00,38150.01,drawdown,bull,3,0.6148235053965676,8.0,2022-01-25T00:00:00+00:00
2022-01-30 00:00:00+00:00,37870.01,bull,drawdown,1,0.6528046754764271,8.0,2022-01-25T00:00:00+00:00
2022-01-31 00:00:00+00:00,38439.04,bull,drawdown,1,0.9999999993269704,8.0,2022-01-25T00:00:00+00:00
2022-02-01 00:00:00+00:00,38680.51,bull,drawdown,1,0.9999999999047091,8.0,2022-01-25T00:00:00+00:00
2022-02-02 00:00:00+00:00,36892.03,bull,drawdown,1,0.9999999999895568,8.0,2022-01-25T00:00:00+00:00
2022-02-03 00:00:00+00:00,37289.86,bull,drawdown,1,0.9999999829888663,8.0,2022-01-25T00:00:00+00:00
2022-02-04 00:00:00+00:00,41550.0,drawdown,bull,3,0.9999348746287097,8.0,2022-01-25T00:00:00+00:00
2022-02-05 00:00:00+00:00,41374.69,drawdown,bull,3,0.9999970089418045,8.0,2022-01-25T00:00:00+00:00
2022-02-06 00:00:00+00:00,42361.35,drawdown,bull,3,0.9999997909317498,8.0,2022-01-25T00:00:00+00:00
2022-02-07 00:00:00+00:00,43829.99,drawdown,bull,3,0.9999352473867014,8.0,2022-01-25T00:00:00+00:00
2022-02-08 00:00:00+00:00,44021.57,drawdown,bull,3,0.9999883210502156,8.0,2022-01-25T00:00:00+00:00
2022-02-09 00:00:00+00:00,44358.08,drawdown,bull,3,0.9999999979190033,8.0,2022-01-25T00:00:00+00:00
2022-02-10 00:00:00+00:00,43471.29,drawdown,bull,3,0.9999999920979654,8.0,2022-01-25T00:00:00+00:00
2022-02-11 00:00:00+00:00,42366.0,bull,stress,4,0.999713055511776,8.0,2022-01-25T00:00:00+00:00
2022-02-12 00:00:00+00:00,42199.87,stress,bull,3,0.9925197228970398,8.0,2022-01-25T00:00:00+00:00
2022-02-13 00:00:00+00:00,42041.13,stress,bull,3,0.999157780873587,8.0,2022-01-25T00:00:00+00:00
2022-02-14 00:00:00+00:00,42525.14,bull,stress,4,0.999999996603969,8.0,2022-01-25T00:00:00+00:00
2022-02-15 00:00:00+00:00,44529.6,bull,stress,4,0.9912402125259674,8.0,2022-01-25T00:00:00+00:00
2022-02-16 00:00:00+00:00,43860.7,bull,stress,4,0.9760740378576827,8.0,2022-01-25T00:00:00+00:00
2022-02-17 00:00:00+00:00,40491.7,stress,bull,3,0.9999509845026929,8.0,2022-01-25T00:00:00+00:00
2022-02-18 00:00:00+00:00,39966.8,stress,bull,3,0.9999999582419878,8.0,2022-01-25T00:00:00+00:00
2022-02-19 00:00:00+00:00,40052.6,stress,bull,3,0.9999999895268985,8.0,2022-01-25T00:00:00+00:00
2022-02-20 00:00:00+00:00,38368.1,stress,bull,3,0.9999999999994102,8.0,2022-01-25T00:00:00+00:00
2022-02-21 00:00:00+00:00,36986.4,stress,bull,3,0.9999960828437029,8.0,2022-01-25T00:00:00+00:00
2022-02-22 00:00:00+00:00,38212.0,stress,bull,3,0.9999999815904241,8.0,2022-01-25T00:00:00+00:00
2022-02-23 00:00:00+00:00,37227.8,stress,bull,3,0.9983818922794728,8.0,2022-01-25T00:00:00+00:00
2022-02-24 00:00:00+00:00,38315.1,bull,drawdown,4,0.9566208850945431,8.0,2022-02-24T00:00:00+00:00
2022-02-25 00:00:00+00:00,39205.4,bull,drawdown,4,0.9994072299919258,8.0,2022-02-24T00:00:00+00:00
2022-02-26 00:00:00+00:00,39099.3,bull,drawdown,4,0.999960701325741,8.0,2022-02-24T00:00:00+00:00
2022-02-27 00:00:00+00:00,37672.0,bull,drawdown,4,0.9518325220112253,8.0,2022-02-24T00:00:00+00:00
2022-02-28 00:00:00+00:00,43155.0,drawdown,recovery,1,0.564531086113589,8.0,2022-02-24T00:00:00+00:00
2022-03-01 00:00:00+00:00,44394.1,recovery,stress,5,0.9607891820176258,8.0,2022-02-24T00:00:00+00:00
2022-03-02 00:00:00+00:00,43885.7,stress,recovery,1,0.93147110580234,8.0,2022-02-24T00:00:00+00:00
2022-03-03 00:00:00+00:00,42449.5,stress,recovery,1,0.9969308267062996,8.0,2022-02-24T00:00:00+00:00
2022-03-04 00:00:00+00:00,39127.7,drawdown,drawdown,4,0.6840512870463281,8.0,2022-02-24T00:00:00+00:00
2022-03-05 00:00:00+00:00,39375.1,drawdown,drawdown,4,0.8119286619107735,8.0,2022-02-24T00:00:00+00:00
2022-03-06 00:00:00+00:00,38401.1,drawdown,drawdown,7,0.9995581008241153,8.0,2022-02-24T00:00:00+00:00
2022-03-07 00:00:00+00:00,37963.8,drawdown,drawdown,4,0.9999994212401392,8.0,2022-02-24T00:00:00+00:00
2022-03-08 00:00:00+00:00,38709.9,drawdown,drawdown,4,0.9999996596307652,8.0,2022-02-24T00:00:00+00:00
2022-03-09 00:00:00+00:00,41937.5,drawdown,drawdown,4,0.9735762658874163,8.0,2022-02-24T00:00:00+00:00
2022-03-10 00:00:00+00:00,39407.2,drawdown,drawdown,4,0.9999996354980094,8.0,2022-02-24T00:00:00+00:00
2022-03-11 00:00:00+00:00,38713.0,drawdown,drawdown,4,0.9999993166646587,8.0,2022-02-24T00:00:00+00:00
2022-03-12 00:00:00+00:00,38792.6,drawdown,drawdown,4,0.9999994694888276,8.0,2022-02-24T00:00:00+00:00
2022-03-13 00:00:00+00:00,37743.7,drawdown,drawdown,4,0.9999955274258154,8.0,2022-02-24T00:00:00+00:00
2022-03-14 00:00:00+00:00,39653.8,drawdown,drawdown,4,0.9990309550469882,8.0,2022-02-24T00:00:00+00:00
2022-03-15 00:00:00+00:00,39271.0,drawdown,drawdown,4,0.9999478627440318,8.0,2022-02-24T00:00:00+00:00
2022-03-16 00:00:00+00:00,41105.8,drawdown,drawdown,4,0.9836528574515926,8.0,2022-02-24T00:00:00+00:00
2022-03-17 00:00:00+00:00,40898.1,drawdown,drawdown,4,0.9999999980279908,8.0,2022-02-24T00:00:00+00:00
2022-03-18 00:00:00+00:00,41751.5,drawdown,drawdown,4,0.99999999956517,8.0,2022-02-24T00:00:00+00:00
2022-03-19 00:00:00+00:00,42188.2,drawdown,drawdown,4,0.999999691147657,8.0,2022-02-24T00:00:00+00:00
2022-03-20 00:00:00+00:00,41261.0,drawdown,drawdown,4,0.9999977704580182,8.0,2022-02-24T00:00:00+00:00
2022-03-21 00:00:00+00:00,40982.0,drawdown,drawdown,4,0.9999996124021676,8.0,2022-02-24T00:00:00+00:00
2022-03-22 00:00:00+00:00,42349.8,drawdown,drawdown,4,0.9999959743290348,8.0,2022-02-24T00:00:00+00:00
2022-03-23 00:00:00+00:00,42867.9,drawdown,drawdown,4,0.9999988190484973,8.0,2022-02-24T00:00:00+00:00
2022-03-24 00:00:00+00:00,43973.4,drawdown,drawdown,4,0.999968567345605,8.0,2022-02-24T00:00:00+00:00
2022-03-25 00:00:00+00:00,44290.6,drawdown,drawdown,4,0.9973427100082369,8.0,2022-02-24T00:00:00+00:00
2022-03-26 00:00:00+00:00,44489.2,drawdown,drawdown,6,0.9999999984713837,8.0,2022-03-26T00:00:00+00:00
2022-03-27 00:00:00+00:00,46820.8,drawdown,drawdown,6,0.9999999960662374,8.0,2022-03-26T00:00:00+00:00
2022-03-28 00:00:00+00:00,47121.9,drawdown,drawdown,6,0.9999999984319246,8.0,2022-03-26T00:00:00+00:00
2022-03-29 00:00:00+00:00,47418.5,drawdown,drawdown,6,0.9999999958980661,8.0,2022-03-26T00:00:00+00:00
2022-03-30 00:00:00+00:00,47053.2,drawdown,recovery,4,0.871236223962229,8.0,2022-03-26T00:00:00+00:00
2022-03-31 00:00:00+00:00,45506.0,recovery,bull,3,0.8594619546993335,8.0,2022-03-26T00:00:00+00:00
2022-04-01 00:00:00+00:00,46266.2,recovery,bull,3,0.7100750062183167,8.0,2022-03-26T00:00:00+00:00
2022-04-02 00:00:00+00:00,45794.6,recovery,bull,3,0.6612903255339055,8.0,2022-03-26T00:00:00+00:00
2022-04-03 00:00:00+00:00,46392.4,recovery,bull,3,0.9988293766429128,8.0,2022-03-26T00:00:00+00:00
2022-04-04 00:00:00+00:00,46580.9,recovery,bull,3,0.9238406503908431,8.0,2022-03-26T00:00:00+00:00
2022-04-05 00:00:00+00:00,45477.4,recovery,bull,3,0.9990473175198247,8.0,2022-03-26T00:00:00+00:00
2022-04-06 00:00:00+00:00,43159.7,recovery,bull,3,0.9595168053753147,8.0,2022-03-26T00:00:00+00:00
2022-04-07 00:00:00+00:00,43417.1,recovery,bull,3,0.9948566012000869,8.0,2022-03-26T00:00:00+00:00
2022-04-08 00:00:00+00:00,42229.2,bull,recovery,4,0.9999762054312534,8.0,2022-03-26T00:00:00+00:00
2022-04-09 00:00:00+00:00,42727.7,bull,recovery,4,0.7211657542404735,8.0,2022-03-26T00:00:00+00:00
2022-04-10 00:00:00+00:00,42140.4,bull,recovery,4,0.8518007545245676,8.0,2022-03-26T00:00:00+00:00
2022-04-11 00:00:00+00:00,39505.6,recovery,drawdown,6,0.5898622011524748,8.0,2022-03-26T00:00:00+00:00
2022-04-12 00:00:00+00:00,40060.7,recovery,drawdown,6,0.993898706320363,8.0,2022-03-26T00:00:00+00:00
2022-04-13 00:00:00+00:00,41129.8,drawdown,recovery,4,0.8272338401131575,8.0,2022-03-26T00:00:00+00:00
2022-04-14 00:00:00+00:00,39915.9,recovery,drawdown,6,0.9194683405574501,8.0,2022-03-26T00:00:00+00:00
2022-04-15 00:00:00+00:00,40529.5,drawdown,recovery,2,0.5297052861824302,8.0,2022-03-26T00:00:00+00:00
2022-04-16 00:00:00+00:00,40361.0,recovery,drawdown,6,0.41663853148615354,8.0,2022-03-26T00:00:00+00:00
2022-04-17 00:00:00+00:00,39649.1,drawdown,recovery,2,0.908941468712522,8.0,2022-03-26T00:00:00+00:00
2022-04-18 00:00:00+00:00,40785.6,drawdown,recovery,4,0.8504632671729117,8.0,2022-03-26T00:00:00+00:00
2022-04-19 00:00:00+00:00,41472.9,drawdown,recovery,4,0.8616091602047717,8.0,2022-03-26T00:00:00+00:00
2022-04-20 00:00:00+00:00,41327.7,drawdown,recovery,4,0.9965129408849741,8.0,2022-03-26T00:00:00+00:00
2022-04-21 00:00:00+00:00,40449.8,drawdown,recovery,4,0.8984601360983004,8.0,2022-03-26T00:00:00+00:00
2022-04-22 00:00:00+00:00,39674.2,drawdown,drawdown,1,0.5296105554357091,8.0,2022-03-26T00:00:00+00:00
2022-04-23 00:00:00+00:00,39415.1,drawdown,drawdown,1,0.9998783946995661,8.0,2022-03-26T00:00:00+00:00
2022-04-24 00:00:00+00:00,39433.4,drawdown,drawdown,1,0.99945608122583,8.0,2022-03-26T00:00:00+00:00
2022-04-25 00:00:00+00:00,40411.0,drawdown,drawdown,2,0.9999993079669217,7.0,2022-04-25T00:00:00+00:00
2022-04-26 00:00:00+00:00,38093.7,drawdown,drawdown,2,0.999704937955688,7.0,2022-04-25T00:00:00+00:00
2022-04-27 00:00:00+00:00,39209.0,drawdown,drawdown,2,0.9508310890287628,7.0,2022-04-25T00:00:00+00:00
2022-04-28 00:00:00+00:00,39732.5,drawdown,drawdown,2,0.9957746492232621,7.0,2022-04-25T00:00:00+00:00
2022-04-29 00:00:00+00:00,38572.2,drawdown,drawdown,2,0.9994696815540774,7.0,2022-04-25T00:00:00+00:00
2022-04-30 00:00:00+00:00,37614.5,drawdown,drawdown,2,0.9998733270270619,7.0,2022-04-25T00:00:00+00:00
2022-05-01 00:00:00+00:00,38440.5,drawdown,drawdown,2,0.9361048322328542,7.0,2022-04-25T00:00:00+00:00
2022-05-02 00:00:00+00:00,38525.6,drawdown,drawdown,2,0.998933316426448,7.0,2022-04-25T00:00:00+00:00
2022-05-03 00:00:00+00:00,37712.9,drawdown,drawdown,2,0.9999794176050513,7.0,2022-04-25T00:00:00+00:00
2022-05-04 00:00:00+00:00,39684.0,drawdown,drawdown,2,0.7118547610251356,7.0,2022-04-25T00:00:00+00:00
2022-05-05 00:00:00+00:00,36534.7,drawdown,drawdown,5,0.7886195560797061,7.0,2022-04-25T00:00:00+00:00
2022-05-06 00:00:00+00:00,35995.3,drawdown,drawdown,2,0.8553066618583559,7.0,2022-04-25T00:00:00+00:00
2022-05-07 00:00:00+00:00,35466.7,drawdown,drawdown,2,0.8316934582097937,7.0,2022-04-25T00:00:00+00:00
2022-05-08 00:00:00+00:00,34032.0,drawdown,drawdown,2,0.9995855951633699,7.0,2022-04-25T00:00:00+00:00
2022-05-09 00:00:00+00:00,30056.6,drawdown,drawdown,2,0.769972617748039,7.0,2022-04-25T00:00:00+00:00
2022-05-10 00:00:00+00:00,31002.1,drawdown,drawdown,5,0.8684421216460648,7.0,2022-04-25T00:00:00+00:00
2022-05-11 00:00:00+00:00,29074.7,drawdown,drawdown,5,0.9979784928313348,7.0,2022-04-25T00:00:00+00:00
2022-05-12 00:00:00+00:00,29020.7,drawdown,drawdown,5,0.9999845850377921,7.0,2022-04-25T00:00:00+00:00
2022-05-13 00:00:00+00:00,29274.3,drawdown,drawdown,5,0.9999999997213855,7.0,2022-04-25T00:00:00+00:00
2022-05-14 00:00:00+00:00,30079.8,drawdown,drawdown,5,0.9999999999917577,7.0,2022-04-25T00:00:00+00:00
2022-05-15 00:00:00+00:00,31324.4,drawdown,drawdown,5,0.9999999999997868,7.0,2022-04-25T00:00:00+00:00
2022-05-16 00:00:00+00:00,29866.7,drawdown,drawdown,5,0.9999906088401511,7.0,2022-04-25T00:00:00+00:00
2022-05-17 00:00:00+00:00,30437.0,drawdown,drawdown,5,0.9997003250110896,7.0,2022-04-25T00:00:00+00:00
2022-05-18 00:00:00+00:00,28700.6,drawdown,drawdown,5,0.9684217571761837,7.0,2022-04-25T00:00:00+00:00
2022-05-19 00:00:00+00:00,30319.9,drawdown,drawdown,2,0.5024522802972583,7.0,2022-04-25T00:00:00+00:00
2022-05-20 00:00:00+00:00,29188.9,drawdown,drawdown,5,0.9942943628946869,7.0,2022-04-25T00:00:00+00:00
2022-05-21 00:00:00+00:00,29427.4,drawdown,drawdown,2,0.9875090252002693,7.0,2022-04-25T00:00:00+00:00
2022-05-22 00:00:00+00:00,30284.0,drawdown,drawdown,2,0.9970019683524068,7.0,2022-04-25T00:00:00+00:00
2022-05-23 00:00:00+00:00,29097.7,drawdown,drawdown,2,0.9979643553834985,7.0,2022-04-25T00:00:00+00:00
2022-05-24 00:00:00+00:00,29643.1,drawdown,drawdown,2,0.9842999260185719,7.0,2022-04-25T00:00:00+00:00
2022-05-25 00:00:00+00:00,29536.7,drawdown,drawdown,6,0.9999998961153632,8.0,2022-05-25T00:00:00+00:00
2022-05-26 00:00:00+00:00,29194.0,drawdown,drawdown,6,0.9999937823878371,8.0,2022-05-25T00:00:00+00:00
2022-05-27 00:00:00+00:00,28623.2,drawdown,drawdown,6,0.9999971863751048,8.0,2022-05-25T00:00:00+00:00
2022-05-28 00:00:00+00:00,29018.8,drawdown,drawdown,6,0.999999978673823,8.0,2022-05-25T00:00:00+00:00
2022-05-29 00:00:00+00:00,29452.8,drawdown,drawdown,6,0.9999999708289011,8.0,2022-05-25T00:00:00+00:00
2022-05-30 00:00:00+00:00,31726.5,drawdown,drawdown,6,0.9999746864533321,8.0,2022-05-25T00:00:00+00:00
2022-05-31 00:00:00+00:00,31797.8,drawdown,drawdown,6,0.9999979320262695,8.0,2022-05-25T00:00:00+00:00
2022-06-01 00:00:00+00:00,29796.9,drawdown,drawdown,6,0.9915469459039441,8.0,2022-05-25T00:00:00+00:00
2022-06-02 00:00:00+00:00,30437.1,drawdown,drawdown,6,0.9997464704341892,8.0,2022-05-25T00:00:00+00:00
2022-06-03 00:00:00+00:00,29682.8,drawdown,drawdown,6,0.9962587055496658,8.0,2022-05-25T00:00:00+00:00
2022-06-04 00:00:00+00:00,29848.4,drawdown,drawdown,6,0.9997826761223223,8.0,2022-05-25T00:00:00+00:00
2022-06-05 00:00:00+00:00,29909.9,drawdown,drawdown,6,0.9963459605216097,8.0,2022-05-25T00:00:00+00:00
2022-06-06 00:00:00+00:00,31361.2,drawdown,stress,3,0.8199800325822416,8.0,2022-05-25T00:00:00+00:00
2022-06-07 00:00:00+00:00,31118.1,drawdown,stress,3,0.8271609658225451,8.0,2022-05-25T00:00:00+00:00
2022-06-08 00:00:00+00:00,30192.5,stress,drawdown,6,0.9424490142125947,8.0,2022-05-25T00:00:00+00:00
2022-06-09 00:00:00+00:00,30093.3,stress,drawdown,6,0.9997390227510744,8.0,2022-05-25T00:00:00+00:00
2022-06-10 00:00:00+00:00,29077.7,stress,drawdown,6,0.9906140667086565,8.0,2022-05-25T00:00:00+00:00
2022-06-11 00:00:00+00:00,28416.7,stress,drawdown,6,0.9827325303935487,8.0,2022-05-25T00:00:00+00:00
2022-06-12 00:00:00+00:00,26564.7,stress,drawdown,1,0.953806774350374,8.0,2022-05-25T00:00:00+00:00
2022-06-13 00:00:00+00:00,22471.5,stress,drawdown,1,0.7490584247598902,8.0,2022-05-25T00:00:00+00:00
2022-06-14 00:00:00+00:00,22122.7,stress,drawdown,1,0.9969373062868279,8.0,2022-05-25T00:00:00+00:00
2022-06-15 00:00:00+00:00,22567.5,stress,drawdown,1,0.9788830568348058,8.0,2022-05-25T00:00:00+00:00
2022-06-16 00:00:00+00:00,20387.4,stress,stress,3,0.9999399424480896,8.0,2022-05-25T00:00:00+00:00
2022-06-17 00:00:00+00:00,20457.3,stress,stress,3,0.8851607814762877,8.0,2022-05-25T00:00:00+00:00
2022-06-18 00:00:00+00:00,18959.7,stress,stress,3,0.9999998447811308,8.0,2022-05-25T00:00:00+00:00
2022-06-19 00:00:00+00:00,20564.2,stress,stress,3,0.9999999329360123,8.0,2022-05-25T00:00:00+00:00
2022-06-20 00:00:00+00:00,20570.1,stress,stress,3,0.9993647577307777,8.0,2022-05-25T00:00:00+00:00
2022-06-21 00:00:00+00:00,20713.1,stress,stress,3,0.9815040241447169,8.0,2022-05-25T00:00:00+00:00
2022-06-22 00:00:00+00:00,19977.4,stress,stress,3,0.6035385031248073,8.0,2022-05-25T00:00:00+00:00
2022-06-23 00:00:00+00:00,21096.6,stress,stress,3,0.9991181046723628,8.0,2022-05-25T00:00:00+00:00
2022-06-24 00:00:00+00:00,21231.2,stress,stress,6,0.9999999997325801,8.0,2022-06-24T00:00:00+00:00
2022-06-25 00:00:00+00:00,21481.9,stress,stress,6,0.999999999994337,8.0,2022-06-24T00:00:00+00:00
2022-06-26 00:00:00+00:00,21029.1,stress,stress,6,0.9999999990516173,8.0,2022-06-24T00:00:00+00:00
2022-06-27 00:00:00+00:00,20730.0,stress,stress,6,0.9999999928720147,8.0,2022-06-24T00:00:00+00:00
2022-06-28 00:00:00+00:00,20268.6,stress,stress,6,0.999999907263346,8.0,2022-06-24T00:00:00+00:00
2022-06-29 00:00:00+00:00,20109.9,stress,stress,6,0.9991466199870538,8.0,2022-06-24T00:00:00+00:00
2022-06-30 00:00:00+00:00,19923.5,stress,stress,6,0.9206681012440708,8.0,2022-06-24T00:00:00+00:00
2022-07-01 00:00:00+00:00,19272.0,stress,stress,6,0.9806066155324541,8.0,2022-06-24T00:00:00+00:00
2022-07-02 00:00:00+00:00,19240.9,stress,stress,6,0.9976936375661527,8.0,2022-06-24T00:00:00+00:00
2022-07-03 00:00:00+00:00,19305.9,stress,stress,6,0.9994760365139295,8.0,2022-06-24T00:00:00+00:00
2022-07-04 00:00:00+00:00,20226.6,stress,stress,6,0.9999820709901891,8.0,2022-06-24T00:00:00+00:00
2022-07-05 00:00:00+00:00,20170.0,stress,stress,6,0.9886186219519975,8.0,2022-06-24T00:00:00+00:00
2022-07-06 00:00:00+00:00,20554.1,stress,stress,6,0.9694770720909134,8.0,2022-06-24T00:00:00+00:00
2022-07-07 00:00:00+00:00,21613.4,stress,stress,6,0.9932511467874918,8.0,2022-06-24T00:00:00+00:00
2022-07-08 00:00:00+00:00,21587.9,stress,drawdown,5,0.9855318785857913,8.0,2022-06-24T00:00:00+00:00
2022-07-09 00:00:00+00:00,21580.0,drawdown,stress,6,0.9961880900743844,8.0,2022-06-24T00:00:00+00:00
2022-07-10 00:00:00+00:00,20853.8,drawdown,stress,6,0.9835909089451568,8.0,2022-06-24T00:00:00+00:00
2022-07-11 00:00:00+00:00,19954.3,drawdown,stress,6,0.9347673688244382,8.0,2022-06-24T00:00:00+00:00
2022-07-12 00:00:00+00:00,19322.9,drawdown,stress,6,0.662345520742535,8.0,2022-06-24T00:00:00+00:00
2022-07-13 00:00:00+00:00,20220.1,stress,bull,0,0.8010404829557121,8.0,2022-06-24T00:00:00+00:00
2022-07-14 00:00:00+00:00,20578.6,bull,drawdown,5,0.9993240843298008,8.0,2022-06-24T00:00:00+00:00
2022-07-15 00:00:00+00:00,20823.1,bull,drawdown,5,0.9975552584859309,8.0,2022-06-24T00:00:00+00:00
2022-07-16 00:00:00+00:00,21183.5,bull,drawdown,5,0.9208168368726325,8.0,2022-06-24T00:00:00+00:00
2022-07-17 00:00:00+00:00,20794.4,bull,drawdown,5,0.9730689675750325,8.0,2022-06-24T00:00:00+00:00
2022-07-18 00:00:00+00:00,22423.9,drawdown,bull,0,0.999999980806898,8.0,2022-06-24T00:00:00+00:00
2022-07-19 00:00:00+00:00,23385.9,drawdown,bull,0,0.9999999826053242,8.0,2022-06-24T00:00:00+00:00
2022-07-20 00:00:00+00:00,23221.5,drawdown,bull,0,0.9917197092061568,8.0,2022-06-24T00:00:00+00:00
2022-07-21 00:00:00+00:00,23144.5,drawdown,bull,0,0.9936852785041228,8.0,2022-06-24T00:00:00+00:00
2022-07-22 00:00:00+00:00,22675.1,drawdown,bull,0,0.8403936667887909,8.0,2022-06-24T00:00:00+00:00
2022-07-23 00:00:00+00:00,22440.2,drawdown,bull,0,0.6838511642094609,8.0,2022-06-24T00:00:00+00:00
2022-07-24 00:00:00+00:00,22570.6,bull,chop,2,0.9999996727080724,8.0,2022-07-24T00:00:00+00:00
2022-07-25 00:00:00+00:00,21300.0,chop,drawdown,5,0.9981871952224967,8.0,2022-07-24T00:00:00+00:00
2022-07-26 00:00:00+00:00,21241.0,chop,drawdown,5,0.9999993503596839,8.0,2022-07-24T00:00:00+00:00
2022-07-27 00:00:00+00:00,22941.1,chop,drawdown,5,0.5667526161354245,8.0,2022-07-24T00:00:00+00:00
2022-07-28 00:00:00+00:00,23836.2,chop,drawdown,5,0.9209648407259442,8.0,2022-07-24T00:00:00+00:00
2022-07-29 00:00:00+00:00,23771.1,chop,drawdown,5,0.975299340088103,8.0,2022-07-24T00:00:00+00:00
2022-07-30 00:00:00+00:00,23629.9,chop,drawdown,5,0.9235564049096823,8.0,2022-07-24T00:00:00+00:00
2022-07-31 00:00:00+00:00,23290.1,chop,drawdown,5,0.7781246683007634,8.0,2022-07-24T00:00:00+00:00
2022-08-01 00:00:00+00:00,23257.6,drawdown,chop,2,0.9461950849622838,8.0,2022-07-24T00:00:00+00:00
2022-08-02 00:00:00+00:00,22975.1,drawdown,chop,2,0.9965583424434497,8.0,2022-07-24T00:00:00+00:00
2022-08-03 00:00:00+00:00,22801.5,chop,drawdown,5,0.9999999932615609,8.0,2022-07-24T00:00:00+00:00
2022-08-04 00:00:00+00:00,22608.9,chop,drawdown,5,0.9999971343158576,8.0,2022-07-24T00:00:00+00:00
2022-08-05 00:00:00+00:00,23298.1,chop,drawdown,5,0.9999998253083727,8.0,2022-07-24T00:00:00+00:00
2022-08-06 00:00:00+00:00,22943.3,chop,drawdown,5,0.9999996472160452,8.0,2022-07-24T00:00:00+00:00
2022-08-07 00:00:00+00:00,23167.8,chop,drawdown,5,0.9999988858138477,8.0,2022-07-24T00:00:00+00:00
2022-08-08 00:00:00+00:00,23804.4,chop,drawdown,5,0.9999993103126383,8.0,2022-07-24T00:00:00+00:00
2022-08-09 00:00:00+00:00,23140.2,chop,drawdown,5,0.999984157063973,8.0,2022-07-24T00:00:00+00:00
2022-08-10 00:00:00+00:00,23940.9,drawdown,chop,2,0.9656483925921346,8.0,2022-07-24T00:00:00+00:00
2022-08-11 00:00:00+00:00,23917.2,drawdown,chop,2,0.9684179832307955,8.0,2022-07-24T00:00:00+00:00
2022-08-12 00:00:00+00:00,24387.5,chop,drawdown,5,0.5466525811490254,8.0,2022-07-24T00:00:00+00:00
2022-08-13 00:00:00+00:00,24429.0,chop,drawdown,5,0.887495996513688,8.0,2022-07-24T00:00:00+00:00
2022-08-14 00:00:00+00:00,24294.1,chop,drawdown,5,0.9392175902556308,8.0,2022-07-24T00:00:00+00:00
2022-08-15 00:00:00+00:00,24085.2,chop,drawdown,5,0.9938746004462611,8.0,2022-07-24T00:00:00+00:00
2022-08-16 00:00:00+00:00,23843.0,chop,drawdown,5,0.9985877864445563,8.0,2022-07-24T00:00:00+00:00
2022-08-17 00:00:00+00:00,23333.1,chop,drawdown,5,0.9999877243162567,8.0,2022-07-24T00:00:00+00:00
2022-08-18 00:00:00+00:00,23185.1,chop,drawdown,5,0.99999725321809,8.0,2022-07-24T00:00:00+00:00
2022-08-19 00:00:00+00:00,20824.9,chop,drawdown,5,0.9999998327435085,8.0,2022-07-24T00:00:00+00:00
2022-08-20 00:00:00+00:00,21127.8,chop,drawdown,5,0.9162597749223775,8.0,2022-07-24T00:00:00+00:00
2022-08-21 00:00:00+00:00,21505.6,drawdown,bull,4,0.5606730714668969,8.0,2022-07-24T00:00:00+00:00
2022-08-22 00:00:00+00:00,21387.0,drawdown,bull,4,0.9112628603219285,8.0,2022-07-24T00:00:00+00:00
2022-08-23 00:00:00+00:00,21518.2,bull,chop,5,0.9997369131292965,8.0,2022-08-23T00:00:00+00:00
2022-08-24 00:00:00+00:00,21354.9,bull,chop,5,0.9991293462259857,8.0,2022-08-23T00:00:00+00:00
2022-08-25 00:00:00+00:00,21548.3,bull,chop,5,0.9989759395050805,8.0,2022-08-23T00:00:00+00:00
2022-08-26 00:00:00+00:00,20228.7,bull,chop,5,0.9998753607358957,8.0,2022-08-23T00:00:00+00:00
2022-08-27 00:00:00+00:00,20023.9,bull,chop,5,0.9996150807977784,8.0,2022-08-23T00:00:00+00:00
2022-08-28 00:00:00+00:00,19547.5,bull,chop,5,0.9972107021972347,8.0,2022-08-23T00:00:00+00:00
2022-08-29 00:00:00+00:00,20275.5,bull,chop,5,0.9944158512465459,8.0,2022-08-23T00:00:00+00:00
2022-08-30 00:00:00+00:00,19803.1,bull,chop,5,0.7942541884564694,8.0,2022-08-23T00:00:00+00:00
2022-08-31 00:00:00+00:00,20041.5,bull,chop,5,0.6861934851208134,8.0,2022-08-23T00:00:00+00:00
2022-09-01 00:00:00+00:00,20122.5,chop,drawdown,2,0.9049000864877449,8.0,2022-08-23T00:00:00+00:00
2022-09-02 00:00:00+00:00,19941.0,chop,drawdown,2,0.688014581876443,8.0,2022-08-23T00:00:00+00:00
2022-09-03 00:00:00+00:00,19820.7,chop,drawdown,2,0.9522147480087287,8.0,2022-08-23T00:00:00+00:00
2022-09-04 00:00:00+00:00,19992.7,chop,drawdown,2,0.558521128060223,8.0,2022-08-23T00:00:00+00:00
2022-09-05 00:00:00+00:00,19784.9,chop,drawdown,2,0.9952530184081582,8.0,2022-08-23T00:00:00+00:00
2022-09-06 00:00:00+00:00,18781.5,chop,drawdown,2,0.5746398861164708,8.0,2022-08-23T00:00:00+00:00
2022-09-07 00:00:00+00:00,19287.0,chop,drawdown,2,0.775243809350369,8.0,2022-08-23T00:00:00+00:00
2022-09-08 00:00:00+00:00,19309.3,chop,drawdown,2,0.9989840989483824,8.0,2022-08-23T00:00:00+00:00
2022-09-09 00:00:00+00:00,21352.0,chop,drawdown,2,0.9877629035335641,8.0,2022-08-23T00:00:00+00:00
2022-09-10 00:00:00+00:00,21639.5,chop,drawdown,2,0.6653566071625299,8.0,2022-08-23T00:00:00+00:00
2022-09-11 00:00:00+00:00,21820.3,chop,drawdown,2,0.7117859520657661,8.0,2022-08-23T00:00:00+00:00
2022-09-12 00:00:00+00:00,22386.0,chop,drawdown,2,0.9819576898124592,8.0,2022-08-23T00:00:00+00:00
2022-09-13 00:00:00+00:00,20162.5,drawdown,chop,5,0.9998077657162894,8.0,2022-08-23T00:00:00+00:00
2022-09-14 00:00:00+00:00,20217.0,drawdown,chop,5,0.9019364713766441,8.0,2022-08-23T00:00:00+00:00
2022-09-15 00:00:00+00:00,19690.8,drawdown,chop,5,0.9729758192143154,8.0,2022-08-23T00:00:00+00:00
2022-09-16 00:00:00+00:00,19792.5,chop,drawdown,2,0.9998710471456749,8.0,2022-08-23T00:00:00+00:00
2022-09-17 00:00:00+00:00,20102.0,chop,drawdown,2,0.9993276630657969,8.0,2022-08-23T00:00:00+00:00
2022-09-18 00:00:00+00:00,19404.5,chop,drawdown,2,0.9969621182359706,8.0,2022-08-23T00:00:00+00:00
2022-09-19 00:00:00+00:00,19528.6,drawdown,stress,4,0.677378840130251,8.0,2022-08-23T00:00:00+00:00
2022-09-20 00:00:00+00:00,18866.8,drawdown,drawdown,2,0.9989443011062908,8.0,2022-08-23T00:00:00+00:00
2022-09-21 00:00:00+00:00,18447.5,drawdown,drawdown,2,0.9946099582253985,8.0,2022-08-23T00:00:00+00:00
2022-09-22 00:00:00+00:00,19392.5,drawdown,drawdown,2,0.7198297552650785,7.0,2022-09-22T00:00:00+00:00
2022-09-23 00:00:00+00:00,19280.7,drawdown,drawdown,1,0.746778778650363,7.0,2022-09-22T00:00:00+00:00
2022-09-24 00:00:00+00:00,18911.0,drawdown,drawdown,2,0.9709096133833254,7.0,2022-09-22T00:00:00+00:00
2022-09-25 00:00:00+00:00,18799.7,drawdown,drawdown,2,0.9788319398588189,7.0,2022-09-22T00:00:00+00:00
2022-09-26 00:00:00+00:00,19216.3,drawdown,drawdown,2,0.9194917084466481,7.0,2022-09-22T00:00:00+00:00
2022-09-27 00:00:00+00:00,19070.1,drawdown,drawdown,1,0.5740059758240885,7.0,2022-09-22T00:00:00+00:00
2022-09-28 00:00:00+00:00,19407.3,drawdown,drawdown,2,0.7899500991175419,7.0,2022-09-22T00:00:00+00:00
2022-09-29 00:00:00+00:00,19582.5,drawdown,drawdown,2,0.90828414194477,7.0,2022-09-22T00:00:00+00:00
2022-09-30 00:00:00+00:00,19411.7,drawdown,drawdown,2,0.802200033618062,7.0,2022-09-22T00:00:00+00:00
2022-10-01 00:00:00+00:00,19304.0,drawdown,drawdown,2,0.9999937993709864,7.0,2022-09-22T00:00:00+00:00
2022-10-02 00:00:00+00:00,19049.4,drawdown,drawdown,2,0.9998893285700364,7.0,2022-09-22T00:00:00+00:00
2022-10-03 00:00:00+00:00,19622.0,drawdown,drawdown,2,0.9996177713951856,7.0,2022-09-22T00:00:00+00:00
2022-10-04 00:00:00+00:00,20333.0,drawdown,drawdown,2,0.9999419900399674,7.0,2022-09-22T00:00:00+00:00
2022-10-05 00:00:00+00:00,20150.0,drawdown,drawdown,2,0.9998311868904146,7.0,2022-09-22T00:00:00+00:00
2022-10-06 00:00:00+00:00,19954.0,drawdown,drawdown,2,0.9998867941668654,7.0,2022-09-22T00:00:00+00:00
2022-10-07 00:00:00+00:00,19520.9,drawdown,drawdown,2,0.9990879571574892,7.0,2022-09-22T00:00:00+00:00
2022-10-08 00:00:00+00:00,19406.2,drawdown,drawdown,2,0.9995869079697406,7.0,2022-09-22T00:00:00+00:00
2022-10-09 00:00:00+00:00,19430.0,drawdown,drawdown,2,0.999650548574483,7.0,2022-09-22T00:00:00+00:00
2022-10-10 00:00:00+00:00,19124.0,drawdown,drawdown,2,0.9993478200802618,7.0,2022-09-22T00:00:00+00:00
2022-10-11 00:00:00+00:00,19055.0,drawdown,drawdown,2,0.9968359359383369,7.0,2022-09-22T00:00:00+00:00
2022-10-12 00:00:00+00:00,19148.0,drawdown,drawdown,2,0.9525800366567373,7.0,2022-09-22T00:00:00+00:00
2022-10-13 00:00:00+00:00,19365.5,drawdown,drawdown,2,0.9999999999586304,7.0,2022-09-22T00:00:00+00:00
2022-10-14 00:00:00+00:00,19164.6,drawdown,drawdown,2,0.9999999984624459,7.0,2022-09-22T00:00:00+00:00
2022-10-15 00:00:00+00:00,19060.4,drawdown,drawdown,2,0.999999999996807,7.0,2022-09-22T00:00:00+00:00
2022-10-16 00:00:00+00:00,19251.9,drawdown,drawdown,2,0.9999999999698597,7.0,2022-09-22T00:00:00+00:00
2022-10-17 00:00:00+00:00,19540.6,drawdown,drawdown,2,0.9999999988888373,7.0,2022-09-22T00:00:00+00:00
2022-10-18 00:00:00+00:00,19320.9,drawdown,drawdown,2,0.9999999999041602,7.0,2022-09-22T00:00:00+00:00
2022-10-19 00:00:00+00:00,19116.7,drawdown,drawdown,2,0.9999999998860369,7.0,2022-09-22T00:00:00+00:00
2022-10-20 00:00:00+00:00,19034.7,drawdown,drawdown,2,0.9999999999926317,7.0,2022-09-22T00:00:00+00:00
2022-10-21 00:00:00+00:00,19150.9,drawdown,drawdown,2,0.9999999999962004,7.0,2022-09-22T00:00:00+00:00
2022-10-22 00:00:00+00:00,19195.1,drawdown,drawdown,1,0.9999999993404307,8.0,2022-10-22T00:00:00+00:00
2022-10-23 00:00:00+00:00,19560.7,drawdown,drawdown,1,0.9999999999993419,8.0,2022-10-22T00:00:00+00:00
2022-10-24 00:00:00+00:00,19318.1,drawdown,drawdown,1,0.9999999999999858,8.0,2022-10-22T00:00:00+00:00
2022-10-25 00:00:00+00:00,20068.3,drawdown,drawdown,1,0.9999999999999982,8.0,2022-10-22T00:00:00+00:00
2022-10-26 00:00:00+00:00,20758.3,drawdown,drawdown,1,0.999999999999968,8.0,2022-10-22T00:00:00+00:00
2022-10-27 00:00:00+00:00,20285.5,drawdown,drawdown,1,1.0,8.0,2022-10-22T00:00:00+00:00
2022-10-28 00:00:00+00:00,20582.8,drawdown,drawdown,1,1.0,8.0,2022-10-22T00:00:00+00:00
2022-10-29 00:00:00+00:00,20796.7,drawdown,drawdown,1,0.9999999999997122,8.0,2022-10-22T00:00:00+00:00
2022-10-30 00:00:00+00:00,20615.6,drawdown,drawdown,1,0.99999999995143,8.0,2022-10-22T00:00:00+00:00
2022-10-31 00:00:00+00:00,20482.0,drawdown,drawdown,1,0.9999999999999671,8.0,2022-10-22T00:00:00+00:00
2022-11-01 00:00:00+00:00,20472.1,drawdown,drawdown,1,0.9999999999998161,8.0,2022-10-22T00:00:00+00:00
2022-11-02 00:00:00+00:00,20140.1,drawdown,drawdown,1,1.0,8.0,2022-10-22T00:00:00+00:00
2022-11-03 00:00:00+00:00,20199.7,drawdown,drawdown,1,0.9999999999999902,8.0,2022-10-22T00:00:00+00:00
2022-11-04 00:00:00+00:00,21137.6,drawdown,drawdown,1,0.9999999999999929,8.0,2022-10-22T00:00:00+00:00
2022-11-05 00:00:00+00:00,21289.9,drawdown,drawdown,1,0.9999999999999689,8.0,2022-10-22T00:00:00+00:00
2022-11-06 00:00:00+00:00,20900.0,drawdown,drawdown,1,0.9999999999996918,8.0,2022-10-22T00:00:00+00:00
2022-11-07 00:00:00+00:00,20578.6,drawdown,drawdown,1,1.0,8.0,2022-10-22T00:00:00+00:00
2022-11-08 00:00:00+00:00,18534.0,drawdown,drawdown,1,0.9999999361273935,8.0,2022-10-22T00:00:00+00:00
2022-11-09 00:00:00+00:00,15905.0,drawdown,drawdown,1,0.994417217317667,8.0,2022-10-22T00:00:00+00:00
2022-11-10 00:00:00+00:00,17588.0,drawdown,chop,6,0.999907490243954,8.0,2022-10-22T00:00:00+00:00
2022-11-11 00:00:00+00:00,17058.3,drawdown,chop,5,0.5811302157985749,8.0,2022-10-22T00:00:00+00:00
2022-11-12 00:00:00+00:00,16806.9,drawdown,chop,5,0.8346865398132949,8.0,2022-10-22T00:00:00+00:00
2022-11-13 00:00:00+00:00,16321.2,drawdown,chop,5,0.9941994426938519,8.0,2022-10-22T00:00:00+00:00
2022-11-14 00:00:00+00:00,16605.2,chop,stress,4,0.986052547820012,8.0,2022-10-22T00:00:00+00:00
2022-11-15 00:00:00+00:00,16888.3,stress,chop,5,0.5766227236892033,8.0,2022-10-22T00:00:00+00:00
2022-11-16 00:00:00+00:00,16650.6,stress,chop,6,0.9993530067632104,8.0,2022-10-22T00:00:00+00:00
2022-11-17 00:00:00+00:00,16682.1,drawdown,drawdown,1,0.9999978419883174,8.0,2022-10-22T00:00:00+00:00
2022-11-18 00:00:00+00:00,16689.7,drawdown,drawdown,1,0.9999999972107751,8.0,2022-10-22T00:00:00+00:00
2022-11-19 00:00:00+00:00,16692.9,drawdown,drawdown,1,0.9999999998271072,8.0,2022-10-22T00:00:00+00:00
2022-11-20 00:00:00+00:00,16272.6,drawdown,drawdown,1,0.9999999997732676,8.0,2022-10-22T00:00:00+00:00
2022-11-21 00:00:00+00:00,15773.0,drawdown,drawdown,3,0.99999998807915,8.0,2022-11-21T00:00:00+00:00
2022-11-22 00:00:00+00:00,16220.6,drawdown,drawdown,3,0.9999999303526923,8.0,2022-11-21T00:00:00+00:00
2022-11-23 00:00:00+00:00,16595.8,drawdown,drawdown,3,0.9999999994179394,8.0,2022-11-21T00:00:00+00:00
2022-11-24 00:00:00+00:00,16592.4,drawdown,drawdown,3,0.9999999997463558,8.0,2022-11-21T00:00:00+00:00
2022-11-25 00:00:00+00:00,16516.1,drawdown,drawdown,3,0.9999999998724363,8.0,2022-11-21T00:00:00+00:00
2022-11-26 00:00:00+00:00,16449.2,drawdown,drawdown,3,0.9999999999869855,8.0,2022-11-21T00:00:00+00:00
2022-11-27 00:00:00+00:00,16422.6,drawdown,drawdown,3,0.9999999999981775,8.0,2022-11-21T00:00:00+00:00
2022-11-28 00:00:00+00:00,16204.5,drawdown,drawdown,3,0.9999999999572466,8.0,2022-11-21T00:00:00+00:00
2022-11-29 00:00:00+00:00,16433.2,drawdown,drawdown,3,0.9999999999972573,8.0,2022-11-21T00:00:00+00:00
2022-11-30 00:00:00+00:00,17153.3,drawdown,drawdown,3,0.9999999999231655,8.0,2022-11-21T00:00:00+00:00
2022-12-01 00:00:00+00:00,16970.5,drawdown,drawdown,3,0.9999999999898765,8.0,2022-11-21T00:00:00+00:00
2022-12-02 00:00:00+00:00,17083.0,drawdown,drawdown,3,0.9999999999987441,8.0,2022-11-21T00:00:00+00:00
2022-12-03 00:00:00+00:00,16879.5,drawdown,drawdown,3,0.9999999999996589,8.0,2022-11-21T00:00:00+00:00
2022-12-04 00:00:00+00:00,17099.5,drawdown,drawdown,3,0.9999999999856257,8.0,2022-11-21T00:00:00+00:00
2022-12-05 00:00:00+00:00,16958.3,drawdown,drawdown,3,0.9999999990974366,8.0,2022-11-21T00:00:00+00:00
2022-12-06 00:00:00+00:00,17078.6,drawdown,drawdown,3,0.9999999999729123,8.0,2022-11-21T00:00:00+00:00
2022-12-07 00:00:00+00:00,16828.0,drawdown,drawdown,3,0.9999999999720028,8.0,2022-11-21T00:00:00+00:00
2022-12-08 00:00:00+00:00,17216.0,drawdown,drawdown,3,0.9999999999943334,8.0,2022-11-21T00:00:00+00:00
2022-12-09 00:00:00+00:00,17122.0,drawdown,drawdown,3,0.9999999999999964,8.0,2022-11-21T00:00:00+00:00
2022-12-10 00:00:00+00:00,17120.0,drawdown,drawdown,3,0.9999999999999982,8.0,2022-11-21T00:00:00+00:00
2022-12-11 00:00:00+00:00,17077.3,drawdown,drawdown,3,1.0,8.0,2022-11-21T00:00:00+00:00
2022-12-12 00:00:00+00:00,17200.0,drawdown,drawdown,3,1.0,8.0,2022-11-21T00:00:00+00:00
2022-12-13 00:00:00+00:00,17777.1,drawdown,drawdown,3,1.0,8.0,2022-11-21T00:00:00+00:00
2022-12-14 00:00:00+00:00,17803.9,drawdown,drawdown,3,1.0,8.0,2022-11-21T00:00:00+00:00
2022-12-15 00:00:00+00:00,17351.8,drawdown,drawdown,3,1.0,8.0,2022-11-21T00:00:00+00:00
2022-12-16 00:00:00+00:00,16624.1,drawdown,drawdown,3,0.999999999999992,8.0,2022-11-21T00:00:00+00:00
2022-12-17 00:00:00+00:00,16768.0,drawdown,drawdown,3,0.9999999999999991,8.0,2022-11-21T00:00:00+00:00
2022-12-18 00:00:00+00:00,16730.3,drawdown,drawdown,3,1.0,8.0,2022-11-21T00:00:00+00:00
2022-12-19 00:00:00+00:00,16429.2,drawdown,drawdown,3,0.9999999999999734,8.0,2022-11-21T00:00:00+00:00
2022-12-20 00:00:00+00:00,16887.2,drawdown,drawdown,3,0.9999999999999991,8.0,2022-11-21T00:00:00+00:00
2022-12-21 00:00:00+00:00,16819.6,drawdown,drawdown,6,0.9997912633729416,8.0,2022-12-21T00:00:00+00:00
2022-12-22 00:00:00+00:00,16815.5,drawdown,drawdown,6,0.9999995451864592,8.0,2022-12-21T00:00:00+00:00
2022-12-23 00:00:00+00:00,16776.4,drawdown,drawdown,6,0.9999999543072838,8.0,2022-12-21T00:00:00+00:00
2022-12-24 00:00:00+00:00,16828.9,drawdown,drawdown,6,0.999999912497245,8.0,2022-12-21T00:00:00+00:00
2022-12-25 00:00:00+00:00,16824.4,drawdown,drawdown,6,0.9999999147435755,8.0,2022-12-21T00:00:00+00:00
2022-12-26 00:00:00+00:00,16912.9,drawdown,drawdown,6,0.9999999919768063,8.0,2022-12-21T00:00:00+00:00
2022-12-27 00:00:00+00:00,16698.2,drawdown,drawdown,6,0.9999999533430757,8.0,2022-12-21T00:00:00+00:00
2022-12-28 00:00:00+00:00,16539.0,drawdown,drawdown,6,0.9999999863737471,8.0,2022-12-21T00:00:00+00:00
2022-12-29 00:00:00+00:00,16630.3,drawdown,drawdown,6,0.9999999830818799,8.0,2022-12-21T00:00:00+00:00
2022-12-30 00:00:00+00:00,16601.2,drawdown,drawdown,6,0.9999999999817453,8.0,2022-12-21T00:00:00+00:00
2022-12-31 00:00:00+00:00,16537.6,drawdown,drawdown,6,0.999999999476624,8.0,2022-12-21T00:00:00+00:00
2023-01-01 00:00:00+00:00,16610.3,drawdown,drawdown,6,0.9999999996879287,8.0,2022-12-21T00:00:00+00:00
2023-01-02 00:00:00+00:00,16666.0,drawdown,drawdown,6,0.9999999994731832,8.0,2022-12-21T00:00:00+00:00
2023-01-03 00:00:00+00:00,16667.2,drawdown,drawdown,6,0.99999999983224,8.0,2022-12-21T00:00:00+00:00
2023-01-04 00:00:00+00:00,16842.1,drawdown,drawdown,6,0.9999999999977192,8.0,2022-12-21T00:00:00+00:00
2023-01-05 00:00:00+00:00,16823.8,drawdown,drawdown,6,0.9999999999777653,8.0,2022-12-21T00:00:00+00:00
2023-01-06 00:00:00+00:00,16943.8,drawdown,drawdown,6,0.9999999999995564,8.0,2022-12-21T00:00:00+00:00
2023-01-07 00:00:00+00:00,16936.5,drawdown,drawdown,6,0.9999999999999378,8.0,2022-12-21T00:00:00+00:00
2023-01-08 00:00:00+00:00,17124.7,drawdown,drawdown,6,0.9999999999999005,8.0,2022-12-21T00:00:00+00:00
2023-01-09 00:00:00+00:00,17169.7,drawdown,drawdown,6,0.9999999999934714,8.0,2022-12-21T00:00:00+00:00
2023-01-10 00:00:00+00:00,17428.8,drawdown,drawdown,6,0.999999999995818,8.0,2022-12-21T00:00:00+00:00
2023-01-11 00:00:00+00:00,17935.7,drawdown,drawdown,6,0.9999999993868589,8.0,2022-12-21T00:00:00+00:00
2023-01-12 00:00:00+00:00,18838.0,drawdown,drawdown,6,0.9999990041156671,8.0,2022-12-21T00:00:00+00:00
2023-01-13 00:00:00+00:00,19924.2,drawdown,drawdown,6,0.9979050402070225,8.0,2022-12-21T00:00:00+00:00
2023-01-14 00:00:00+00:00,20962.8,drawdown,drawdown,6,0.9982085009539591,8.0,2022-12-21T00:00:00+00:00
2023-01-15 00:00:00+00:00,20882.7,drawdown,drawdown,6,0.9911855640962299,8.0,2022-12-21T00:00:00+00:00
2023-01-16 00:00:00+00:00,21188.3,drawdown,drawdown,6,0.9578114660360254,8.0,2022-12-21T00:00:00+00:00
2023-01-17 00:00:00+00:00,21130.9,drawdown,drawdown,6,0.5598518497147591,8.0,2022-12-21T00:00:00+00:00
2023-01-18 00:00:00+00:00,20680.0,drawdown,drawdown,5,0.6014437679803868,8.0,2022-12-21T00:00:00+00:00
2023-01-19 00:00:00+00:00,21068.3,drawdown,drawdown,6,0.9986616745882836,8.0,2022-12-21T00:00:00+00:00
2023-01-20 00:00:00+00:00,22661.1,drawdown,chop,6,1.0,8.0,2023-01-20T00:00:00+00:00
2023-01-21 00:00:00+00:00,22781.9,drawdown,chop,6,0.9999999999998614,8.0,2023-01-20T00:00:00+00:00
2023-01-22 00:00:00+00:00,22704.6,drawdown,chop,6,0.999999999985322,8.0,2023-01-20T00:00:00+00:00
2023-01-23 00:00:00+00:00,22913.1,drawdown,chop,6,0.9999999999692246,8.0,2023-01-20T00:00:00+00:00
2023-01-24 00:00:00+00:00,22627.4,drawdown,chop,6,0.9999999698063768,8.0,2023-01-20T00:00:00+00:00
2023-01-25 00:00:00+00:00,23060.6,drawdown,chop,6,0.9999999384049066,8.0,2023-01-20T00:00:00+00:00
2023-01-26 00:00:00+00:00,23001.9,drawdown,chop,6,0.9999994918867484,8.0,2023-01-20T00:00:00+00:00
2023-01-27 00:00:00+00:00,23068.0,drawdown,chop,6,0.999999020981203,8.0,2023-01-20T00:00:00+00:00
2023-01-28 00:00:00+00:00,23015.9,drawdown,chop,6,0.8103825929747491,8.0,2023-01-20T00:00:00+00:00
2023-01-29 00:00:00+00:00,23740.3,drawdown,chop,6,0.9974376232564993,8.0,2023-01-20T00:00:00+00:00
2023-01-30 00:00:00+00:00,22819.9,drawdown,drawdown,1,0.6133161071691428,8.0,2023-01-20T00:00:00+00:00
2023-01-31 00:00:00+00:00,23119.4,drawdown,drawdown,1,0.9252580870677128,8.0,2023-01-20T00:00:00+00:00
2023-02-01 00:00:00+00:00,23730.0,drawdown,drawdown,1,0.9708121490161511,8.0,2023-01-20T00:00:00+00:00
2023-02-02 00:00:00+00:00,23493.1,drawdown,drawdown,1,0.9830878593427181,8.0,2023-01-20T00:00:00+00:00
2023-02-03 00:00:00+00:00,23424.7,drawdown,drawdown,1,0.9935920304416616,8.0,2023-01-20T00:00:00+00:00
2023-02-04 00:00:00+00:00,23322.6,drawdown,drawdown,1,0.7988058836611096,8.0,2023-01-20T00:00:00+00:00
2023-02-05 00:00:00+00:00,22929.2,drawdown,drawdown,1,0.8347287783100062,8.0,2023-01-20T00:00:00+00:00
2023-02-06 00:00:00+00:00,22757.7,drawdown,drawdown,1,0.9423791931520127,8.0,2023-01-20T00:00:00+00:00
2023-02-07 00:00:00+00:00,23234.1,drawdown,drawdown,1,0.9813557584749105,8.0,2023-01-20T00:00:00+00:00
2023-02-08 00:00:00+00:00,22955.9,drawdown,drawdown,1,0.561968417503317,8.0,2023-01-20T00:00:00+00:00
2023-02-09 00:00:00+00:00,21793.4,drawdown,drawdown,2,0.9918012733610297,8.0,2023-01-20T00:00:00+00:00
2023-02-10 00:00:00+00:00,21618.6,drawdown,drawdown,2,0.6330989635575279,8.0,2023-01-20T00:00:00+00:00
2023-02-11 00:00:00+00:00,21851.3,drawdown,drawdown,1,0.5989580038833685,8.0,2023-01-20T00:00:00+00:00
2023-02-12 00:00:00+00:00,21771.1,drawdown,drawdown,1,0.8445139413580943,8.0,2023-01-20T00:00:00+00:00
2023-02-13 00:00:00+00:00,21766.2,drawdown,drawdown,1,0.9765119628423181,8.0,2023-01-20T00:00:00+00:00
2023-02-14 00:00:00+00:00,22187.4,drawdown,drawdown,1,0.9996026213087561,8.0,2023-01-20T00:00:00+00:00
2023-02-15 00:00:00+00:00,24332.6,drawdown,chop,6,0.9993760609626747,8.0,2023-01-20T00:00:00+00:00
2023-02-16 00:00:00+00:00,23526.6,drawdown,chop,6,0.5143419631247432,8.0,2023-01-20T00:00:00+00:00
2023-02-17 00:00:00+00:00,24581.5,chop,bull,0,0.888808840433422,8.0,2023-01-20T00:00:00+00:00
2023-02-18 00:00:00+00:00,24636.9,chop,bull,0,0.9999617137569526,8.0,2023-01-20T00:00:00+00:00
2023-02-19 00:00:00+00:00,24265.9,chop,bull,3,0.9999999739620925,8.0,2023-02-19T00:00:00+00:00
2023-02-20 00:00:00+00:00,24849.9,chop,bull,3,0.9999983666624085,8.0,2023-02-19T00:00:00+00:00
2023-02-21 00:00:00+00:00,24443.4,chop,bull,3,0.9999606542874144,8.0,2023-02-19T00:00:00+00:00
2023-02-22 00:00:00+00:00,24171.3,chop,bull,3,0.9249845399606352,8.0,2023-02-19T00:00:00+00:00
2023-02-23 00:00:00+00:00,23928.8,chop,bull,3,0.9512758058198292,8.0,2023-02-19T00:00:00+00:00
2023-02-24 00:00:00+00:00,23175.6,bull,drawdown,5,0.5309098028574221,8.0,2023-02-19T00:00:00+00:00
2023-02-25 00:00:00+00:00,23146.2,bull,drawdown,2,0.8646639004348199,8.0,2023-02-19T00:00:00+00:00
2023-02-26 00:00:00+00:00,23545.3,bull,drawdown,2,0.8818029041552493,8.0,2023-02-19T00:00:00+00:00
2023-02-27 00:00:00+00:00,23480.0,drawdown,bull,3,0.7101430912838693,8.0,2023-02-19T00:00:00+00:00
2023-02-28 00:00:00+00:00,23129.6,drawdown,bull,3,0.8689263323589586,8.0,2023-02-19T00:00:00+00:00
2023-03-01 00:00:00+00:00,23619.8,drawdown,bull,3,0.9982723723351211,8.0,2023-02-19T00:00:00+00:00
2023-03-02 00:00:00+00:00,23457.1,drawdown,bull,3,0.995002500309133,8.0,2023-02-19T00:00:00+00:00
2023-03-03 00:00:00+00:00,22342.8,bull,drawdown,2,0.8355779393599225,8.0,2023-02-19T00:00:00+00:00
2023-03-04 00:00:00+00:00,22335.7,bull,drawdown,2,0.9891715171230125,8.0,2023-02-19T00:00:00+00:00
2023-03-05 00:00:00+00:00,22419.4,bull,drawdown,2,0.6066843417078396,8.0,2023-02-19T00:00:00+00:00
2023-03-06 00:00:00+00:00,22397.1,drawdown,bull,3,0.9401479196686059,8.0,2023-02-19T00:00:00+00:00
2023-03-07 00:00:00+00:00,22187.1,drawdown,bull,3,0.9899359713986218,8.0,2023-02-19T00:00:00+00:00
2023-03-08 00:00:00+00:00,21695.4,drawdown,bull,3,0.999315121995306,8.0,2023-02-19T00:00:00+00:00
2023-03-09 00:00:00+00:00,20348.3,bull,drawdown,2,0.9984293103325828,8.0,2023-02-19T00:00:00+00:00
2023-03-10 00:00:00+00:00,20140.3,bull,drawdown,2,0.8384798655898661,8.0,2023-02-19T00:00:00+00:00
2023-03-11 00:00:00+00:00,20447.3,bull,bull,3,0.5756501469807173,8.0,2023-02-19T00:00:00+00:00
2023-03-12 00:00:00+00:00,21986.2,bull,bull,3,0.9334000988545887,8.0,2023-02-19T00:00:00+00:00
2023-03-13 00:00:00+00:00,24119.5,bull,bull,3,0.9999996386677963,8.0,2023-02-19T00:00:00+00:00
2023-03-14 00:00:00+00:00,24682.5,bull,bull,3,0.9999998583338396,8.0,2023-02-19T00:00:00+00:00
2023-03-15 00:00:00+00:00,24288.0,bull,bull,3,0.9982907533938912,8.0,2023-02-19T00:00:00+00:00
2023-03-16 00:00:00+00:00,24990.4,bull,bull,3,0.9999999041838815,8.0,2023-02-19T00:00:00+00:00
2023-03-17 00:00:00+00:00,27384.0,bull,bull,3,0.9999930180358116,8.0,2023-02-19T00:00:00+00:00
2023-03-18 00:00:00+00:00,26907.0,bull,bull,3,0.9999999997535909,8.0,2023-02-19T00:00:00+00:00
2023-03-19 00:00:00+00:00,27955.7,bull,bull,3,1.0,8.0,2023-02-19T00:00:00+00:00
2023-03-20 00:00:00+00:00,27704.1,bull,bull,3,1.0,8.0,2023-02-19T00:00:00+00:00
2023-03-21 00:00:00+00:00,28091.1,bull,bull,1,0.9999999974120248,8.0,2023-03-21T00:00:00+00:00
2023-03-22 00:00:00+00:00,27233.8,bull,bull,1,0.9999964892027957,8.0,2023-03-21T00:00:00+00:00
2023-03-23 00:00:00+00:00,28284.1,bull,bull,1,0.9999999883050777,8.0,2023-03-21T00:00:00+00:00
2023-03-24 00:00:00+00:00,27438.9,bull,bull,1,0.9999999851141333,8.0,2023-03-21T00:00:00+00:00
2023-03-25 00:00:00+00:00,27447.3,bull,bull,1,0.9999999998870415,8.0,2023-03-21T00:00:00+00:00
2023-03-26 00:00:00+00:00,27954.3,bull,bull,1,0.999999999995044,8.0,2023-03-21T00:00:00+00:00
2023-03-27 00:00:00+00:00,27112.0,bull,bull,1,0.9999998945359769,8.0,2023-03-21T00:00:00+00:00
2023-03-28 00:00:00+00:00,27249.7,bull,bull,1,0.9999992215506267,8.0,2023-03-21T00:00:00+00:00
2023-03-29 00:00:00+00:00,28338.5,bull,bull,1,0.9999999805072355,8.0,2023-03-21T00:00:00+00:00
2023-03-30 00:00:00+00:00,28015.0,bull,bull,1,0.9999998103568866,8.0,2023-03-21T00:00:00+00:00
2023-03-31 00:00:00+00:00,28454.9,bull,bull,1,0.9999999411059282,8.0,2023-03-21T00:00:00+00:00
2023-04-01 00:00:00+00:00,28443.8,bull,bull,1,0.999999999512168,8.0,2023-03-21T00:00:00+00:00
2023-04-02 00:00:00+00:00,28161.2,bull,bull,1,0.999999977672575,8.0,2023-03-21T00:00:00+00:00
2023-04-03 00:00:00+00:00,27786.1,bull,chop,6,0.6412401385334945,8.0,2023-03-21T00:00:00+00:00
2023-04-04 00:00:00+00:00,28155.2,chop,bull,1,0.9888368770871142,8.0,2023-03-21T00:00:00+00:00
2023-04-05 00:00:00+00:00,28154.0,bull,chop,6,0.5118067224943652,8.0,2023-03-21T00:00:00+00:00
2023-04-06 00:00:00+00:00,28022.8,chop,bull,1,0.8074564465089086,8.0,2023-03-21T00:00:00+00:00
2023-04-07 00:00:00+00:00,27890.7,chop,bull,1,0.9746360358428101,8.0,2023-03-21T00:00:00+00:00
2023-04-08 00:00:00+00:00,27924.9,chop,bull,1,0.9958110694061099,8.0,2023-03-21T00:00:00+00:00
2023-04-09 00:00:00+00:00,28309.4,chop,bull,1,0.9984419344649472,8.0,2023-03-21T00:00:00+00:00
2023-04-10 00:00:00+00:00,29623.1,chop,bull,1,0.9993930615850148,8.0,2023-03-21T00:00:00+00:00
2023-04-11 00:00:00+00:00,30185.1,chop,bull,1,0.9997529384187783,8.0,2023-03-21T00:00:00+00:00
2023-04-12 00:00:00+00:00,29875.0,chop,bull,1,0.9996624496438503,8.0,2023-03-21T00:00:00+00:00
2023-04-13 00:00:00+00:00,30362.7,chop,bull,1,0.9956269748582437,8.0,2023-03-21T00:00:00+00:00
2023-04-14 00:00:00+00:00,30453.1,chop,bull,1,0.982583017064045,8.0,2023-03-21T00:00:00+00:00
2023-04-15 00:00:00+00:00,30280.4,bull,chop,6,0.5939599054228867,8.0,2023-03-21T00:00:00+00:00
2023-04-16 00:00:00+00:00,30286.6,bull,chop,6,0.9995086053953252,8.0,2023-03-21T00:00:00+00:00
2023-04-17 00:00:00+00:00,29420.0,bull,chop,6,0.9997722650640775,8.0,2023-03-21T00:00:00+00:00
2023-04-18 00:00:00+00:00,30365.8,bull,chop,6,0.9910175996949895,8.0,2023-03-21T00:00:00+00:00
2023-04-19 00:00:00+00:00,28795.1,bull,chop,6,0.8233196244539837,8.0,2023-03-21T00:00:00+00:00
2023-04-20 00:00:00+00:00,28229.9,chop,bull,1,0.9958566283791662,8.0,2023-04-20T00:00:00+00:00
2023-04-21 00:00:00+00:00,27252.5,chop,bull,1,0.988789103115298,8.0,2023-04-20T00:00:00+00:00
2023-04-22 00:00:00+00:00,27807.2,chop,bull,1,0.6990221281608349,8.0,2023-04-20T00:00:00+00:00
2023-04-23 00:00:00+00:00,27576.0,bull,drawdown,0,0.788351940315468,8.0,2023-04-20T00:00:00+00:00
2023-04-24 00:00:00+00:00,27497.5,bull,bull,1,0.5218077486637679,8.0,2023-04-20T00:00:00+00:00
2023-04-25 00:00:00+00:00,28286.7,bull,bull,1,0.8355724757893215,8.0,2023-04-20T00:00:00+00:00
2023-04-26 00:00:00+00:00,28395.9,bull,bull,1,0.9983158721317956,8.0,2023-04-20T00:00:00+00:00
2023-04-27 00:00:00+00:00,29459.0,bull,bull,1,0.9998200734098455,8.0,2023-04-20T00:00:00+00:00
2023-04-28 00:00:00+00:00,29300.0,bull,bull,1,0.9999121160881569,8.0,2023-04-20T00:00:00+00:00
2023-04-29 00:00:00+00:00,29212.7,bull,bull,1,0.9998497128384469,8.0,2023-04-20T00:00:00+00:00
2023-04-30 00:00:00+00:00,29223.0,bull,bull,1,0.999770918097635,8.0,2023-04-20T00:00:00+00:00
2023-05-01 00:00:00+00:00,28054.4,bull,bull,1,0.9878348958809827,8.0,2023-04-20T00:00:00+00:00
2023-05-02 00:00:00+00:00,28656.5,bull,bull,1,0.983541838136312,8.0,2023-04-20T00:00:00+00:00
2023-05-03 00:00:00+00:00,29018.4,bull,bull,1,0.9715270780903003,8.0,2023-04-20T00:00:00+00:00
2023-05-04 00:00:00+00:00,28826.0,bull,bull,1,0.9784730293610671,8.0,2023-04-20T00:00:00+00:00
2023-05-05 00:00:00+00:00,29491.5,bull,bull,1,0.9794486663342092,8.0,2023-04-20T00:00:00+00:00
2023-05-06 00:00:00+00:00,28837.8,bull,bull,1,0.9937103870446199,8.0,2023-04-20T00:00:00+00:00
2023-05-07 00:00:00+00:00,28419.4,bull,bull,1,0.9027685471766623,8.0,2023-04-20T00:00:00+00:00
2023-05-08 00:00:00+00:00,27659.8,bull,bull,1,0.6423796697486458,8.0,2023-04-20T00:00:00+00:00
2023-05-09 00:00:00+00:00,27610.2,bull,bull,1,0.7452993458368098,8.0,2023-04-20T00:00:00+00:00
2023-05-10 00:00:00+00:00,27582.9,bull,drawdown,7,0.7604938770376348,8.0,2023-04-20T00:00:00+00:00
2023-05-11 00:00:00+00:00,26956.4,bull,drawdown,7,0.7184457708844998,8.0,2023-04-20T00:00:00+00:00
2023-05-12 00:00:00+00:00,26785.1,bull,drawdown,7,0.9464182282700969,8.0,2023-04-20T00:00:00+00:00
2023-05-13 00:00:00+00:00,26762.7,bull,drawdown,7,0.6296294139030276,8.0,2023-04-20T00:00:00+00:00
2023-05-14 00:00:00+00:00,26901.9,bull,drawdown,7,0.5313660851486259,8.0,2023-04-20T00:00:00+00:00
2023-05-15 00:00:00+00:00,27152.5,bull,drawdown,7,0.7229083211193492,8.0,2023-04-20T00:00:00+00:00
2023-05-16 00:00:00+00:00,27024.8,bull,drawdown,7,0.6252583220224631,8.0,2023-04-20T00:00:00+00:00
2023-05-17 00:00:00+00:00,27395.8,bull,drawdown,7,0.8382051111391909,8.0,2023-04-20T00:00:00+00:00
2023-05-18 00:00:00+00:00,26809.3,bull,drawdown,7,0.9151549571247739,8.0,2023-04-20T00:00:00+00:00
2023-05-19 00:00:00+00:00,26870.1,bull,drawdown,7,0.8818935049652367,8.0,2023-04-20T00:00:00+00:00
2023-05-20 00:00:00+00:00,27089.5,chop,chop,3,0.9999999989190025,8.0,2023-05-20T00:00:00+00:00
2023-05-21 00:00:00+00:00,26732.8,chop,chop,3,0.9999999998392477,8.0,2023-05-20T00:00:00+00:00
2023-05-22 00:00:00+00:00,26840.2,chop,chop,3,0.9999999999947162,8.0,2023-05-20T00:00:00+00:00
2023-05-23 00:00:00+00:00,27209.9,chop,chop,3,0.9999999999991926,8.0,2023-05-20T00:00:00+00:00
2023-05-24 00:00:00+00:00,26313.8,chop,chop,3,0.9999999993595328,8.0,2023-05-20T00:00:00+00:00
2023-05-25 00:00:00+00:00,26461.8,chop,chop,3,0.9999999999999707,8.0,2023-05-20T00:00:00+00:00
2023-05-26 00:00:00+00:00,26689.9,chop,chop,3,0.9999999999999822,8.0,2023-05-20T00:00:00+00:00
2023-05-27 00:00:00+00:00,26841.6,chop,chop,3,0.9999999999999991,8.0,2023-05-20T00:00:00+00:00
2023-05-28 00:00:00+00:00,28055.7,chop,chop,3,0.9999999963091284,8.0,2023-05-20T00:00:00+00:00
2023-05-29 00:00:00+00:00,27722.0,chop,chop,3,0.9999994883907964,8.0,2023-05-20T00:00:00+00:00
2023-05-30 00:00:00+00:00,27680.1,chop,chop,3,0.999999995776383,8.0,2023-05-20T00:00:00+00:00
2023-05-31 00:00:00+00:00,27201.1,chop,chop,3,0.9999999993777049,8.0,2023-05-20T00:00:00+00:00
2023-06-01 00:00:00+00:00,26805.3,chop,chop,3,0.9999999999744844,8.0,2023-05-20T00:00:00+00:00
2023-06-02 00:00:00+00:00,27227.8,chop,chop,3,0.9999999999681837,8.0,2023-05-20T00:00:00+00:00
2023-06-03 00:00:00+00:00,27054.9,chop,chop,3,0.9999999999998614,8.0,2023-05-20T00:00:00+00:00
2023-06-04 00:00:00+00:00,27102.4,chop,chop,3,0.9999999999999893,8.0,2023-05-20T00:00:00+00:00
2023-06-05 00:00:00+00:00,25714.7,chop,chop,3,0.9999999948909135,8.0,2023-05-20T00:00:00+00:00
2023-06-06 00:00:00+00:00,27221.5,chop,chop,3,0.9737246375699733,8.0,2023-05-20T00:00:00+00:00
2023-06-07 00:00:00+00:00,26325.9,chop,chop,3,0.9880919004465418,8.0,2023-05-20T00:00:00+00:00
2023-06-08 00:00:00+00:00,26485.9,chop,chop,3,0.9999989768608828,8.0,2023-05-20T00:00:00+00:00
2023-06-09 00:00:00+00:00,26468.1,chop,chop,3,0.9999996122900688,8.0,2023-05-20T00:00:00+00:00
2023-06-10 00:00:00+00:00,25826.6,chop,chop,3,0.9999649068033699,8.0,2023-05-20T00:00:00+00:00
2023-06-11 00:00:00+00:00,25909.9,chop,chop,3,0.9999998481505594,8.0,2023-05-20T00:00:00+00:00
2023-06-12 00:00:00+00:00,25894.8,chop,chop,3,0.9999999982568246,8.0,2023-05-20T00:00:00+00:00
2023-06-13 00:00:00+00:00,25918.0,chop,chop,3,0.9999999911355619,8.0,2023-05-20T00:00:00+00:00
2023-06-14 00:00:00+00:00,25115.9,chop,chop,3,0.9999998008547232,8.0,2023-05-20T00:00:00+00:00
2023-06-15 00:00:00+00:00,25586.1,chop,chop,3,0.9999999615746463,8.0,2023-05-20T00:00:00+00:00
2023-06-16 00:00:00+00:00,26336.0,chop,chop,3,0.9999999206440418,8.0,2023-05-20T00:00:00+00:00
2023-06-17 00:00:00+00:00,26508.9,chop,chop,3,0.9999984950216074,8.0,2023-05-20T00:00:00+00:00
2023-06-18 00:00:00+00:00,26329.7,chop,chop,3,0.999998537692038,8.0,2023-05-20T00:00:00+00:00
2023-06-19 00:00:00+00:00,26828.5,chop,chop,6,0.9999145262747992,8.0,2023-06-19T00:00:00+00:00
2023-06-20 00:00:00+00:00,28290.6,chop,chop,6,0.9993762596613222,8.0,2023-06-19T00:00:00+00:00
2023-06-21 00:00:00+00:00,29988.5,chop,bull,7,0.9961303317276624,8.0,2023-06-19T00:00:00+00:00
2023-06-22 00:00:00+00:00,29875.0,chop,bull,7,0.9999981478794445,8.0,2023-06-19T00:00:00+00:00
2023-06-23 00:00:00+00:00,30673.4,chop,bull,7,0.999997060514364,8.0,2023-06-19T00:00:00+00:00
2023-06-24 00:00:00+00:00,30524.2,chop,bull,7,0.9999977761206581,8.0,2023-06-19T00:00:00+00:00
2023-06-25 00:00:00+00:00,30458.0,chop,bull,7,0.9999993053278452,8.0,2023-06-19T00:00:00+00:00
2023-06-26 00:00:00+00:00,30260.1,chop,bull,7,0.9999621033177808,8.0,2023-06-19T00:00:00+00:00
2023-06-27 00:00:00+00:00,30683.2,chop,bull,7,0.9993070315619663,8.0,2023-06-19T00:00:00+00:00
2023-06-28 00:00:00+00:00,30066.3,bull,chop,6,0.7049799952965157,8.0,2023-06-19T00:00:00+00:00
2023-06-29 00:00:00+00:00,30439.9,bull,chop,6,0.8490522528133139,8.0,2023-06-19T00:00:00+00:00
2023-06-30 00:00:00+00:00,30460.2,bull,chop,6,0.9983325723911385,8.0,2023-06-19T00:00:00+00:00
2023-07-01 00:00:00+00:00,30573.6,chop,bull,1,0.873076865540807,8.0,2023-06-19T00:00:00+00:00
2023-07-02 00:00:00+00:00,30612.7,bull,chop,6,0.596031603851424,8.0,2023-06-19T00:00:00+00:00
2023-07-03 00:00:00+00:00,31149.0,bull,chop,6,0.6311633710968368,8.0,2023-06-19T00:00:00+00:00
2023-07-04 00:00:00+00:00,30756.1,chop,bull,1,0.8541609389572958,8.0,2023-06-19T00:00:00+00:00
2023-07-05 00:00:00+00:00,30488.4,chop,chop,6,0.9041008730804687,8.0,2023-06-19T00:00:00+00:00
2023-07-06 00:00:00+00:00,29874.4,chop,chop,6,0.9998679158188375,8.0,2023-06-19T00:00:00+00:00
2023-07-07 00:00:00+00:00,30327.9,chop,chop,6,0.9938169885387802,8.0,2023-06-19T00:00:00+00:00
2023-07-08 00:00:00+00:00,30269.3,chop,chop,6,0.8842648017293065,8.0,2023-06-19T00:00:00+00:00
2023-07-09 00:00:00+00:00,30147.8,chop,chop,6,0.9540198829452594,8.0,2023-06-19T00:00:00+00:00
2023-07-10 00:00:00+00:00,30396.9,chop,chop,6,0.9293938032129361,8.0,2023-06-19T00:00:00+00:00
2023-07-11 00:00:00+00:00,30608.4,chop,chop,6,0.9776671942622803,8.0,2023-06-19T00:00:00+00:00
2023-07-12 00:00:00+00:00,30368.9,chop,chop,6,0.9989750184835878,8.0,2023-06-19T00:00:00+00:00
2023-07-13 00:00:00+00:00,31441.7,chop,chop,6,0.9997008739272729,8.0,2023-06-19T00:00:00+00:00
2023-07-14 00:00:00+00:00,30293.3,chop,chop,6,0.8560110165029724,8.0,2023-06-19T00:00:00+00:00
2023-07-15 00:00:00+00:00,30276.4,chop,chop,6,0.9311071530805052,8.0,2023-06-19T00:00:00+00:00
2023-07-16 00:00:00+00:00,30216.8,chop,chop,6,0.9976288273242604,8.0,2023-06-19T00:00:00+00:00
2023-07-17 00:00:00+00:00,30126.1,chop,chop,6,0.9873601367818972,8.0,2023-06-19T00:00:00+00:00
2023-07-18 00:00:00+00:00,29845.6,chop,chop,6,0.9711320257370946,8.0,2023-06-19T00:00:00+00:00
2023-07-19 00:00:00+00:00,29895.5,chop,bull,2,0.9997703254230077,8.0,2023-07-19T00:00:00+00:00
2023-07-20 00:00:00+00:00,29791.0,chop,bull,2,0.9998130858280622,8.0,2023-07-19T00:00:00+00:00
2023-07-21 00:00:00+00:00,29891.4,bull,chop,3,0.9513809412341698,8.0,2023-07-19T00:00:00+00:00
2023-07-22 00:00:00+00:00,29783.5,bull,chop,3,0.9133706288328038,8.0,2023-07-19T00:00:00+00:00
2023-07-23 00:00:00+00:00,30070.8,bull,chop,3,0.9100139836165284,8.0,2023-07-19T00:00:00+00:00
2023-07-24 00:00:00+00:00,29163.8,chop,bull,2,0.7437334399649833,8.0,2023-07-19T00:00:00+00:00
2023-07-25 00:00:00+00:00,29216.3,chop,bull,2,0.9083703670347147,8.0,2023-07-19T00:00:00+00:00
2023-07-26 00:00:00+00:00,29336.0,chop,bull,2,0.894914772582014,8.0,2023-07-19T00:00:00+00:00
2023-07-27 00:00:00+00:00,29209.7,chop,bull,2,0.798074402328876,8.0,2023-07-19T00:00:00+00:00
2023-07-28 00:00:00+00:00,29299.9,chop,bull,2,0.8343937099792565,8.0,2023-07-19T00:00:00+00:00
2023-07-29 00:00:00+00:00,29339.1,chop,bull,2,0.6957093148510392,8.0,2023-07-19T00:00:00+00:00
2023-07-30 00:00:00+00:00,29271.1,chop,bull,2,0.7587261476323108,8.0,2023-07-19T00:00:00+00:00
2023-07-31 00:00:00+00:00,29220.8,chop,chop,3,0.998548176520006,8.0,2023-07-19T00:00:00+00:00
2023-08-01 00:00:00+00:00,29701.2,chop,chop,3,0.9776038796770004,8.0,2023-07-19T00:00:00+00:00
2023-08-02 00:00:00+00:00,29170.1,chop,chop,3,0.6782713397790678,8.0,2023-07-19T00:00:00+00:00
2023-08-03 00:00:00+00:00,29180.2,chop,chop,3,0.6315397426102622,8.0,2023-07-19T00:00:00+00:00
2023-08-04 00:00:00+00:00,29101.1,chop,chop,3,0.657835136552583,8.0,2023-07-19T00:00:00+00:00
2023-08-05 00:00:00+00:00,29057.7,chop,chop,3,0.9077304319925837,8.0,2023-07-19T00:00:00+00:00
2023-08-06 00:00:00+00:00,29075.9,chop,chop,3,0.9055233625017809,8.0,2023-07-19T00:00:00+00:00
2023-08-07 00:00:00+00:00,29202.7,chop,chop,3,0.8386844982040157,8.0,2023-07-19T00:00:00+00:00
2023-08-08 00:00:00+00:00,29759.0,chop,chop,3,0.9002328943338829,8.0,2023-07-19T00:00:00+00:00
2023-08-09 00:00:00+00:00,29572.8,chop,chop,3,0.9977221922008115,8.0,2023-07-19T00:00:00+00:00
2023-08-10 00:00:00+00:00,29443.7,chop,chop,3,0.9984324914391687,8.0,2023-07-19T00:00:00+00:00
2023-08-11 00:00:00+00:00,29415.5,chop,chop,3,0.9994727637895835,8.0,2023-07-19T00:00:00+00:00
2023-08-12 00:00:00+00:00,29420.7,chop,chop,3,0.9999365143868411,8.0,2023-07-19T00:00:00+00:00
2023-08-13 00:00:00+00:00,29293.3,chop,chop,3,0.999993299268525,8.0,2023-07-19T00:00:00+00:00
2023-08-14 00:00:00+00:00,29419.5,chop,chop,3,0.9999905386844322,8.0,2023-07-19T00:00:00+00:00
2023-08-15 00:00:00+00:00,29188.8,chop,chop,3,0.9999920067974502,8.0,2023-07-19T00:00:00+00:00
2023-08-16 00:00:00+00:00,28714.4,chop,chop,3,0.9999793315120423,8.0,2023-07-19T00:00:00+00:00
2023-08-17 00:00:00+00:00,26609.7,chop,bull,2,0.994504124820103,8.0,2023-07-19T00:00:00+00:00
2023-08-18 00:00:00+00:00,26042.1,bull,stress,0,0.9293338358959949,8.0,2023-08-18T00:00:00+00:00
2023-08-19 00:00:00+00:00,26088.3,bull,stress,0,0.738835426662558,8.0,2023-08-18T00:00:00+00:00
2023-08-20 00:00:00+00:00,26175.9,bull,stress,0,0.879609526684524,8.0,2023-08-18T00:00:00+00:00
2023-08-21 00:00:00+00:00,26115.4,bull,stress,0,0.969437166847631,8.0,2023-08-18T00:00:00+00:00
2023-08-22 00:00:00+00:00,26044.4,bull,stress,0,0.9997750642207588,8.0,2023-08-18T00:00:00+00:00
2023-08-23 00:00:00+00:00,26419.2,bull,stress,0,0.9998751982407165,8.0,2023-08-18T00:00:00+00:00
2023-08-24 00:00:00+00:00,26164.6,bull,stress,0,0.526258710273794,8.0,2023-08-18T00:00:00+00:00
2023-08-25 00:00:00+00:00,26051.7,bull,stress,0,0.8542900298185383,8.0,2023-08-18T00:00:00+00:00
2023-08-26 00:00:00+00:00,26004.3,stress,chop,2,0.9995507643565614,8.0,2023-08-18T00:00:00+00:00
2023-08-27 00:00:00+00:00,26087.7,stress,chop,2,0.9995583568254502,8.0,2023-08-18T00:00:00+00:00
2023-08-28 00:00:00+00:00,26106.5,stress,chop,2,0.9974657480896084,8.0,2023-08-18T00:00:00+00:00
2023-08-29 00:00:00+00:00,27700.1,chop,drawdown,5,0.9799780712139554,8.0,2023-08-18T00:00:00+00:00
2023-08-30 00:00:00+00:00,27290.4,drawdown,chop,2,0.9999855662118965,8.0,2023-08-18T00:00:00+00:00
2023-08-31 00:00:00+00:00,25928.0,chop,stress,0,0.8902320468737808,8.0,2023-08-18T00:00:00+00:00
2023-09-01 00:00:00+00:00,25795.6,chop,chop,2,0.9930611023752118,8.0,2023-08-18T00:00:00+00:00
2023-09-02 00:00:00+00:00,25855.8,chop,chop,2,0.9999264821744366,8.0,2023-08-18T00:00:00+00:00
2023-09-03 00:00:00+00:00,25962.1,chop,chop,2,0.9999909582917493,8.0,2023-08-18T00:00:00+00:00
2023-09-04 00:00:00+00:00,25814.0,chop,chop,2,0.9999950907007128,8.0,2023-08-18T00:00:00+00:00
2023-09-05 00:00:00+00:00,25779.7,chop,chop,2,0.9999913358347993,8.0,2023-08-18T00:00:00+00:00
2023-09-06 00:00:00+00:00,25747.4,chop,chop,2,0.9999727110594872,8.0,2023-08-18T00:00:00+00:00
2023-09-07 00:00:00+00:00,26240.7,chop,chop,2,0.9930246471477084,8.0,2023-08-18T00:00:00+00:00
2023-09-08 00:00:00+00:00,25899.8,chop,chop,2,0.9988559002254993,8.0,2023-08-18T00:00:00+00:00
2023-09-09 00:00:00+00:00,25892.6,chop,chop,2,0.9999984444561002,8.0,2023-08-18T00:00:00+00:00
2023-09-10 00:00:00+00:00,25828.4,chop,chop,2,0.9999728027856377,8.0,2023-08-18T00:00:00+00:00
2023-09-11 00:00:00+00:00,25150.4,chop,chop,2,0.9775273812409417,8.0,2023-08-18T00:00:00+00:00
2023-09-12 00:00:00+00:00,25825.8,chop,chop,2,0.9300807538688483,8.0,2023-08-18T00:00:00+00:00
2023-09-13 00:00:00+00:00,26209.9,chop,chop,2,0.9955186218067592,8.0,2023-08-18T00:00:00+00:00
2023-09-14 00:00:00+00:00,26510.3,chop,chop,2,0.9998417563183168,8.0,2023-08-18T00:00:00+00:00
2023-09-15 00:00:00+00:00,26591.1,chop,chop,2,0.999982067753144,8.0,2023-08-18T00:00:00+00:00
2023-09-16 00:00:00+00:00,26546.9,chop,chop,2,0.9999999999994671,8.0,2023-08-18T00:00:00+00:00
2023-09-17 00:00:00+00:00,26514.2,chop,chop,3,0.9999330404267827,8.0,2023-09-17T00:00:00+00:00
2023-09-18 00:00:00+00:00,26749.9,chop,chop,3,0.9999869004809622,8.0,2023-09-17T00:00:00+00:00
2023-09-19 00:00:00+00:00,27196.0,chop,chop,3,0.9999282189885471,8.0,2023-09-17T00:00:00+00:00
2023-09-20 00:00:00+00:00,27107.7,chop,chop,3,0.9985443882973533,8.0,2023-09-17T00:00:00+00:00
2023-09-21 00:00:00+00:00,26552.6,chop,chop,3,0.999287523003494,8.0,2023-09-17T00:00:00+00:00
2023-09-22 00:00:00+00:00,26566.7,chop,chop,3,0.9997849034713883,8.0,2023-09-17T00:00:00+00:00
2023-09-23 00:00:00+00:00,26563.1,chop,chop,3,0.9999975618342831,8.0,2023-09-17T00:00:00+00:00
2023-09-24 00:00:00+00:00,26232.4,chop,chop,3,0.9997505352350503,8.0,2023-09-17T00:00:00+00:00
2023-09-25 00:00:00+00:00,26290.5,chop,chop,3,0.9996019083776826,8.0,2023-09-17T00:00:00+00:00
2023-09-26 00:00:00+00:00,26208.8,chop,chop,3,0.9986212106759323,8.0,2023-09-17T00:00:00+00:00
2023-09-27 00:00:00+00:00,26359.6,chop,chop,3,0.9994364127937816,8.0,2023-09-17T00:00:00+00:00
2023-09-28 00:00:00+00:00,27011.8,chop,chop,3,0.9999998135261917,8.0,2023-09-17T00:00:00+00:00
2023-09-29 00:00:00+00:00,26890.9,chop,chop,3,0.9999931350948021,8.0,2023-09-17T00:00:00+00:00
2023-09-30 00:00:00+00:00,26950.9,chop,chop,3,0.9998298726822501,8.0,2023-09-17T00:00:00+00:00
2023-10-01 00:00:00+00:00,27981.4,chop,chop,3,0.9995758213097303,8.0,2023-09-17T00:00:00+00:00
2023-10-02 00:00:00+00:00,27477.6,chop,chop,3,0.999991082643367,8.0,2023-09-17T00:00:00+00:00
2023-10-03 00:00:00+00:00,27412.0,chop,chop,3,0.9996107963562179,8.0,2023-09-17T00:00:00+00:00
2023-10-04 00:00:00+00:00,27759.8,chop,chop,3,0.9995878653982927,8.0,2023-09-17T00:00:00+00:00
2023-10-05 00:00:00+00:00,27398.4,chop,chop,3,0.9994614505198954,8.0,2023-09-17T00:00:00+00:00
2023-10-06 00:00:00+00:00,27916.3,chop,chop,3,0.9995144449380298,8.0,2023-09-17T00:00:00+00:00
2023-10-07 00:00:00+00:00,27943.0,chop,chop,3,0.9786716523222648,8.0,2023-09-17T00:00:00+00:00
2023-10-08 00:00:00+00:00,27901.2,chop,chop,3,0.8821296953476433,8.0,2023-09-17T00:00:00+00:00
2023-10-09 00:00:00+00:00,27578.3,chop,chop,3,0.9988289444369072,8.0,2023-09-17T00:00:00+00:00
2023-10-10 00:00:00+00:00,27381.2,chop,chop,3,0.9991010633135439,8.0,2023-09-17T00:00:00+00:00
2023-10-11 00:00:00+00:00,26864.5,chop,chop,3,0.9976585273392667,8.0,2023-09-17T00:00:00+00:00
2023-10-12 00:00:00+00:00,26744.0,chop,chop,3,0.9999213109903421,8.0,2023-09-17T00:00:00+00:00
2023-10-13 00:00:00+00:00,26849.8,chop,chop,3,0.9999485087549683,8.0,2023-09-17T00:00:00+00:00
2023-10-14 00:00:00+00:00,26836.3,chop,chop,3,0.9999945319909693,8.0,2023-09-17T00:00:00+00:00
2023-10-15 00:00:00+00:00,27139.8,chop,chop,3,0.9999593153983592,8.0,2023-09-17T00:00:00+00:00
2023-10-16 00:00:00+00:00,28486.3,chop,chop,3,0.889591087946337,8.0,2023-09-17T00:00:00+00:00
2023-10-17 00:00:00+00:00,28381.9,chop,chop,2,0.9978737849860072,8.0,2023-10-17T00:00:00+00:00
2023-10-18 00:00:00+00:00,28307.1,chop,chop,2,0.9997879360144153,8.0,2023-10-17T00:00:00+00:00
2023-10-19 00:00:00+00:00,28696.9,chop,chop,2,0.9999955203601879,8.0,2023-10-17T00:00:00+00:00
2023-10-20 00:00:00+00:00,29653.0,chop,chop,2,0.7521186312838419,8.0,2023-10-17T00:00:00+00:00
2023-10-21 00:00:00+00:00,29895.4,chop,bull,4,0.7948427757693072,8.0,2023-10-17T00:00:00+00:00
2023-10-22 00:00:00+00:00,29981.5,bull,chop,2,0.8656917071519383,8.0,2023-10-17T00:00:00+00:00
2023-10-23 00:00:00+00:00,33074.0,bull,bull,4,0.9999999999719265,8.0,2023-10-17T00:00:00+00:00
2023-10-24 00:00:00+00:00,33917.0,bull,bull,4,1.0,8.0,2023-10-17T00:00:00+00:00
2023-10-25 00:00:00+00:00,34487.7,bull,bull,4,0.9999999999999964,8.0,2023-10-17T00:00:00+00:00
2023-10-26 00:00:00+00:00,34154.0,bull,bull,4,0.9999999999128164,8.0,2023-10-17T00:00:00+00:00
2023-10-27 00:00:00+00:00,33893.1,bull,bull,4,0.9955247334824335,8.0,2023-10-17T00:00:00+00:00
2023-10-28 00:00:00+00:00,34086.6,bull,bull,6,0.9980150730419378,8.0,2023-10-17T00:00:00+00:00
2023-10-29 00:00:00+00:00,34528.6,bull,bull,6,0.9627309446730244,8.0,2023-10-17T00:00:00+00:00
2023-10-30 00:00:00+00:00,34483.8,bull,bull,6,0.9999994329028405,8.0,2023-10-17T00:00:00+00:00
2023-10-31 00:00:00+00:00,34651.4,bull,bull,6,0.9999996222393509,8.0,2023-10-17T00:00:00+00:00
2023-11-01 00:00:00+00:00,35437.4,bull,bull,6,0.999990798841932,8.0,2023-10-17T00:00:00+00:00
2023-11-02 00:00:00+00:00,34940.1,bull,bull,6,0.9999967687975403,8.0,2023-10-17T00:00:00+00:00
2023-11-03 00:00:00+00:00,34700.4,bull,bull,6,0.9999977909696681,8.0,2023-10-17T00:00:00+00:00
2023-11-04 00:00:00+00:00,35069.7,bull,bull,6,0.9999993466385766,8.0,2023-10-17T00:00:00+00:00
2023-11-05 00:00:00+00:00,35025.5,bull,bull,6,0.9999776732783151,8.0,2023-10-17T00:00:00+00:00
2023-11-06 00:00:00+00:00,35057.4,bull,bull,6,0.9999830924565702,8.0,2023-10-17T00:00:00+00:00
2023-11-07 00:00:00+00:00,35406.5,bull,bull,6,0.9997554885619673,8.0,2023-10-17T00:00:00+00:00
2023-11-08 00:00:00+00:00,35626.7,bull,bull,6,0.9995817861959464,8.0,2023-10-17T00:00:00+00:00
2023-11-09 00:00:00+00:00,36719.5,bull,bull,6,0.992266118465967,8.0,2023-10-17T00:00:00+00:00
2023-11-10 00:00:00+00:00,37330.4,bull,bull,6,0.992864300089252,8.0,2023-10-17T00:00:00+00:00
2023-11-11 00:00:00+00:00,37162.1,bull,bull,6,0.99837892844641,8.0,2023-10-17T00:00:00+00:00
2023-11-12 00:00:00+00:00,37085.5,bull,bull,6,0.9969173500999594,8.0,2023-10-17T00:00:00+00:00
2023-11-13 00:00:00+00:00,36486.2,bull,bull,4,0.8026936185327772,8.0,2023-10-17T00:00:00+00:00
2023-11-14 00:00:00+00:00,35559.0,bull,bull,4,0.9205206057987589,8.0,2023-10-17T00:00:00+00:00
2023-11-15 00:00:00+00:00,37885.6,bull,bull,4,0.9999997989483098,8.0,2023-10-17T00:00:00+00:00
2023-11-16 00:00:00+00:00,36176.0,bull,bull,1,0.9652516469942181,7.0,2023-11-16T00:00:00+00:00
2023-11-17 00:00:00+00:00,36621.9,bull,bull,1,0.9993389215583802,7.0,2023-11-16T00:00:00+00:00
2023-11-18 00:00:00+00:00,36580.9,bull,bull,1,0.9972533460460696,7.0,2023-11-16T00:00:00+00:00
2023-11-19 00:00:00+00:00,37375.9,bull,bull,1,0.9913368605142289,7.0,2023-11-16T00:00:00+00:00
2023-11-20 00:00:00+00:00,37462.5,bull,bull,1,0.9880867504468541,7.0,2023-11-16T00:00:00+00:00
2023-11-21 00:00:00+00:00,35737.0,bull,bull,1,0.999933467757146,7.0,2023-11-16T00:00:00+00:00
2023-11-22 00:00:00+00:00,37413.4,bull,bull,6,0.8619225398014142,7.0,2023-11-16T00:00:00+00:00
2023-11-23 00:00:00+00:00,37294.3,bull,bull,6,0.9250468286966792,7.0,2023-11-16T00:00:00+00:00
2023-11-24 00:00:00+00:00,37706.3,bull,bull,6,0.6415732136869339,7.0,2023-11-16T00:00:00+00:00
2023-11-25 00:00:00+00:00,37766.6,bull,bull,6,0.9995670906907161,7.0,2023-11-16T00:00:00+00:00
2023-11-26 00:00:00+00:00,37437.9,bull,bull,6,0.9828814430022104,7.0,2023-11-16T00:00:00+00:00
2023-11-27 00:00:00+00:00,37234.3,bull,bull,6,0.8305230425936811,7.0,2023-11-16T00:00:00+00:00
2023-11-28 00:00:00+00:00,37812.1,bull,bull,6,0.9997281322891152,7.0,2023-11-16T00:00:00+00:00
2023-11-29 00:00:00+00:00,37837.1,bull,bull,6,0.9999999999999947,7.0,2023-11-16T00:00:00+00:00
2023-11-30 00:00:00+00:00,37716.8,bull,bull,6,0.9999999999999964,7.0,2023-11-16T00:00:00+00:00
2023-12-01 00:00:00+00:00,38660.0,bull,bull,6,0.9999999996695905,7.0,2023-11-16T00:00:00+00:00
2023-12-02 00:00:00+00:00,39435.0,bull,bull,6,0.9999999999794653,7.0,2023-11-16T00:00:00+00:00
2023-12-03 00:00:00+00:00,39979.7,bull,bull,6,0.999999999999666,7.0,2023-11-16T00:00:00+00:00
2023-12-04 00:00:00+00:00,41993.1,bull,bull,6,0.9999638498835087,7.0,2023-11-16T00:00:00+00:00
2023-12-05 00:00:00+00:00,44081.7,bull,bull,6,0.9942193440844508,7.0,2023-11-16T00:00:00+00:00
2023-12-06 00:00:00+00:00,43774.8,bull,bull,6,0.9773235362349377,7.0,2023-11-16T00:00:00+00:00
2023-12-07 00:00:00+00:00,43296.0,bull,bull,6,0.8117103613335542,7.0,2023-11-16T00:00:00+00:00
2023-12-08 00:00:00+00:00,44209.5,bull,bull,6,0.8572552694198096,7.0,2023-11-16T00:00:00+00:00
2023-12-09 00:00:00+00:00,43734.3,bull,bull,1,0.9999182827546743,7.0,2023-11-16T00:00:00+00:00
2023-12-10 00:00:00+00:00,43810.0,bull,bull,1,0.9999999412851235,7.0,2023-11-16T00:00:00+00:00
2023-12-11 00:00:00+00:00,41271.0,bull,bull,1,0.9999997265283885,7.0,2023-11-16T00:00:00+00:00
2023-12-12 00:00:00+00:00,41515.0,bull,bull,1,0.5576514504430754,7.0,2023-11-16T00:00:00+00:00
2023-12-13 00:00:00+00:00,42875.0,bull,bull,1,0.9999822780766844,7.0,2023-11-16T00:00:00+00:00
2023-12-14 00:00:00+00:00,43032.4,bull,bull,1,0.9994650955132057,7.0,2023-11-16T00:00:00+00:00
2023-12-15 00:00:00+00:00,41968.0,bull,bull,6,0.9971580791342073,7.0,2023-11-16T00:00:00+00:00
2023-12-16 00:00:00+00:00,42287.4,bull,bull,3,1.0,8.0,2023-12-16T00:00:00+00:00
2023-12-17 00:00:00+00:00,41396.5,bull,bull,3,1.0,8.0,2023-12-16T00:00:00+00:00
2023-12-18 00:00:00+00:00,42671.7,bull,bull,3,1.0,8.0,2023-12-16T00:00:00+00:00
2023-12-19 00:00:00+00:00,42298.3,bull,bull,3,1.0,8.0,2023-12-16T00:00:00+00:00
2023-12-20 00:00:00+00:00,43708.9,bull,bull,3,1.0,8.0,2023-12-16T00:00:00+00:00
2023-12-21 00:00:00+00:00,43896.3,bull,bull,3,1.0,8.0,2023-12-16T00:00:00+00:00
2023-12-22 00:00:00+00:00,43999.2,bull,bull,3,1.0,8.0,2023-12-16T00:00:00+00:00
2023-12-23 00:00:00+00:00,43725.2,bull,bull,3,1.0,8.0,2023-12-16T00:00:00+00:00
2023-12-24 00:00:00+00:00,43008.4,bull,bull,3,1.0,8.0,2023-12-16T00:00:00+00:00
2023-12-25 00:00:00+00:00,43611.9,bull,bull,3,1.0,8.0,2023-12-16T00:00:00+00:00
2023-12-26 00:00:00+00:00,42538.5,bull,bull,3,1.0,8.0,2023-12-16T00:00:00+00:00
2023-12-27 00:00:00+00:00,43453.8,bull,bull,3,1.0,8.0,2023-12-16T00:00:00+00:00
2023-12-28 00:00:00+00:00,42600.1,bull,bull,3,1.0,8.0,2023-12-16T00:00:00+00:00
2023-12-29 00:00:00+00:00,42095.1,bull,bull,3,1.0,8.0,2023-12-16T00:00:00+00:00
2023-12-30 00:00:00+00:00,42174.2,bull,bull,3,1.0,8.0,2023-12-16T00:00:00+00:00
2023-12-31 00:00:00+00:00,42314.0,bull,bull,3,1.0,8.0,2023-12-16T00:00:00+00:00
2024-01-01 00:00:00+00:00,44230.2,bull,bull,3,1.0,8.0,2023-12-16T00:00:00+00:00
2024-01-02 00:00:00+00:00,44979.8,bull,bull,3,1.0,8.0,2023-12-16T00:00:00+00:00
2024-01-03 00:00:00+00:00,42849.5,bull,bull,3,1.0,8.0,2023-12-16T00:00:00+00:00
2024-01-04 00:00:00+00:00,44143.8,bull,bull,3,1.0,8.0,2023-12-16T00:00:00+00:00
2024-01-05 00:00:00+00:00,44145.4,bull,bull,3,1.0,8.0,2023-12-16T00:00:00+00:00
2024-01-06 00:00:00+00:00,43956.7,bull,bull,3,1.0,8.0,2023-12-16T00:00:00+00:00
2024-01-07 00:00:00+00:00,43916.9,bull,bull,3,1.0,8.0,2023-12-16T00:00:00+00:00
2024-01-08 00:00:00+00:00,46972.7,bull,bull,3,1.0,8.0,2023-12-16T00:00:00+00:00
2024-01-09 00:00:00+00:00,46114.0,bull,bull,3,1.0,8.0,2023-12-16T00:00:00+00:00
2024-01-10 00:00:00+00:00,46662.9,bull,bull,3,1.0,8.0,2023-12-16T00:00:00+00:00
2024-01-11 00:00:00+00:00,46337.8,bull,bull,3,1.0,8.0,2023-12-16T00:00:00+00:00
2024-01-12 00:00:00+00:00,42788.9,bull,bull,3,1.0,8.0,2023-12-16T00:00:00+00:00
2024-01-13 00:00:00+00:00,42846.4,bull,bull,3,1.0,8.0,2023-12-16T00:00:00+00:00
2024-01-14 00:00:00+00:00,41734.9,bull,bull,3,1.0,8.0,2023-12-16T00:00:00+00:00
2024-01-15 00:00:00+00:00,42515.0,bull,bull,3,1.0,8.0,2024-01-15T00:00:00+00:00
2024-01-16 00:00:00+00:00,43133.0,bull,bull,3,1.0,8.0,2024-01-15T00:00:00+00:00
2024-01-17 00:00:00+00:00,42783.4,bull,bull,3,1.0,8.0,2024-01-15T00:00:00+00:00
2024-01-18 00:00:00+00:00,41323.1,bull,bull,3,1.0,8.0,2024-01-15T00:00:00+00:00
2024-01-19 00:00:00+00:00,41662.2,bull,bull,3,0.9999999999999005,8.0,2024-01-15T00:00:00+00:00
2024-01-20 00:00:00+00:00,41691.8,bull,bull,3,1.0,8.0,2024-01-15T00:00:00+00:00
2024-01-21 00:00:00+00:00,41580.0,bull,bull,3,0.99999999999892,8.0,2024-01-15T00:00:00+00:00
2024-01-22 00:00:00+00:00,39567.0,bull,bull,3,0.9991827181287216,8.0,2024-01-15T00:00:00+00:00
2024-01-23 00:00:00+00:00,39890.0,bull,bull,3,0.9833979512852107,8.0,2024-01-15T00:00:00+00:00
2024-01-24 00:00:00+00:00,40078.7,bull,bull,3,0.9999019189852414,8.0,2024-01-15T00:00:00+00:00
2024-01-25 00:00:00+00:00,39953.3,bull,bull,3,0.7035067921765229,8.0,2024-01-15T00:00:00+00:00
2024-01-26 00:00:00+00:00,41806.4,bull,bull,7,0.9999999940037938,8.0,2024-01-15T00:00:00+00:00
2024-01-27 00:00:00+00:00,42102.2,bull,bull,7,0.9921007829736359,8.0,2024-01-15T00:00:00+00:00
2024-01-28 00:00:00+00:00,42021.2,bull,bull,7,0.996173228040406,8.0,2024-01-15T00:00:00+00:00
2024-01-29 00:00:00+00:00,43287.7,bull,bull,7,0.9999845673303064,8.0,2024-01-15T00:00:00+00:00
2024-01-30 00:00:00+00:00,42918.3,bull,bull,7,0.9999999974101854,8.0,2024-01-15T00:00:00+00:00
2024-01-31 00:00:00+00:00,42560.5,bull,bull,7,0.9999999365906904,8.0,2024-01-15T00:00:00+00:00
2024-02-01 00:00:00+00:00,43072.6,bull,bull,7,0.9999990437770012,8.0,2024-01-15T00:00:00+00:00
2024-02-02 00:00:00+00:00,43182.0,bull,bull,7,0.9998474947446057,8.0,2024-01-15T00:00:00+00:00
2024-02-03 00:00:00+00:00,42992.4,bull,bull,7,0.9999734340180504,8.0,2024-01-15T00:00:00+00:00
2024-02-04 00:00:00+00:00,42570.3,bull,bull,7,0.9999339489656975,8.0,2024-01-15T00:00:00+00:00
2024-02-05 00:00:00+00:00,42692.9,bull,bull,7,0.9938867120330638,8.0,2024-01-15T00:00:00+00:00
2024-02-06 00:00:00+00:00,43079.1,bull,bull,7,0.9999360224419509,8.0,2024-01-15T00:00:00+00:00
2024-02-07 00:00:00+00:00,44326.2,bull,bull,7,0.8838636158836916,8.0,2024-01-15T00:00:00+00:00
2024-02-08 00:00:00+00:00,45269.1,bull,bull,7,0.9941525036745396,8.0,2024-01-15T00:00:00+00:00
2024-02-09 00:00:00+00:00,47116.1,bull,bull,7,0.9998936147328221,8.0,2024-01-15T00:00:00+00:00
2024-02-10 00:00:00+00:00,47732.6,bull,bull,7,0.9999781818815282,8.0,2024-01-15T00:00:00+00:00
2024-02-11 00:00:00+00:00,48303.4,bull,bull,7,0.7219695576739041,8.0,2024-01-15T00:00:00+00:00
2024-02-12 00:00:00+00:00,49943.6,bull,bull,7,0.9893645717442799,8.0,2024-01-15T00:00:00+00:00
2024-02-13 00:00:00+00:00,49696.4,bull,bull,7,0.9611319823387888,8.0,2024-01-15T00:00:00+00:00
2024-02-14 00:00:00+00:00,51823.2,bull,bull,6,0.9999985157574863,8.0,2024-02-14T00:00:00+00:00
2024-02-15 00:00:00+00:00,51898.5,bull,bull,6,0.9999939533430389,8.0,2024-02-14T00:00:00+00:00
2024-02-16 00:00:00+00:00,52148.6,bull,bull,6,0.9956111568903666,8.0,2024-02-14T00:00:00+00:00
2024-02-17 00:00:00+00:00,51679.4,bull,bull,6,0.9919378568110464,8.0,2024-02-14T00:00:00+00:00
2024-02-18 00:00:00+00:00,52175.9,bull,bull,6,0.8529260331501843,8.0,2024-02-14T00:00:00+00:00
2024-02-19 00:00:00+00:00,51813.8,bull,bull,6,0.875441267690746,8.0,2024-02-14T00:00:00+00:00
2024-02-20 00:00:00+00:00,52297.4,bull,bull,6,0.7337843372072169,8.0,2024-02-14T00:00:00+00:00
2024-02-21 00:00:00+00:00,51877.8,bull,bull,6,0.9955088615591805,8.0,2024-02-14T00:00:00+00:00
2024-02-22 00:00:00+00:00,51316.9,bull,bull,6,0.9247773651767593,8.0,2024-02-14T00:00:00+00:00
2024-02-23 00:00:00+00:00,50771.9,bull,bull,1,0.5417018139106107,8.0,2024-02-14T00:00:00+00:00
2024-02-24 00:00:00+00:00,51602.1,bull,bull,1,0.9304376928943432,8.0,2024-02-14T00:00:00+00:00
2024-02-25 00:00:00+00:00,51764.9,bull,bull,6,0.659742587608204,8.0,2024-02-14T00:00:00+00:00
2024-02-26 00:00:00+00:00,54511.6,bull,bull,1,0.6391412287836188,8.0,2024-02-14T00:00:00+00:00
2024-02-27 00:00:00+00:00,57074.5,bull,bull,1,0.9974427429003005,8.0,2024-02-14T00:00:00+00:00
2024-02-28 00:00:00+00:00,62487.9,bull,bull,1,0.9665200853342305,8.0,2024-02-14T00:00:00+00:00
2024-02-29 00:00:00+00:00,61203.3,bull,bull,1,0.9977671285528726,8.0,2024-02-14T00:00:00+00:00
2024-03-01 00:00:00+00:00,62430.6,bull,bull,1,0.9999999999992326,8.0,2024-02-14T00:00:00+00:00
2024-03-02 00:00:00+00:00,62039.9,bull,bull,1,1.0,8.0,2024-02-14T00:00:00+00:00
2024-03-03 00:00:00+00:00,63178.5,bull,bull,1,0.9999991080987057,8.0,2024-02-14T00:00:00+00:00
2024-03-04 00:00:00+00:00,68296.4,bull,bull,1,0.9999221216339393,8.0,2024-02-14T00:00:00+00:00
2024-03-05 00:00:00+00:00,63747.4,bull,bull,1,0.9625538964188672,8.0,2024-02-14T00:00:00+00:00
2024-03-06 00:00:00+00:00,66128.1,bull,bull,1,0.9999991724215547,8.0,2024-02-14T00:00:00+00:00
2024-03-07 00:00:00+00:00,66870.0,bull,bull,1,1.0,8.0,2024-02-14T00:00:00+00:00
2024-03-08 00:00:00+00:00,68180.2,bull,bull,1,1.0,8.0,2024-02-14T00:00:00+00:00
2024-03-09 00:00:00+00:00,68360.1,bull,bull,1,1.0,8.0,2024-02-14T00:00:00+00:00
2024-03-10 00:00:00+00:00,69001.8,bull,bull,1,1.0,8.0,2024-02-14T00:00:00+00:00
2024-03-11 00:00:00+00:00,72153.8,bull,bull,1,1.0,8.0,2024-02-14T00:00:00+00:00
2024-03-12 00:00:00+00:00,71503.2,bull,bull,1,1.0,8.0,2024-02-14T00:00:00+00:00
2024-03-13 00:00:00+00:00,73127.6,bull,bull,1,1.0,8.0,2024-02-14T00:00:00+00:00
2024-03-14 00:00:00+00:00,71455.5,bull,bull,1,1.0,8.0,2024-02-14T00:00:00+00:00
2024-03-15 00:00:00+00:00,69552.2,bull,bull,4,1.0,8.0,2024-03-15T00:00:00+00:00
2024-03-16 00:00:00+00:00,65351.0,bull,bull,4,1.0,8.0,2024-03-15T00:00:00+00:00
2024-03-17 00:00:00+00:00,68447.9,bull,bull,4,1.0,8.0,2024-03-15T00:00:00+00:00
2024-03-18 00:00:00+00:00,67660.0,bull,bull,4,1.0,8.0,2024-03-15T00:00:00+00:00
2024-03-19 00:00:00+00:00,61974.1,bull,bull,3,0.999960738754257,8.0,2024-03-15T00:00:00+00:00
2024-03-20 00:00:00+00:00,67876.4,bull,bull,3,1.0,8.0,2024-03-15T00:00:00+00:00
2024-03-21 00:00:00+00:00,65539.9,bull,bull,3,1.0,8.0,2024-03-15T00:00:00+00:00
2024-03-22 00:00:00+00:00,63826.0,bull,bull,3,1.0,8.0,2024-03-15T00:00:00+00:00
2024-03-23 00:00:00+00:00,64020.3,bull,bull,3,1.0,8.0,2024-03-15T00:00:00+00:00
2024-03-24 00:00:00+00:00,67260.9,bull,bull,3,1.0,8.0,2024-03-15T00:00:00+00:00
2024-03-25 00:00:00+00:00,69920.5,bull,bull,3,1.0,8.0,2024-03-15T00:00:00+00:00
2024-03-26 00:00:00+00:00,70044.1,bull,bull,3,1.0,8.0,2024-03-15T00:00:00+00:00
2024-03-27 00:00:00+00:00,69532.6,bull,bull,3,1.0,8.0,2024-03-15T00:00:00+00:00
2024-03-28 00:00:00+00:00,70838.7,bull,bull,3,1.0,8.0,2024-03-15T00:00:00+00:00
2024-03-29 00:00:00+00:00,69903.6,bull,bull,3,1.0,8.0,2024-03-15T00:00:00+00:00
2024-03-30 00:00:00+00:00,69642.1,bull,bull,3,1.0,8.0,2024-03-15T00:00:00+00:00
2024-03-31 00:00:00+00:00,71363.0,bull,bull,4,0.9999995692103671,8.0,2024-03-15T00:00:00+00:00
2024-04-01 00:00:00+00:00,69700.0,bull,bull,4,1.0,8.0,2024-03-15T00:00:00+00:00
2024-04-02 00:00:00+00:00,65505.3,bull,bull,4,0.9999999871836566,8.0,2024-03-15T00:00:00+00:00
2024-04-03 00:00:00+00:00,65971.9,bull,bull,3,1.0,8.0,2024-03-15T00:00:00+00:00
2024-04-04 00:00:00+00:00,68489.9,bull,bull,3,1.0,8.0,2024-03-15T00:00:00+00:00
2024-04-05 00:00:00+00:00,67825.7,bull,bull,3,1.0,8.0,2024-03-15T00:00:00+00:00
2024-04-06 00:00:00+00:00,68901.6,bull,bull,3,1.0,8.0,2024-03-15T00:00:00+00:00
2024-04-07 00:00:00+00:00,69362.7,bull,bull,3,1.0,8.0,2024-03-15T00:00:00+00:00
2024-04-08 00:00:00+00:00,71678.4,bull,bull,3,1.0,8.0,2024-03-15T00:00:00+00:00
2024-04-09 00:00:00+00:00,69189.3,bull,bull,3,1.0,8.0,2024-03-15T00:00:00+00:00
2024-04-10 00:00:00+00:00,70681.7,bull,bull,3,1.0,8.0,2024-03-15T00:00:00+00:00
2024-04-11 00:00:00+00:00,70055.7,bull,bull,3,1.0,8.0,2024-03-15T00:00:00+00:00
2024-04-12 00:00:00+00:00,67136.4,bull,bull,3,1.0,8.0,2024-03-15T00:00:00+00:00
2024-04-13 00:00:00+00:00,63939.7,bull,bull,3,0.9999999999995168,8.0,2024-03-15T00:00:00+00:00
2024-04-14 00:00:00+00:00,65615.9,bull,bull,3,1.0,8.0,2024-04-14T00:00:00+00:00
2024-04-15 00:00:00+00:00,63392.7,bull,bull,3,0.999999999999929,8.0,2024-04-14T00:00:00+00:00
2024-04-16 00:00:00+00:00,63765.0,bull,bull,3,0.9999999999999645,8.0,2024-04-14T00:00:00+00:00
2024-04-17 00:00:00+00:00,61254.5,bull,bull,3,0.999999999958689,8.0,2024-04-14T00:00:00+00:00
2024-04-18 00:00:00+00:00,63445.0,bull,bull,3,0.9999999999997513,8.0,2024-04-14T00:00:00+00:00
2024-04-19 00:00:00+00:00,63787.4,bull,bull,3,1.0,8.0,2024-04-14T00:00:00+00:00
2024-04-20 00:00:00+00:00,64897.2,bull,bull,3,1.0,8.0,2024-04-14T00:00:00+00:00
2024-04-21 00:00:00+00:00,64912.6,bull,bull,3,1.0,8.0,2024-04-14T00:00:00+00:00
2024-04-22 00:00:00+00:00,66778.0,bull,bull,3,0.9999999999999574,8.0,2024-04-14T00:00:00+00:00
2024-04-23 00:00:00+00:00,66386.3,bull,bull,3,1.0,8.0,2024-04-14T00:00:00+00:00
2024-04-24 00:00:00+00:00,64250.0,bull,bull,3,0.999999999924178,8.0,2024-04-14T00:00:00+00:00
2024-04-25 00:00:00+00:00,64478.8,bull,bull,3,0.9999999976251921,8.0,2024-04-14T00:00:00+00:00
2024-04-26 00:00:00+00:00,63748.8,bull,bull,2,0.6956111133183894,8.0,2024-04-14T00:00:00+00:00
2024-04-27 00:00:00+00:00,63421.0,bull,bull,2,0.9997221247428089,8.0,2024-04-14T00:00:00+00:00
2024-04-28 00:00:00+00:00,63088.3,bull,bull,2,0.999972327836881,8.0,2024-04-14T00:00:00+00:00
2024-04-29 00:00:00+00:00,63842.4,bull,bull,2,0.9999999939222217,8.0,2024-04-14T00:00:00+00:00
2024-04-30 00:00:00+00:00,60651.2,bull,bull,5,0.6606952278168704,8.0,2024-04-14T00:00:00+00:00
2024-05-01 00:00:00+00:00,58307.6,bull,bull,5,0.9966318094209414,8.0,2024-04-14T00:00:00+00:00
2024-05-02 00:00:00+00:00,59036.7,bull,bull,2,0.9888809097613144,8.0,2024-04-14T00:00:00+00:00
2024-05-03 00:00:00+00:00,62853.7,bull,bull,2,0.6256343696691851,8.0,2024-04-14T00:00:00+00:00
2024-05-04 00:00:00+00:00,63864.2,bull,bull,2,0.5963257993763278,8.0,2024-04-14T00:00:00+00:00
2024-05-05 00:00:00+00:00,63988.0,bull,bull,2,0.6474410313820568,8.0,2024-04-14T00:00:00+00:00
2024-05-06 00:00:00+00:00,63142.8,bull,stress,7,0.8646415476443333,8.0,2024-04-14T00:00:00+00:00
2024-05-07 00:00:00+00:00,62296.0,stress,bull,2,0.9862488865861574,8.0,2024-04-14T00:00:00+00:00
2024-05-08 00:00:00+00:00,61157.9,stress,bull,2,0.9732346736927799,8.0,2024-04-14T00:00:00+00:00
2024-05-09 00:00:00+00:00,63050.1,stress,bull,2,0.881075196796093,8.0,2024-04-14T00:00:00+00:00
2024-05-10 00:00:00+00:00,60778.1,stress,bull,5,0.7181856628333042,8.0,2024-04-14T00:00:00+00:00
2024-05-11 00:00:00+00:00,60809.2,bull,chop,1,0.6504876119595657,8.0,2024-04-14T00:00:00+00:00
2024-05-12 00:00:00+00:00,61455.8,chop,bull,2,0.8024033249083962,8.0,2024-04-14T00:00:00+00:00
2024-05-13 00:00:00+00:00,62912.1,bull,stress,7,0.5603293199922036,8.0,2024-04-14T00:00:00+00:00
2024-05-14 00:00:00+00:00,61550.5,stress,chop,5,0.9725830071914543,7.0,2024-05-14T00:00:00+00:00
2024-05-15 00:00:00+00:00,66175.4,chop,stress,2,0.9133463386811119,7.0,2024-05-14T00:00:00+00:00
2024-05-16 00:00:00+00:00,65217.7,chop,stress,2,0.9081924317691749,7.0,2024-05-14T00:00:00+00:00
2024-05-17 00:00:00+00:00,66980.0,chop,stress,2,0.5167933274078906,7.0,2024-05-14T00:00:00+00:00
2024-05-18 00:00:00+00:00,66884.9,chop,stress,2,0.8409617885938718,7.0,2024-05-14T00:00:00+00:00
2024-05-19 00:00:00+00:00,66239.4,chop,stress,2,0.7072520181876724,7.0,2024-05-14T00:00:00+00:00
2024-05-20 00:00:00+00:00,71466.5,chop,stress,2,0.7473805652662928,7.0,2024-05-14T00:00:00+00:00
2024-05-21 00:00:00+00:00,70168.8,stress,bull,6,0.7081269363490282,7.0,2024-05-14T00:00:00+00:00
2024-05-22 00:00:00+00:00,69219.1,stress,bull,0,0.7689226461534383,7.0,2024-05-14T00:00:00+00:00
2024-05-23 00:00:00+00:00,67999.9,bull,chop,4,0.5428922367535914,7.0,2024-05-14T00:00:00+00:00
2024-05-24 00:00:00+00:00,68584.1,bull,chop,4,0.5585496021861923,7.0,2024-05-14T00:00:00+00:00
2024-05-25 00:00:00+00:00,69314.4,bull,bull,6,0.831205237234438,7.0,2024-05-14T00:00:00+00:00
2024-05-26 00:00:00+00:00,68524.3,bull,bull,6,0.8384339650978078,7.0,2024-05-14T00:00:00+00:00
2024-05-27 00:00:00+00:00,69461.6,bull,bull,0,0.9999470794494615,7.0,2024-05-14T00:00:00+00:00
2024-05-28 00:00:00+00:00,68440.5,bull,bull,0,0.9993139933142412,7.0,2024-05-14T00:00:00+00:00
2024-05-29 00:00:00+00:00,67686.7,bull,bull,0,0.9997323080815198,7.0,2024-05-14T00:00:00+00:00
2024-05-30 00:00:00+00:00,68402.5,bull,bull,0,0.9998467860594192,7.0,2024-05-14T00:00:00+00:00
2024-05-31 00:00:00+00:00,67577.9,bull,bull,0,0.9378257758192803,7.0,2024-05-14T00:00:00+00:00
2024-06-01 00:00:00+00:00,67799.2,bull,bull,0,0.9992610788095272,7.0,2024-05-14T00:00:00+00:00
2024-06-02 00:00:00+00:00,67805.9,bull,bull,0,0.9998837087077176,7.0,2024-05-14T00:00:00+00:00
2024-06-03 00:00:00+00:00,68851.4,bull,bull,0,0.9985141913906704,7.0,2024-05-14T00:00:00+00:00
2024-06-04 00:00:00+00:00,70580.0,bull,bull,0,0.9994609547856651,7.0,2024-05-14T00:00:00+00:00
2024-06-05 00:00:00+00:00,71133.3,bull,bull,0,0.9999235999656262,7.0,2024-05-14T00:00:00+00:00
2024-06-06 00:00:00+00:00,70830.0,bull,bull,0,0.9999150998585692,7.0,2024-05-14T00:00:00+00:00
2024-06-07 00:00:00+00:00,69377.0,bull,bull,0,0.9960773846811176,7.0,2024-05-14T00:00:00+00:00
2024-06-08 00:00:00+00:00,69346.5,bull,bull,0,0.9999821526459018,7.0,2024-05-14T00:00:00+00:00
2024-06-09 00:00:00+00:00,69667.1,bull,bull,0,0.9987887949900763,7.0,2024-05-14T00:00:00+00:00
2024-06-10 00:00:00+00:00,69558.7,bull,bull,0,0.9950318815221304,7.0,2024-05-14T00:00:00+00:00
2024-06-11 00:00:00+00:00,67320.7,bull,bull,0,0.9794071223223457,7.0,2024-05-14T00:00:00+00:00
2024-06-12 00:00:00+00:00,68270.3,bull,bull,0,0.9963535254421138,7.0,2024-05-14T00:00:00+00:00
2024-06-13 00:00:00+00:00,66786.9,bull,chop,3,0.9999791345689768,7.0,2024-06-13T00:00:00+00:00
2024-06-14 00:00:00+00:00,66039.7,bull,chop,3,0.9988754695958028,7.0,2024-06-13T00:00:00+00:00
2024-06-15 00:00:00+00:00,66213.7,bull,chop,3,0.9999893203680226,7.0,2024-06-13T00:00:00+00:00
2024-06-16 00:00:00+00:00,66653.6,bull,chop,3,0.9998907947767699,7.0,2024-06-13T00:00:00+00:00
2024-06-17 00:00:00+00:00,66472.1,bull,chop,3,0.9924377736175947,7.0,2024-06-13T00:00:00+00:00
2024-06-18 00:00:00+00:00,65150.0,bull,chop,3,0.9883149921087956,7.0,2024-06-13T00:00:00+00:00
2024-06-19 00:00:00+00:00,64933.6,bull,chop,3,0.9006755534474519,7.0,2024-06-13T00:00:00+00:00
2024-06-20 00:00:00+00:00,64854.0,bull,chop,3,0.9672530068012571,7.0,2024-06-13T00:00:00+00:00
2024-06-21 00:00:00+00:00,64124.0,bull,chop,3,0.9821602298546799,7.0,2024-06-13T00:00:00+00:00
2024-06-22 00:00:00+00:00,64240.0,bull,chop,3,0.999489947260731,7.0,2024-06-13T00:00:00+00:00
2024-06-23 00:00:00+00:00,63194.9,bull,chop,3,0.9878404986870408,7.0,2024-06-13T00:00:00+00:00
2024-06-24 00:00:00+00:00,60273.6,chop,stress,7,0.99987530011131,7.0,2024-06-13T00:00:00+00:00
2024-06-25 00:00:00+00:00,61777.8,chop,stress,7,0.9920467363804879,7.0,2024-06-13T00:00:00+00:00
2024-06-26 00:00:00+00:00,60860.1,chop,stress,7,0.9784183147522515,7.0,2024-06-13T00:00:00+00:00
2024-06-27 00:00:00+00:00,61682.0,chop,stress,7,0.9517181792830949,7.0,2024-06-13T00:00:00+00:00
2024-06-28 00:00:00+00:00,60429.8,chop,stress,7,0.9260045556696767,7.0,2024-06-13T00:00:00+00:00
2024-06-29 00:00:00+00:00,60982.4,chop,stress,7,0.8157082794881361,7.0,2024-06-13T00:00:00+00:00
2024-06-30 00:00:00+00:00,62766.0,chop,stress,7,0.6431926370923298,7.0,2024-06-13T00:00:00+00:00
2024-07-01 00:00:00+00:00,62883.6,stress,chop,3,0.9982628750246393,7.0,2024-06-13T00:00:00+00:00
2024-07-02 00:00:00+00:00,62123.6,stress,chop,3,0.9982102797800745,7.0,2024-06-13T00:00:00+00:00
2024-07-03 00:00:00+00:00,60208.0,stress,chop,3,0.7194245854782725,7.0,2024-06-13T00:00:00+00:00
2024-07-04 00:00:00+00:00,57045.9,chop,stress,7,0.9997469377813177,7.0,2024-06-13T00:00:00+00:00
2024-07-05 00:00:00+00:00,56604.9,chop,stress,7,0.9999415709192246,7.0,2024-06-13T00:00:00+00:00
2024-07-06 00:00:00+00:00,58216.0,chop,stress,7,0.999572816744767,7.0,2024-06-13T00:00:00+00:00
2024-07-07 00:00:00+00:00,55830.9,chop,stress,7,0.9966603154875959,7.0,2024-06-13T00:00:00+00:00
2024-07-08 00:00:00+00:00,56686.4,chop,stress,7,0.9904567330160555,7.0,2024-06-13T00:00:00+00:00
2024-07-09 00:00:00+00:00,58023.2,chop,stress,7,0.9898722187749629,7.0,2024-06-13T00:00:00+00:00
2024-07-10 00:00:00+00:00,57707.0,chop,stress,7,0.8447847011699678,7.0,2024-06-13T00:00:00+00:00
2024-07-11 00:00:00+00:00,57315.5,stress,bull,6,0.647995221787968,7.0,2024-06-13T00:00:00+00:00
2024-07-12 00:00:00+00:00,57870.0,stress,bull,6,0.5433537796884732,7.0,2024-06-13T00:00:00+00:00
2024-07-13 00:00:00+00:00,59174.0,bull,stress,3,0.9797002615357272,7.0,2024-07-13T00:00:00+00:00
2024-07-14 00:00:00+00:00,60766.0,bull,stress,3,0.8945950297816792,7.0,2024-07-13T00:00:00+00:00
2024-07-15 00:00:00+00:00,64680.6,bull,stress,3,0.8507757192361509,7.0,2024-07-13T00:00:00+00:00
2024-07-16 00:00:00+00:00,65010.0,stress,recovery,2,0.9352650085670255,7.0,2024-07-13T00:00:00+00:00
2024-07-17 00:00:00+00:00,64055.7,stress,recovery,2,0.940979586839861,7.0,2024-07-13T00:00:00+00:00
2024-07-18 00:00:00+00:00,63959.9,stress,recovery,2,0.9470504968540119,7.0,2024-07-13T00:00:00+00:00
2024-07-19 00:00:00+00:00,66627.9,recovery,chop,0,0.870352529297437,7.0,2024-07-13T00:00:00+00:00
2024-07-20 00:00:00+00:00,67095.6,recovery,recovery,2,0.9761370337507296,7.0,2024-07-13T00:00:00+00:00
2024-07-21 00:00:00+00:00,68138.0,recovery,recovery,2,0.4253030862832458,7.0,2024-07-13T00:00:00+00:00
2024-07-22 00:00:00+00:00,67499.2,recovery,recovery,2,0.8214864086644891,7.0,2024-07-13T00:00:00+00:00
2024-07-23 00:00:00+00:00,65916.4,recovery,recovery,2,0.9849150891772086,7.0,2024-07-13T00:00:00+00:00
2024-07-24 00:00:00+00:00,65350.8,recovery,recovery,2,0.9999523880220789,7.0,2024-07-13T00:00:00+00:00
2024-07-25 00:00:00+00:00,65773.0,recovery,recovery,2,0.9998883213963125,7.0,2024-07-13T00:00:00+00:00
2024-07-26 00:00:00+00:00,67882.5,recovery,recovery,2,0.9999663470278717,7.0,2024-07-13T00:00:00+00:00
2024-07-27 00:00:00+00:00,67873.8,recovery,recovery,2,0.998808863372374,7.0,2024-07-13T00:00:00+00:00
2024-07-28 00:00:00+00:00,68215.5,recovery,recovery,2,0.9999999749877947,7.0,2024-07-13T00:00:00+00:00
2024-07-29 00:00:00+00:00,66750.0,recovery,recovery,2,0.9997404583981427,7.0,2024-07-13T00:00:00+00:00
2024-07-30 00:00:00+00:00,66159.3,recovery,recovery,2,0.9990242399549946,7.0,2024-07-13T00:00:00+00:00
2024-07-31 00:00:00+00:00,64601.8,recovery,recovery,2,0.9909374870725857,7.0,2024-07-13T00:00:00+00:00
2024-08-01 00:00:00+00:00,65328.9,recovery,recovery,2,0.9869112724886497,7.0,2024-07-13T00:00:00+00:00
2024-08-02 00:00:00+00:00,61483.7,recovery,recovery,2,0.9056736540264604,7.0,2024-07-13T00:00:00+00:00
2024-08-03 00:00:00+00:00,60684.6,recovery,recovery,2,0.9997502321842451,7.0,2024-07-13T00:00:00+00:00
2024-08-04 00:00:00+00:00,58144.5,stress,stress,3,0.8765893149217944,7.0,2024-07-13T00:00:00+00:00
2024-08-05 00:00:00+00:00,54003.1,stress,stress,3,0.9999999994136637,7.0,2024-07-13T00:00:00+00:00
2024-08-06 00:00:00+00:00,55991.2,stress,stress,3,0.999999906260979,7.0,2024-07-13T00:00:00+00:00
2024-08-07 00:00:00+00:00,55102.9,stress,stress,3,0.9999999824689106,7.0,2024-07-13T00:00:00+00:00
2024-08-08 00:00:00+00:00,61659.8,stress,stress,3,1.0,7.0,2024-07-13T00:00:00+00:00
2024-08-09 00:00:00+00:00,60808.6,stress,stress,3,0.999030667493863,7.0,2024-07-13T00:00:00+00:00
2024-08-10 00:00:00+00:00,60889.9,stress,stress,3,0.9976408542858862,7.0,2024-07-13T00:00:00+00:00
2024-08-11 00:00:00+00:00,58693.1,stress,stress,3,0.997061260668551,7.0,2024-07-13T00:00:00+00:00
2024-08-12 00:00:00+00:00,59323.6,stress,stress,3,0.9999722370014624,8.0,2024-08-12T00:00:00+00:00
2024-08-13 00:00:00+00:00,60550.5,stress,stress,3,0.9999927260610518,8.0,2024-08-12T00:00:00+00:00
2024-08-14 00:00:00+00:00,58648.1,stress,stress,3,0.9999889903333934,8.0,2024-08-12T00:00:00+00:00
2024-08-15 00:00:00+00:00,57511.0,stress,stress,3,0.9999957788219146,8.0,2024-08-12T00:00:00+00:00
2024-08-16 00:00:00+00:00,58854.9,stress,stress,3,0.9999999020099372,8.0,2024-08-12T00:00:00+00:00
2024-08-17 00:00:00+00:00,59468.5,stress,stress,3,0.9999751084679707,8.0,2024-08-12T00:00:00+00:00
2024-08-18 00:00:00+00:00,58390.0,stress,stress,3,0.9997836690911601,8.0,2024-08-12T00:00:00+00:00
2024-08-19 00:00:00+00:00,59398.5,stress,stress,3,0.9999283775674315,8.0,2024-08-12T00:00:00+00:00
2024-08-20 00:00:00+00:00,58982.9,stress,stress,3,0.9985856041737198,8.0,2024-08-12T00:00:00+00:00
2024-08-21 00:00:00+00:00,61120.0,stress,stress,3,0.9999992012501081,8.0,2024-08-12T00:00:00+00:00
2024-08-22 00:00:00+00:00,60349.9,stress,stress,3,0.9999999979887733,8.0,2024-08-12T00:00:00+00:00
2024-08-23 00:00:00+00:00,64019.9,stress,stress,3,0.9999999993454338,8.0,2024-08-12T00:00:00+00:00
2024-08-24 00:00:00+00:00,64116.5,stress,stress,3,0.999999967295978,8.0,2024-08-12T00:00:00+00:00
2024-08-25 00:00:00+00:00,64190.2,stress,stress,3,0.9999999999940457,8.0,2024-08-12T00:00:00+00:00
2024-08-26 00:00:00+00:00,62807.6,stress,stress,3,0.9999999999978062,8.0,2024-08-12T00:00:00+00:00
2024-08-27 00:00:00+00:00,59384.5,stress,stress,3,1.0,8.0,2024-08-12T00:00:00+00:00
2024-08-28 00:00:00+00:00,59010.0,stress,stress,3,0.9999999999999964,8.0,2024-08-12T00:00:00+00:00
2024-08-29 00:00:00+00:00,59323.2,stress,stress,3,0.9999999999999991,8.0,2024-08-12T00:00:00+00:00
2024-08-30 00:00:00+00:00,59096.3,stress,stress,3,0.9999999999999218,8.0,2024-08-12T00:00:00+00:00
2024-08-31 00:00:00+00:00,58941.9,stress,stress,3,0.9999999999999858,8.0,2024-08-12T00:00:00+00:00
2024-09-01 00:00:00+00:00,57268.1,stress,stress,3,0.9999999999998064,8.0,2024-08-12T00:00:00+00:00
2024-09-02 00:00:00+00:00,59112.1,stress,stress,3,0.9999999999999982,8.0,2024-08-12T00:00:00+00:00
2024-09-03 00:00:00+00:00,57451.9,stress,stress,3,1.0,8.0,2024-08-12T00:00:00+00:00
2024-09-04 00:00:00+00:00,57944.8,stress,stress,3,0.9999999999997229,8.0,2024-08-12T00:00:00+00:00
2024-09-05 00:00:00+00:00,56145.7,stress,stress,3,0.9999999999986819,8.0,2024-08-12T00:00:00+00:00
2024-09-06 00:00:00+00:00,53927.7,stress,stress,3,0.999999999999865,8.0,2024-08-12T00:00:00+00:00
2024-09-07 00:00:00+00:00,54134.9,stress,stress,3,0.9999999998927045,8.0,2024-08-12T00:00:00+00:00
2024-09-08 00:00:00+00:00,54839.6,stress,stress,3,0.9999999988293169,8.0,2024-08-12T00:00:00+00:00
2024-09-09 00:00:00+00:00,57010.0,stress,stress,3,0.9999999391754085,8.0,2024-08-12T00:00:00+00:00
2024-09-10 00:00:00+00:00,57609.1,stress,stress,3,0.6770447634205775,8.0,2024-08-12T00:00:00+00:00
2024-09-11 00:00:00+00:00,57306.0,stress,stress,4,0.9868880286524564,6.0,2024-09-11T00:00:00+00:00
2024-09-12 00:00:00+00:00,58097.0,stress,stress,4,0.7816731447042659,6.0,2024-09-11T00:00:00+00:00
2024-09-13 00:00:00+00:00,60456.2,stress,stress,4,0.9999964076088448,6.0,2024-09-11T00:00:00+00:00
2024-09-14 00:00:00+00:00,59964.0,stress,stress,4,0.9999920857522546,6.0,2024-09-11T00:00:00+00:00
2024-09-15 00:00:00+00:00,59100.5,stress,stress,4,0.9968609482519394,6.0,2024-09-11T00:00:00+00:00
2024-09-16 00:00:00+00:00,58187.0,stress,stress,4,0.5327572714115553,6.0,2024-09-11T00:00:00+00:00
2024-09-17 00:00:00+00:00,60281.0,stress,stress,4,0.5749956987086214,6.0,2024-09-11T00:00:00+00:00
2024-09-18 00:00:00+00:00,61735.3,stress,chop,0,0.9517964151844335,6.0,2024-09-11T00:00:00+00:00
2024-09-19 00:00:00+00:00,62926.9,stress,chop,0,0.9982501001218513,6.0,2024-09-11T00:00:00+00:00
2024-09-20 00:00:00+00:00,63175.7,stress,chop,0,0.9999301247933341,6.0,2024-09-11T00:00:00+00:00
2024-09-21 00:00:00+00:00,63320.6,stress,chop,0,0.9995345724417228,6.0,2024-09-11T00:00:00+00:00
2024-09-22 00:00:00+00:00,63558.4,stress,chop,0,0.905893641009486,6.0,2024-09-11T00:00:00+00:00
2024-09-23 00:00:00+00:00,63302.0,chop,bull,1,0.570785756455865,6.0,2024-09-11T00:00:00+00:00
2024-09-24 00:00:00+00:00,64243.1,bull,chop,0,0.9997640011599283,6.0,2024-09-11T00:00:00+00:00
2024-09-25 00:00:00+00:00,63118.4,bull,chop,0,0.9990302189408021,6.0,2024-09-11T00:00:00+00:00
2024-09-26 00:00:00+00:00,65139.2,bull,chop,0,0.9999854000462162,6.0,2024-09-11T00:00:00+00:00
2024-09-27 00:00:00+00:00,65749.6,bull,chop,0,0.9999818712372289,6.0,2024-09-11T00:00:00+00:00
2024-09-28 00:00:00+00:00,65822.6,bull,chop,0,0.9998251856829808,6.0,2024-09-11T00:00:00+00:00
2024-09-29 00:00:00+00:00,65568.1,bull,chop,0,0.9998923839789085,6.0,2024-09-11T00:00:00+00:00
2024-09-30 00:00:00+00:00,63309.1,bull,chop,0,0.9968629530577169,6.0,2024-09-11T00:00:00+00:00
2024-10-01 00:00:00+00:00,60776.8,bull,chop,0,0.8387449614479736,6.0,2024-09-11T00:00:00+00:00
2024-10-02 00:00:00+00:00,60622.6,bull,chop,0,0.7190328054146451,6.0,2024-09-11T00:00:00+00:00
2024-10-03 00:00:00+00:00,60727.2,bull,chop,0,0.695972571643676,6.0,2024-09-11T00:00:00+00:00
2024-10-04 00:00:00+00:00,62054.4,chop,stress,4,0.5600554115238175,6.0,2024-09-11T00:00:00+00:00
2024-10-05 00:00:00+00:00,62023.1,stress,chop,0,0.7128676907311535,6.0,2024-09-11T00:00:00+00:00
2024-10-06 00:00:00+00:00,62789.3,stress,chop,0,0.8988975247851533,6.0,2024-09-11T00:00:00+00:00
2024-10-07 00:00:00+00:00,62190.7,stress,chop,0,0.9994166709263224,6.0,2024-09-11T00:00:00+00:00
2024-10-08 00:00:00+00:00,62131.7,stress,chop,0,0.9994174904434574,6.0,2024-09-11T00:00:00+00:00
2024-10-09 00:00:00+00:00,60606.4,stress,chop,0,0.9994513399041707,6.0,2024-09-11T00:00:00+00:00
2024-10-10 00:00:00+00:00,60293.2,stress,chop,0,0.9998755354001247,6.0,2024-09-11T00:00:00+00:00
2024-10-11 00:00:00+00:00,62509.0,stress,chop,5,0.9958901368377305,8.0,2024-10-11T00:00:00+00:00
2024-10-12 00:00:00+00:00,63176.0,stress,chop,5,0.9998534454694668,8.0,2024-10-11T00:00:00+00:00
2024-10-13 00:00:00+00:00,62839.8,stress,chop,5,0.9976297598712192,8.0,2024-10-11T00:00:00+00:00
2024-10-14 00:00:00+00:00,66064.9,chop,bull,2,0.9989150052220326,8.0,2024-10-11T00:00:00+00:00
2024-10-15 00:00:00+00:00,67044.1,chop,bull,2,0.9924290778473347,8.0,2024-10-11T00:00:00+00:00
2024-10-16 00:00:00+00:00,67592.0,chop,bull,2,0.9825096797374931,8.0,2024-10-11T00:00:00+00:00
2024-10-17 00:00:00+00:00,67401.5,chop,bull,2,0.9544718404196666,8.0,2024-10-11T00:00:00+00:00
2024-10-18 00:00:00+00:00,68407.8,bull,chop,5,0.7215076719960031,8.0,2024-10-11T00:00:00+00:00
2024-10-19 00:00:00+00:00,68357.1,bull,chop,5,0.9950742576991694,8.0,2024-10-11T00:00:00+00:00
2024-10-20 00:00:00+00:00,69020.1,bull,chop,5,0.9737135083465042,8.0,2024-10-11T00:00:00+00:00
2024-10-21 00:00:00+00:00,67368.8,bull,chop,5,0.9999745072169743,8.0,2024-10-11T00:00:00+00:00
2024-10-22 00:00:00+00:00,67406.4,bull,chop,5,0.9999990679364568,8.0,2024-10-11T00:00:00+00:00
2024-10-23 00:00:00+00:00,66647.2,bull,chop,5,0.9999991712596726,8.0,2024-10-11T00:00:00+00:00
2024-10-24 00:00:00+00:00,68173.8,bull,chop,5,0.9999441915566261,8.0,2024-10-11T00:00:00+00:00
2024-10-25 00:00:00+00:00,66662.8,bull,chop,5,0.9999840537803704,8.0,2024-10-11T00:00:00+00:00
2024-10-26 00:00:00+00:00,67071.8,bull,chop,5,0.9999878606347122,8.0,2024-10-11T00:00:00+00:00
2024-10-27 00:00:00+00:00,67992.6,bull,chop,5,0.9999400261742792,8.0,2024-10-11T00:00:00+00:00
2024-10-28 00:00:00+00:00,69940.0,bull,chop,5,0.9764830910002358,8.0,2024-10-11T00:00:00+00:00
2024-10-29 00:00:00+00:00,72739.5,chop,bull,2,0.8242573026574532,8.0,2024-10-11T00:00:00+00:00
2024-10-30 00:00:00+00:00,72349.0,bull,chop,5,0.5717749862461621,8.0,2024-10-11T00:00:00+00:00
2024-10-31 00:00:00+00:00,70321.9,bull,chop,5,0.8576354248088134,8.0,2024-10-11T00:00:00+00:00
2024-11-01 00:00:00+00:00,69495.5,bull,chop,5,0.9901978764175678,8.0,2024-10-11T00:00:00+00:00
2024-11-02 00:00:00+00:00,69366.6,bull,chop,5,0.9998369499570356,8.0,2024-10-11T00:00:00+00:00
2024-11-03 00:00:00+00:00,68762.5,bull,chop,5,0.9915072616726733,8.0,2024-10-11T00:00:00+00:00
2024-11-04 00:00:00+00:00,67834.3,bull,chop,5,0.9998084354328325,8.0,2024-10-11T00:00:00+00:00
2024-11-05 00:00:00+00:00,69353.1,bull,chop,5,0.9876612612578918,8.0,2024-10-11T00:00:00+00:00
2024-11-06 00:00:00+00:00,75579.9,chop,bull,2,0.9997759069111547,8.0,2024-10-11T00:00:00+00:00
2024-11-07 00:00:00+00:00,75859.4,chop,bull,0,0.9985507220002384,8.0,2024-10-11T00:00:00+00:00
2024-11-08 00:00:00+00:00,76482.2,chop,bull,0,0.9991872007335404,8.0,2024-10-11T00:00:00+00:00
2024-11-09 00:00:00+00:00,76675.1,chop,bull,0,0.9998900338504092,8.0,2024-10-11T00:00:00+00:00
2024-11-10 00:00:00+00:00,80410.0,chop,bull,1,0.9999844614571606,8.0,2024-11-10T00:00:00+00:00
2024-11-11 00:00:00+00:00,88728.9,chop,bull,2,0.6284993346411162,8.0,2024-11-10T00:00:00+00:00
2024-11-12 00:00:00+00:00,87972.0,chop,bull,2,0.8043602705477902,8.0,2024-11-10T00:00:00+00:00
2024-11-13 00:00:00+00:00,90413.3,chop,bull,2,0.999999909728786,8.0,2024-11-10T00:00:00+00:00
2024-11-14 00:00:00+00:00,87382.7,chop,bull,2,0.999911028466168,8.0,2024-11-10T00:00:00+00:00
2024-11-15 00:00:00+00:00,91074.6,chop,bull,2,0.9999999995748077,8.0,2024-11-10T00:00:00+00:00
2024-11-16 00:00:00+00:00,90643.3,chop,bull,2,0.999999565714612,8.0,2024-11-10T00:00:00+00:00
2024-11-17 00:00:00+00:00,89899.9,chop,bull,2,0.9998372011070346,8.0,2024-11-10T00:00:00+00:00
2024-11-18 00:00:00+00:00,90507.4,chop,bull,2,0.9937006537322574,8.0,2024-11-10T00:00:00+00:00
2024-11-19 00:00:00+00:00,92335.9,bull,volatile_bull,6,0.9980876768898814,8.0,2024-11-10T00:00:00+00:00
2024-11-20 00:00:00+00:00,94288.0,bull,volatile_bull,6,0.9997195374358141,8.0,2024-11-10T00:00:00+00:00
2024-11-21 00:00:00+00:00,98366.8,bull,volatile_bull,6,0.9997214273677437,8.0,2024-11-10T00:00:00+00:00
2024-11-22 00:00:00+00:00,98921.4,bull,volatile_bull,6,0.9999992730516083,8.0,2024-11-10T00:00:00+00:00
2024-11-23 00:00:00+00:00,97725.5,bull,volatile_bull,6,0.999998837697547,8.0,2024-11-10T00:00:00+00:00
2024-11-24 00:00:00+00:00,97960.4,bull,volatile_bull,6,0.6245879609851875,8.0,2024-11-10T00:00:00+00:00
2024-11-25 00:00:00+00:00,93064.0,volatile_bull,bull,1,0.9998302090066344,8.0,2024-11-10T00:00:00+00:00
2024-11-26 00:00:00+00:00,92021.4,volatile_bull,bull,1,0.9999577961195708,8.0,2024-11-10T00:00:00+00:00
2024-11-27 00:00:00+00:00,95905.2,volatile_bull,bull,1,0.9998871680861594,8.0,2024-11-10T00:00:00+00:00
2024-11-28 00:00:00+00:00,95694.4,bull,volatile_bull,6,0.6589053588874847,8.0,2024-11-10T00:00:00+00:00
2024-11-29 00:00:00+00:00,97516.3,volatile_bull,bull,1,0.9996545162019345,8.0,2024-11-10T00:00:00+00:00
2024-11-30 00:00:00+00:00,96475.1,volatile_bull,bull,1,0.9999999984914538,8.0,2024-11-10T00:00:00+00:00
2024-12-01 00:00:00+00:00,97265.1,volatile_bull,bull,1,0.99999999991552,8.0,2024-11-10T00:00:00+00:00
2024-12-02 00:00:00+00:00,95890.5,volatile_bull,bull,1,0.9999999998101217,8.0,2024-11-10T00:00:00+00:00
2024-12-03 00:00:00+00:00,95913.3,volatile_bull,bull,1,0.9999999998369908,8.0,2024-11-10T00:00:00+00:00
2024-12-04 00:00:00+00:00,98669.8,volatile_bull,bull,1,0.9999999133772841,8.0,2024-11-10T00:00:00+00:00
2024-12-05 00:00:00+00:00,97001.5,volatile_bull,bull,1,0.6005137721993083,8.0,2024-11-10T00:00:00+00:00
2024-12-06 00:00:00+00:00,99802.5,bull,volatile_bull,7,0.9998607145672039,8.0,2024-11-10T00:00:00+00:00
2024-12-07 00:00:00+00:00,99899.2,bull,volatile_bull,7,0.9999983547266033,8.0,2024-11-10T00:00:00+00:00
2024-12-08 00:00:00+00:00,101200.0,bull,volatile_bull,7,0.9999999697254371,8.0,2024-11-10T00:00:00+00:00
2024-12-09 00:00:00+00:00,97349.1,bull,volatile_bull,7,0.9999999992429167,8.0,2024-11-10T00:00:00+00:00
2024-12-10 00:00:00+00:00,96602.4,volatile_bull,bull,2,0.9999999226583925,7.0,2024-12-10T00:00:00+00:00
2024-12-11 00:00:00+00:00,101115.3,volatile_bull,bull,2,0.9999999999999822,7.0,2024-12-10T00:00:00+00:00
2024-12-12 00:00:00+00:00,99982.4,volatile_bull,bull,2,0.9961904345713852,7.0,2024-12-10T00:00:00+00:00
2024-12-13 00:00:00+00:00,101371.9,volatile_bull,bull,2,0.9553731332132382,7.0,2024-12-10T00:00:00+00:00
2024-12-14 00:00:00+00:00,101381.0,volatile_bull,bull,2,0.9641960617092823,7.0,2024-12-10T00:00:00+00:00
2024-12-15 00:00:00+00:00,104460.4,volatile_bull,bull,2,0.9469435719546855,7.0,2024-12-10T00:00:00+00:00
2024-12-16 00:00:00+00:00,106023.2,volatile_bull,bull,2,0.8348355653722555,7.0,2024-12-10T00:00:00+00:00
2024-12-17 00:00:00+00:00,106074.6,volatile_bull,bull,2,0.8137583073073636,7.0,2024-12-10T00:00:00+00:00
2024-12-18 00:00:00+00:00,100181.1,bull,recovery,4,0.9496618483048036,7.0,2024-12-10T00:00:00+00:00
2024-12-19 00:00:00+00:00,97434.4,bull,recovery,4,0.9942574395662963,7.0,2024-12-10T00:00:00+00:00
2024-12-20 00:00:00+00:00,97764.4,bull,recovery,4,0.9987596041005157,7.0,2024-12-10T00:00:00+00:00
2024-12-21 00:00:00+00:00,97261.8,bull,recovery,4,0.9997879171749177,7.0,2024-12-10T00:00:00+00:00
2024-12-22 00:00:00+00:00,95153.5,bull,recovery,4,0.9999998113585242,7.0,2024-12-10T00:00:00+00:00
2024-12-23 00:00:00+00:00,94861.1,bull,recovery,4,0.9999999545209494,7.0,2024-12-10T00:00:00+00:00
2024-12-24 00:00:00+00:00,98627.2,bull,recovery,4,0.9995924018011056,7.0,2024-12-10T00:00:00+00:00
2024-12-25 00:00:00+00:00,99379.7,recovery,bull,2,0.8845671042283553,7.0,2024-12-10T00:00:00+00:00
2024-12-26 00:00:00+00:00,95751.0,recovery,bull,2,0.9514856629782728,7.0,2024-12-10T00:00:00+00:00
2024-12-27 00:00:00+00:00,94258.9,bull,recovery,4,0.8796627838048134,7.0,2024-12-10T00:00:00+00:00
2024-12-28 00:00:00+00:00,95259.1,bull,recovery,4,0.6520412485336042,7.0,2024-12-10T00:00:00+00:00
2024-12-29 00:00:00+00:00,93700.0,bull,recovery,4,0.914642047248959,7.0,2024-12-10T00:00:00+00:00
2024-12-30 00:00:00+00:00,92759.3,bull,recovery,4,0.9118940363967077,7.0,2024-12-10T00:00:00+00:00
2024-12-31 00:00:00+00:00,93548.9,bull,recovery,4,0.9992268515775198,7.0,2024-12-10T00:00:00+00:00
2025-01-01 00:00:00+00:00,94580.9,bull,recovery,4,0.9255951465130975,7.0,2024-12-10T00:00:00+00:00
2025-01-02 00:00:00+00:00,96967.5,bull,recovery,4,0.6753152479998734,7.0,2024-12-10T00:00:00+00:00
2025-01-03 00:00:00+00:00,98145.7,recovery,volatile_bull,1,0.5696928345464805,7.0,2024-12-10T00:00:00+00:00
2025-01-04 00:00:00+00:00,98173.2,volatile_bull,bull,2,0.7514841997008673,7.0,2024-12-10T00:00:00+00:00
2025-01-05 00:00:00+00:00,98340.2,bull,volatile_bull,1,0.9842399196859779,7.0,2024-12-10T00:00:00+00:00
2025-01-06 00:00:00+00:00,102180.4,bull,volatile_bull,1,0.9901162901064529,7.0,2024-12-10T00:00:00+00:00
2025-01-07 00:00:00+00:00,96920.3,bull,volatile_bull,1,0.8069765030523994,7.0,2024-12-10T00:00:00+00:00
2025-01-08 00:00:00+00:00,95014.1,volatile_bull,bull,2,0.5060554942493439,7.0,2024-12-10T00:00:00+00:00
2025-01-09 00:00:00+00:00,92505.9,volatile_bull,bull,2,0.9891335781859402,8.0,2025-01-09T00:00:00+00:00
2025-01-10 00:00:00+00:00,94675.5,volatile_bull,bull,2,0.7234212703295572,8.0,2025-01-09T00:00:00+00:00
2025-01-11 00:00:00+00:00,94562.5,bull,recovery,0,0.6392653327037807,8.0,2025-01-09T00:00:00+00:00
2025-01-12 00:00:00+00:00,94499.9,bull,recovery,0,0.6245269675173456,8.0,2025-01-09T00:00:00+00:00
2025-01-13 00:00:00+00:00,94485.3,recovery,stress,7,0.9999721591327088,8.0,2025-01-09T00:00:00+00:00
2025-01-14 00:00:00+00:00,96514.9,recovery,stress,7,0.997012693201276,8.0,2025-01-09T00:00:00+00:00
2025-01-15 00:00:00+00:00,100460.0,recovery,stress,7,0.9941826600833641,8.0,2025-01-09T00:00:00+00:00
2025-01-16 00:00:00+00:00,99937.4,recovery,stress,7,0.9961642241636666,8.0,2025-01-09T00:00:00+00:00
2025-01-17 00:00:00+00:00,104042.5,recovery,stress,7,0.7288118606658307,8.0,2025-01-09T00:00:00+00:00
2025-01-18 00:00:00+00:00,104524.3,stress,bull,6,0.9968159609786144,8.0,2025-01-09T00:00:00+00:00
2025-01-19 00:00:00+00:00,101311.5,bull,stress,7,0.9992879519718779,8.0,2025-01-09T00:00:00+00:00
2025-01-20 00:00:00+00:00,102247.6,stress,volatile_bull,3,0.5342098931489452,8.0,2025-01-09T00:00:00+00:00
2025-01-21 00:00:00+00:00,106114.5,volatile_bull,bull,6,0.9336487171441405,8.0,2025-01-09T00:00:00+00:00
2025-01-22 00:00:00+00:00,103664.9,bull,stress,7,0.9336233332962539,8.0,2025-01-09T00:00:00+00:00
2025-01-23 00:00:00+00:00,103864.1,bull,stress,7,0.9840585500393293,8.0,2025-01-09T00:00:00+00:00
2025-01-24 00:00:00+00:00,104808.1,bull,stress,7,0.9758884496429847,8.0,2025-01-09T00:00:00+00:00
2025-01-25 00:00:00+00:00,104702.0,bull,stress,7,0.5452217434612494,8.0,2025-01-09T00:00:00+00:00
2025-01-26 00:00:00+00:00,102560.1,stress,bull,6,0.9996552504708264,8.0,2025-01-09T00:00:00+00:00
2025-01-27 00:00:00+00:00,102021.3,bull,stress,7,0.7345690828514344,8.0,2025-01-09T00:00:00+00:00
2025-01-28 00:00:00+00:00,101279.6,stress,bull,6,0.7610152890200423,8.0,2025-01-09T00:00:00+00:00
2025-01-29 00:00:00+00:00,103698.2,stress,bull,6,0.999097830756899,8.0,2025-01-09T00:00:00+00:00
2025-01-30 00:00:00+00:00,104676.9,stress,bull,6,0.9997065819838284,8.0,2025-01-09T00:00:00+00:00
2025-01-31 00:00:00+00:00,102379.7,stress,bull,6,0.9489872106408673,8.0,2025-01-09T00:00:00+00:00
2025-02-01 00:00:00+00:00,100603.6,bull,recovery,0,0.9641349328983534,8.0,2025-01-09T00:00:00+00:00
2025-02-02 00:00:00+00:00,97664.5,recovery,stress,7,0.9421973331965732,8.0,2025-01-09T00:00:00+00:00
2025-02-03 00:00:00+00:00,101293.7,recovery,stress,7,0.8739841331788548,8.0,2025-01-09T00:00:00+00:00
2025-02-04 00:00:00+00:00,97709.9,recovery,stress,7,0.9939568815087353,8.0,2025-01-09T00:00:00+00:00
2025-02-05 00:00:00+00:00,96553.2,stress,drawdown,4,0.9877625070769365,8.0,2025-01-09T00:00:00+00:00
2025-02-06 00:00:00+00:00,96515.1,stress,drawdown,4,0.6209551888208257,8.0,2025-01-09T00:00:00+00:00
2025-02-07 00:00:00+00:00,96454.5,drawdown,stress,7,0.9183561364062179,8.0,2025-01-09T00:00:00+00:00
2025-02-08 00:00:00+00:00,96411.9,stress,bull,5,0.9999871454749893,7.0,2025-02-08T00:00:00+00:00
2025-02-09 00:00:00+00:00,96423.6,stress,bull,5,0.9999326571530441,7.0,2025-02-08T00:00:00+00:00
2025-02-10 00:00:00+00:00,97379.2,stress,bull,5,0.9840258926947045,7.0,2025-02-08T00:00:00+00:00
2025-02-11 00:00:00+00:00,95731.4,stress,bull,5,0.9696653576561262,7.0,2025-02-08T00:00:00+00:00
2025-02-12 00:00:00+00:00,97816.3,stress,bull,5,0.8450464185886434,7.0,2025-02-08T00:00:00+00:00
2025-02-13 00:00:00+00:00,96560.6,bull,chop,2,0.7166021982017612,7.0,2025-02-08T00:00:00+00:00
2025-02-14 00:00:00+00:00,97445.1,bull,chop,2,0.9962687911876309,7.0,2025-02-08T00:00:00+00:00
2025-02-15 00:00:00+00:00,97538.0,bull,chop,2,0.9963273283822568,7.0,2025-02-08T00:00:00+00:00
2025-02-16 00:00:00+00:00,96067.0,bull,chop,2,0.9989407790619697,7.0,2025-02-08T00:00:00+00:00
2025-02-17 00:00:00+00:00,95743.2,bull,chop,2,0.9984566621413457,7.0,2025-02-08T00:00:00+00:00
2025-02-18 00:00:00+00:00,95622.0,bull,chop,2,0.9998593239128752,7.0,2025-02-08T00:00:00+00:00
2025-02-19 00:00:00+00:00,96598.0,bull,chop,2,0.9996600939420311,7.0,2025-02-08T00:00:00+00:00
2025-02-20 00:00:00+00:00,98252.9,bull,chop,2,0.9999180187055488,7.0,2025-02-08T00:00:00+00:00
2025-02-21 00:00:00+00:00,96127.9,bull,chop,2,0.9999686282876169,7.0,2025-02-08T00:00:00+00:00
2025-02-22 00:00:00+00:00,96503.3,bull,chop,2,0.999997470581975,7.0,2025-02-08T00:00:00+00:00
2025-02-23 00:00:00+00:00,96218.4,bull,chop,2,0.9999986820028085,7.0,2025-02-08T00:00:00+00:00
2025-02-24 00:00:00+00:00,91514.5,drawdown,drawdown,6,0.9907098465932314,7.0,2025-02-08T00:00:00+00:00
2025-02-25 00:00:00+00:00,88639.1,drawdown,drawdown,6,0.9870978204187492,7.0,2025-02-08T00:00:00+00:00
2025-02-26 00:00:00+00:00,84208.5,drawdown,drawdown,6,0.9988788628491551,7.0,2025-02-08T00:00:00+00:00
2025-02-27 00:00:00+00:00,84668.1,drawdown,drawdown,6,0.999582864070732,7.0,2025-02-08T00:00:00+00:00
2025-02-28 00:00:00+00:00,84299.6,drawdown,drawdown,6,0.5117836729542028,7.0,2025-02-08T00:00:00+00:00
2025-03-01 00:00:00+00:00,86007.7,drawdown,drawdown,6,0.9661962141306453,7.0,2025-02-08T00:00:00+00:00
2025-03-02 00:00:00+00:00,94222.8,drawdown,drawdown,6,0.6503685823922482,7.0,2025-02-08T00:00:00+00:00
2025-03-03 00:00:00+00:00,86192.7,drawdown,drawdown,6,0.9999999995776818,7.0,2025-02-08T00:00:00+00:00
2025-03-04 00:00:00+00:00,87245.9,drawdown,drawdown,6,0.9999332406389474,7.0,2025-02-08T00:00:00+00:00
2025-03-05 00:00:00+00:00,90566.1,drawdown,drawdown,6,0.9995630881721943,7.0,2025-02-08T00:00:00+00:00
2025-03-06 00:00:00+00:00,89887.8,drawdown,drawdown,6,0.9965134183407808,7.0,2025-02-08T00:00:00+00:00
2025-03-07 00:00:00+00:00,86753.8,drawdown,drawdown,6,0.9999967623493485,7.0,2025-02-08T00:00:00+00:00
2025-03-08 00:00:00+00:00,86184.7,drawdown,drawdown,6,0.9999999843959807,7.0,2025-02-08T00:00:00+00:00
2025-03-09 00:00:00+00:00,80688.8,drawdown,drawdown,6,0.9999999976550633,7.0,2025-02-08T00:00:00+00:00
2025-03-10 00:00:00+00:00,78567.8,drawdown,drawdown,7,0.999999458234375,8.0,2025-03-10T00:00:00+00:00
2025-03-11 00:00:00+00:00,82896.0,drawdown,drawdown,7,0.9999983102192948,8.0,2025-03-10T00:00:00+00:00
2025-03-12 00:00:00+00:00,83640.7,drawdown,drawdown,7,0.999917162649523,8.0,2025-03-10T00:00:00+00:00
2025-03-13 00:00:00+00:00,81085.4,drawdown,drawdown,7,0.9997881088822346,8.0,2025-03-10T00:00:00+00:00
2025-03-14 00:00:00+00:00,83939.8,drawdown,drawdown,7,0.9976501803432631,8.0,2025-03-10T00:00:00+00:00
2025-03-15 00:00:00+00:00,84302.9,drawdown,drawdown,7,0.9896940517145889,8.0,2025-03-10T00:00:00+00:00
2025-03-16 00:00:00+00:00,82541.6,drawdown,drawdown,7,0.8720867480892116,8.0,2025-03-10T00:00:00+00:00
2025-03-17 00:00:00+00:00,83962.9,bull,bull,1,0.6951470834891745,8.0,2025-03-10T00:00:00+00:00
2025-03-18 00:00:00+00:00,82666.1,bull,bull,1,0.999013490802312,8.0,2025-03-10T00:00:00+00:00
2025-03-19 00:00:00+00:00,86809.8,bull,bull,1,0.9717861896597617,8.0,2025-03-10T00:00:00+00:00
2025-03-20 00:00:00+00:00,84183.6,bull,bull,1,0.9402609688056613,8.0,2025-03-10T00:00:00+00:00
2025-03-21 00:00:00+00:00,84050.3,bull,bull,1,0.9999016586297885,8.0,2025-03-10T00:00:00+00:00
2025-03-22 00:00:00+00:00,83804.9,bull,bull,1,0.9999986460269881,8.0,2025-03-10T00:00:00+00:00
2025-03-23 00:00:00+00:00,86044.2,bull,bull,1,0.9999686092019435,8.0,2025-03-10T00:00:00+00:00
2025-03-24 00:00:00+00:00,87463.4,bull,bull,1,0.9991556732275065,8.0,2025-03-10T00:00:00+00:00
2025-03-25 00:00:00+00:00,87369.8,bull,bull,1,0.9935337248966348,8.0,2025-03-10T00:00:00+00:00
2025-03-26 00:00:00+00:00,86873.8,bull,bull,1,0.868621520040875,8.0,2025-03-10T00:00:00+00:00
2025-03-27 00:00:00+00:00,87191.2,bull,bull,1,0.792039872635155,8.0,2025-03-10T00:00:00+00:00
2025-03-28 00:00:00+00:00,84380.8,bull,bull,1,0.6324223757967427,8.0,2025-03-10T00:00:00+00:00
2025-03-29 00:00:00+00:00,82604.7,bull,bull,1,0.9978921189087849,8.0,2025-03-10T00:00:00+00:00
2025-03-30 00:00:00+00:00,82352.8,bull,bull,1,0.9992251473330723,8.0,2025-03-10T00:00:00+00:00
2025-03-31 00:00:00+00:00,82517.5,bull,bull,1,0.9963091783503208,8.0,2025-03-10T00:00:00+00:00
2025-04-01 00:00:00+00:00,85120.9,bull,bull,1,0.9993490982842159,8.0,2025-03-10T00:00:00+00:00
2025-04-02 00:00:00+00:00,82485.1,bull,bull,1,0.931080068844743,8.0,2025-03-10T00:00:00+00:00
2025-04-03 00:00:00+00:00,83181.5,bull,bull,1,0.9874297249363053,8.0,2025-03-10T00:00:00+00:00
2025-04-04 00:00:00+00:00,83861.3,bull,bull,1,0.9961774022637011,8.0,2025-03-10T00:00:00+00:00
2025-04-05 00:00:00+00:00,83506.1,bull,bull,1,0.9999118258365989,8.0,2025-03-10T00:00:00+00:00
2025-04-06 00:00:00+00:00,78390.0,bull,drawdown,7,0.9156728719416465,8.0,2025-03-10T00:00:00+00:00
2025-04-07 00:00:00+00:00,79140.0,bull,drawdown,7,0.9806636308121702,8.0,2025-03-10T00:00:00+00:00
2025-04-08 00:00:00+00:00,76297.9,bull,drawdown,7,0.9997769237743153,8.0,2025-03-10T00:00:00+00:00
2025-04-09 00:00:00+00:00,82588.0,drawdown,stress,5,0.9999998938797944,8.0,2025-04-09T00:00:00+00:00
2025-04-10 00:00:00+00:00,79560.2,drawdown,stress,5,0.8985232683095579,8.0,2025-04-09T00:00:00+00:00
2025-04-11 00:00:00+00:00,83378.3,drawdown,stress,5,0.9999921857129191,8.0,2025-04-09T00:00:00+00:00
2025-04-12 00:00:00+00:00,85237.8,drawdown,stress,5,0.9999945534412937,8.0,2025-04-09T00:00:00+00:00
2025-04-13 00:00:00+00:00,83713.7,stress,bull,6,0.9958511065608773,8.0,2025-04-09T00:00:00+00:00
2025-04-14 00:00:00+00:00,84553.9,stress,bull,6,0.7196881796880258,8.0,2025-04-09T00:00:00+00:00
2025-04-15 00:00:00+00:00,83608.7,stress,bull,6,0.8319175082914356,8.0,2025-04-09T00:00:00+00:00
2025-04-16 00:00:00+00:00,83990.0,stress,bull,6,0.999822827150078,8.0,2025-04-09T00:00:00+00:00
2025-04-17 00:00:00+00:00,84915.0,stress,bull,6,0.9716868593448299,8.0,2025-04-09T00:00:00+00:00
2025-04-18 00:00:00+00:00,84421.0,bull,recovery,4,0.9908976560918988,8.0,2025-04-09T00:00:00+00:00
2025-04-19 00:00:00+00:00,85046.9,bull,recovery,4,0.9984346981778092,8.0,2025-04-09T00:00:00+00:00
2025-04-20 00:00:00+00:00,85138.8,bull,recovery,4,0.9698112135837716,8.0,2025-04-09T00:00:00+00:00
2025-04-21 00:00:00+00:00,87466.0,recovery,bull,6,0.9729201211609062,8.0,2025-04-09T00:00:00+00:00
2025-04-22 00:00:00+00:00,93404.9,recovery,bull,6,0.8394605333779146,8.0,2025-04-09T00:00:00+00:00
2025-04-23 00:00:00+00:00,93632.1,recovery,bull,6,0.5178313707370819,8.0,2025-04-09T00:00:00+00:00
2025-04-24 00:00:00+00:00,93931.6,bull,stress,5,0.990034114524292,8.0,2025-04-09T00:00:00+00:00
2025-04-25 00:00:00+00:00,94591.8,bull,stress,5,0.9876179250262317,8.0,2025-04-09T00:00:00+00:00
2025-04-26 00:00:00+00:00,94575.7,bull,stress,5,0.9999988995237048,8.0,2025-04-09T00:00:00+00:00
2025-04-27 00:00:00+00:00,93697.1,bull,stress,5,0.9991469492163738,8.0,2025-04-09T00:00:00+00:00
2025-04-28 00:00:00+00:00,94969.0,bull,stress,5,0.9630707013636435,8.0,2025-04-09T00:00:00+00:00
2025-04-29 00:00:00+00:00,94200.1,bull,stress,5,0.9992829810926088,8.0,2025-04-09T00:00:00+00:00
2025-04-30 00:00:00+00:00,94125.1,bull,stress,5,0.9999915544092083,8.0,2025-04-09T00:00:00+00:00
2025-05-01 00:00:00+00:00,96423.3,bull,stress,5,0.9999993219511357,8.0,2025-04-09T00:00:00+00:00
2025-05-02 00:00:00+00:00,96831.2,bull,stress,5,0.9956972332454079,8.0,2025-04-09T00:00:00+00:00
2025-05-03 00:00:00+00:00,95803.3,bull,stress,5,0.9999747715529897,8.0,2025-04-09T00:00:00+00:00
2025-05-04 00:00:00+00:00,94230.2,bull,stress,5,0.9999988309389968,8.0,2025-04-09T00:00:00+00:00
2025-05-05 00:00:00+00:00,94696.7,bull,stress,5,0.9999308958437061,8.0,2025-04-09T00:00:00+00:00
2025-05-06 00:00:00+00:00,96798.9,bull,bull,1,0.9967023786424073,8.0,2025-04-09T00:00:00+00:00
2025-05-07 00:00:00+00:00,96988.4,bull,bull,1,0.9979234741797998,8.0,2025-04-09T00:00:00+00:00
2025-05-08 00:00:00+00:00,103228.1,bull,bull,1,0.9999999847658395,8.0,2025-04-09T00:00:00+00:00
2025-05-09 00:00:00+00:00,102941.9,bull,bull,1,0.9999807583565887,8.0,2025-05-09T00:00:00+00:00
2025-05-10 00:00:00+00:00,104788.8,bull,bull,1,0.9996755870989452,8.0,2025-05-09T00:00:00+00:00
2025-05-11 00:00:00+00:00,104072.7,bull,bull,1,0.9999987978860996,8.0,2025-05-09T00:00:00+00:00
2025-05-12 00:00:00+00:00,102739.3,bull,bull,1,0.9999994920916537,8.0,2025-05-09T00:00:00+00:00
2025-05-13 00:00:00+00:00,104082.0,bull,bull,1,0.9999568100134786,8.0,2025-05-09T00:00:00+00:00
2025-05-14 00:00:00+00:00,103458.1,bull,bull,1,0.9999195124695479,8.0,2025-05-09T00:00:00+00:00
2025-05-15 00:00:00+00:00,103714.5,bull,bull,1,0.9997518893088269,8.0,2025-05-09T00:00:00+00:00
2025-05-16 00:00:00+00:00,103412.2,bull,bull,1,0.9993626925853059,8.0,2025-05-09T00:00:00+00:00
2025-05-17 00:00:00+00:00,103079.6,bull,bull,1,0.9999971436410044,8.0,2025-05-09T00:00:00+00:00
2025-05-18 00:00:00+00:00,106407.6,bull,bull,1,0.9985448129541773,8.0,2025-05-09T00:00:00+00:00
2025-05-19 00:00:00+00:00,105531.6,bull,bull,1,0.9640756297461409,8.0,2025-05-09T00:00:00+00:00
2025-05-20 00:00:00+00:00,106800.1,bull,bull,1,0.977931846823777,8.0,2025-05-09T00:00:00+00:00
2025-05-21 00:00:00+00:00,109609.5,bull,bull,1,0.9819001133273082,8.0,2025-05-09T00:00:00+00:00
2025-05-22 00:00:00+00:00,111662.7,bull,chop,0,0.9958547866916186,8.0,2025-05-09T00:00:00+00:00
2025-05-23 00:00:00+00:00,107271.5,bull,chop,0,0.9680927952417655,8.0,2025-05-09T00:00:00+00:00
2025-05-24 00:00:00+00:00,107698.9,bull,chop,0,0.9891805390483701,8.0,2025-05-09T00:00:00+00:00
2025-05-25 00:00:00+00:00,108955.9,bull,chop,0,0.970324470270253,8.0,2025-05-09T00:00:00+00:00
2025-05-26 00:00:00+00:00,109386.8,bull,chop,0,0.9994105969269242,8.0,2025-05-09T00:00:00+00:00
2025-05-27 00:00:00+00:00,108889.3,bull,chop,0,0.997501119444757,8.0,2025-05-09T00:00:00+00:00
2025-05-28 00:00:00+00:00,107723.1,bull,chop,0,0.7501592166317833,8.0,2025-05-09T00:00:00+00:00
2025-05-29 00:00:00+00:00,105539.9,bull,bull,4,0.9956629540764371,8.0,2025-05-09T00:00:00+00:00
2025-05-30 00:00:00+00:00,103950.0,bull,bull,4,0.6837146425349622,8.0,2025-05-09T00:00:00+00:00
2025-05-31 00:00:00+00:00,104544.7,bull,bull,4,0.9593503747274734,8.0,2025-05-09T00:00:00+00:00
2025-06-01 00:00:00+00:00,105583.3,bull,bull,4,0.9989162251516374,8.0,2025-05-09T00:00:00+00:00
2025-06-02 00:00:00+00:00,105814.3,bull,bull,4,0.9999222066713006,8.0,2025-05-09T00:00:00+00:00
2025-06-03 00:00:00+00:00,105330.1,bull,bull,4,0.9998690901179819,8.0,2025-05-09T00:00:00+00:00
2025-06-04 00:00:00+00:00,104641.8,bull,bull,4,0.9998823626237575,8.0,2025-05-09T00:00:00+00:00
2025-06-05 00:00:00+00:00,101458.6,bull,bull,4,0.9991856092235095,8.0,2025-05-09T00:00:00+00:00
2025-06-06 00:00:00+00:00,104240.0,bull,bull,4,0.9997814402627603,8.0,2025-05-09T00:00:00+00:00
2025-06-07 00:00:00+00:00,105507.5,bull,bull,4,0.9999951631843463,8.0,2025-05-09T00:00:00+00:00
2025-06-08 00:00:00+00:00,105676.5,bull,bull,4,0.9998837542374862,8.0,2025-06-08T00:00:00+00:00
2025-06-09 00:00:00+00:00,110227.9,bull,bull,4,0.975666379526477,8.0,2025-06-08T00:00:00+00:00
2025-06-10 00:00:00+00:00,110235.4,bull,bull,4,0.9970314415728886,8.0,2025-06-08T00:00:00+00:00
2025-06-11 00:00:00+00:00,108600.0,bull,bull,4,0.9972914187797531,8.0,2025-06-08T00:00:00+00:00
2025-06-12 00:00:00+00:00,105609.5,bull,bull,4,0.9689692644359321,8.0,2025-06-08T00:00:00+00:00
2025-06-13 00:00:00+00:00,106027.3,bull,bull,4,0.9458660823561755,8.0,2025-06-08T00:00:00+00:00
2025-06-14 00:00:00+00:00,105359.9,bull,bull,4,0.9995356678140725,8.0,2025-06-08T00:00:00+00:00
2025-06-15 00:00:00+00:00,105534.6,bull,bull,4,0.999517529219046,8.0,2025-06-08T00:00:00+00:00
2025-06-16 00:00:00+00:00,106750.1,bull,bull,4,0.9997684695865799,8.0,2025-06-08T00:00:00+00:00
2025-06-17 00:00:00+00:00,104508.0,bull,bull,4,0.9998281832604236,8.0,2025-06-08T00:00:00+00:00
2025-06-18 00:00:00+00:00,104832.8,bull,bull,4,0.9999710989950439,8.0,2025-06-08T00:00:00+00:00
2025-06-19 00:00:00+00:00,104607.1,bull,bull,4,0.9999997378603412,8.0,2025-06-08T00:00:00+00:00
2025-06-20 00:00:00+00:00,103246.1,bull,bull,4,0.9999888081406464,8.0,2025-06-08T00:00:00+00:00
2025-06-21 00:00:00+00:00,102079.8,bull,bull,4,0.9999608218631474,8.0,2025-06-08T00:00:00+00:00
2025-06-22 00:00:00+00:00,100904.7,bull,bull,4,0.8651184446145304,8.0,2025-06-08T00:00:00+00:00
2025-06-23 00:00:00+00:00,105290.9,bull,bull,4,0.9092339035418071,8.0,2025-06-08T00:00:00+00:00
2025-06-24 00:00:00+00:00,106034.9,bull,bull,4,0.9999863248349243,8.0,2025-06-08T00:00:00+00:00
2025-06-25 00:00:00+00:00,107280.0,bull,bull,4,0.9999925731245348,8.0,2025-06-08T00:00:00+00:00
2025-06-26 00:00:00+00:00,106913.7,bull,bull,4,0.9999858471801091,8.0,2025-06-08T00:00:00+00:00
2025-06-27 00:00:00+00:00,107010.7,bull,bull,4,0.9999535646241205,8.0,2025-06-08T00:00:00+00:00
2025-06-28 00:00:00+00:00,107241.0,bull,bull,4,0.9998789973684781,8.0,2025-06-08T00:00:00+00:00
2025-06-29 00:00:00+00:00,108309.8,bull,drawdown,5,0.6865784889962353,8.0,2025-06-08T00:00:00+00:00
2025-06-30 00:00:00+00:00,107087.4,bull,drawdown,5,0.9189587214686673,8.0,2025-06-08T00:00:00+00:00
2025-07-01 00:00:00+00:00,105637.9,bull,drawdown,5,0.980722896124863,8.0,2025-06-08T00:00:00+00:00
2025-07-02 00:00:00+00:00,108800.0,bull,drawdown,5,0.9258395725682055,8.0,2025-06-08T00:00:00+00:00
2025-07-03 00:00:00+00:00,109545.2,bull,drawdown,5,0.9535259107913383,8.0,2025-06-08T00:00:00+00:00
2025-07-04 00:00:00+00:00,107935.4,bull,drawdown,5,0.9834251415892565,8.0,2025-06-08T00:00:00+00:00
2025-07-05 00:00:00+00:00,108153.4,bull,drawdown,5,0.7870494971122166,8.0,2025-06-08T00:00:00+00:00
2025-07-06 00:00:00+00:00,109145.8,bull,drawdown,5,0.8697852047097462,8.0,2025-06-08T00:00:00+00:00
2025-07-07 00:00:00+00:00,108203.9,bull,drawdown,5,0.940945583074392,8.0,2025-06-08T00:00:00+00:00
2025-07-08 00:00:00+00:00,108873.1,drawdown,chop,0,0.9999997732639057,8.0,2025-07-08T00:00:00+00:00
2025-07-09 00:00:00+00:00,111199.9,drawdown,chop,0,0.9999928704924937,8.0,2025-07-08T00:00:00+00:00
2025-07-10 00:00:00+00:00,115979.2,drawdown,chop,0,0.9497548310127254,8.0,2025-07-08T00:00:00+00:00
2025-07-11 00:00:00+00:00,117500.0,drawdown,chop,0,0.8681762964288983,8.0,2025-07-08T00:00:00+00:00
2025-07-12 00:00:00+00:00,117389.3,drawdown,chop,0,0.9740718843243145,8.0,2025-07-08T00:00:00+00:00
2025-07-13 00:00:00+00:00,119038.3,drawdown,chop,0,0.5448107094844113,8.0,2025-07-08T00:00:00+00:00
2025-07-14 00:00:00+00:00,119816.5,chop,bull,6,0.7394698508916052,8.0,2025-07-08T00:00:00+00:00
2025-07-15 00:00:00+00:00,117738.5,chop,bull,6,0.9063872419931688,8.0,2025-07-08T00:00:00+00:00
2025-07-16 00:00:00+00:00,118590.7,chop,bull,6,0.9993283232188838,8.0,2025-07-08T00:00:00+00:00
2025-07-17 00:00:00+00:00,119176.6,chop,bull,6,0.9906453875590313,8.0,2025-07-08T00:00:00+00:00
2025-07-18 00:00:00+00:00,117896.4,chop,bull,6,0.8000656846363587,8.0,2025-07-08T00:00:00+00:00
2025-07-19 00:00:00+00:00,117814.4,chop,bull,6,0.9989119393395153,8.0,2025-07-08T00:00:00+00:00
2025-07-20 00:00:00+00:00,117216.0,chop,bull,3,0.8848996258064693,8.0,2025-07-08T00:00:00+00:00
2025-07-21 00:00:00+00:00,117330.2,chop,bull,3,0.9992996866186756,8.0,2025-07-08T00:00:00+00:00
2025-07-22 00:00:00+00:00,119993.7,chop,bull,3,0.9999159922161646,8.0,2025-07-08T00:00:00+00:00
2025-07-23 00:00:00+00:00,118713.5,chop,bull,3,0.9976575640206695,8.0,2025-07-08T00:00:00+00:00
2025-07-24 00:00:00+00:00,118294.3,chop,bull,3,0.9904352430865279,8.0,2025-07-08T00:00:00+00:00
2025-07-25 00:00:00+00:00,117583.5,chop,bull,3,0.9612000999957121,8.0,2025-07-08T00:00:00+00:00
2025-07-26 00:00:00+00:00,117889.2,bull,chop,0,0.9861560976805658,8.0,2025-07-08T00:00:00+00:00
2025-07-27 00:00:00+00:00,119423.4,bull,chop,0,0.9980251884037472,8.0,2025-07-08T00:00:00+00:00
2025-07-28 00:00:00+00:00,118041.4,bull,chop,0,0.9993489429306687,8.0,2025-07-08T00:00:00+00:00
2025-07-29 00:00:00+00:00,117897.0,bull,chop,0,0.9989277503439483,8.0,2025-07-08T00:00:00+00:00
2025-07-30 00:00:00+00:00,117771.0,bull,chop,0,0.9920020912120242,8.0,2025-07-08T00:00:00+00:00
2025-07-31 00:00:00+00:00,115697.3,bull,chop,0,0.984156994324217,8.0,2025-07-08T00:00:00+00:00
2025-08-01 00:00:00+00:00,113244.8,bull,chop,0,0.9997858124825038,8.0,2025-07-08T00:00:00+00:00
2025-08-02 00:00:00+00:00,112508.8,bull,chop,0,0.9998611926449418,8.0,2025-07-08T00:00:00+00:00
2025-08-03 00:00:00+00:00,114150.8,bull,chop,0,0.981285537243497,8.0,2025-07-08T00:00:00+00:00
2025-08-04 00:00:00+00:00,115002.1,bull,chop,0,0.995785143204601,8.0,2025-07-08T00:00:00+00:00
2025-08-05 00:00:00+00:00,114069.6,bull,chop,0,0.9852732663173709,8.0,2025-07-08T00:00:00+00:00
2025-08-06 00:00:00+00:00,114941.0,bull,chop,0,0.7367425933233145,8.0,2025-07-08T00:00:00+00:00
2025-08-07 00:00:00+00:00,117419.9,chop,bull,6,0.9860814701633654,8.0,2025-08-07T00:00:00+00:00
2025-08-08 00:00:00+00:00,116628.2,chop,bull,6,0.8113580703642477,8.0,2025-08-07T00:00:00+00:00
2025-08-09 00:00:00+00:00,116422.1,chop,bull,6,0.6366975922520638,8.0,2025-08-07T00:00:00+00:00
2025-08-10 00:00:00+00:00,119255.3,chop,bull,6,0.9134519529411402,8.0,2025-08-07T00:00:00+00:00
2025-08-11 00:00:00+00:00,118641.9,chop,bull,6,0.9237034133688491,8.0,2025-08-07T00:00:00+00:00
2025-08-12 00:00:00+00:00,120081.0,chop,bull,6,0.8382529617758069,8.0,2025-08-07T00:00:00+00:00
2025-08-13 00:00:00+00:00,123323.9,bull,recovery,0,0.6542301320307107,8.0,2025-08-07T00:00:00+00:00
2025-08-14 00:00:00+00:00,118242.2,recovery,bull,1,0.5615925542011448,8.0,2025-08-07T00:00:00+00:00
2025-08-15 00:00:00+00:00,117279.2,recovery,bull,6,0.7101741412471002,8.0,2025-08-07T00:00:00+00:00
2025-08-16 00:00:00+00:00,117329.7,recovery,bull,6,0.9899205432105997,8.0,2025-08-07T00:00:00+00:00
2025-08-17 00:00:00+00:00,117353.8,recovery,bull,6,0.9947076989929502,8.0,2025-08-07T00:00:00+00:00
2025-08-18 00:00:00+00:00,116183.6,recovery,bull,6,0.5637615316029077,8.0,2025-08-07T00:00:00+00:00
2025-08-19 00:00:00+00:00,112824.2,bull,stress,4,0.7277429155982227,8.0,2025-08-07T00:00:00+00:00
2025-08-20 00:00:00+00:00,114220.5,stress,bull,6,0.8371161636632672,8.0,2025-08-07T00:00:00+00:00
2025-08-21 00:00:00+00:00,112462.2,stress,bull,6,0.9866828561969234,8.0,2025-08-07T00:00:00+00:00
2025-08-22 00:00:00+00:00,116897.5,stress,bull,1,0.7897422964921834,8.0,2025-08-07T00:00:00+00:00
2025-08-23 00:00:00+00:00,115377.1,stress,bull,6,0.6206979004943529,8.0,2025-08-07T00:00:00+00:00
2025-08-24 00:00:00+00:00,113446.3,stress,bull,1,0.36803721228069725,8.0,2025-08-07T00:00:00+00:00
2025-08-25 00:00:00+00:00,110064.0,bull,stress,4,0.9658793072526627,8.0,2025-08-07T00:00:00+00:00
2025-08-26 00:00:00+00:00,111709.9,stress,bull,6,0.5626904095720665,8.0,2025-08-07T00:00:00+00:00
2025-08-27 00:00:00+00:00,111194.9,stress,bull,6,0.9093691572378505,8.0,2025-08-07T00:00:00+00:00
2025-08-28 00:00:00+00:00,112507.3,stress,bull,6,0.9146268842912011,8.0,2025-08-07T00:00:00+00:00
2025-08-29 00:00:00+00:00,108332.4,bull,stress,4,0.8795411864770719,8.0,2025-08-07T00:00:00+00:00
2025-08-30 00:00:00+00:00,108757.9,stress,bull,6,0.5767421747660547,8.0,2025-08-07T00:00:00+00:00
2025-08-31 00:00:00+00:00,108208.4,bull,recovery,0,0.5904692628480745,8.0,2025-08-07T00:00:00+00:00
2025-09-01 00:00:00+00:00,109187.9,bull,recovery,0,0.9265681782921271,8.0,2025-08-07T00:00:00+00:00
2025-09-02 00:00:00+00:00,111188.0,bull,recovery,0,0.6000778524838755,8.0,2025-08-07T00:00:00+00:00
2025-09-03 00:00:00+00:00,111659.8,recovery,bull,6,0.7710587235659996,8.0,2025-08-07T00:00:00+00:00
2025-09-04 00:00:00+00:00,110679.4,recovery,recovery,0,0.59608855102085,8.0,2025-08-07T00:00:00+00:00
2025-09-05 00:00:00+00:00,110614.9,recovery,recovery,0,0.9996929695667143,8.0,2025-08-07T00:00:00+00:00
2025-09-06 00:00:00+00:00,110135.3,recovery,recovery,7,0.9128400374084846,8.0,2025-09-06T00:00:00+00:00
2025-09-07 00:00:00+00:00,111076.0,recovery,recovery,7,0.8812945100422598,8.0,2025-09-06T00:00:00+00:00
2025-09-08 00:00:00+00:00,112012.6,recovery,recovery,7,0.9580373580815092,8.0,2025-09-06T00:00:00+00:00
2025-09-09 00:00:00+00:00,111499.9,recovery,recovery,7,0.9652094722257745,8.0,2025-09-06T00:00:00+00:00
2025-09-10 00:00:00+00:00,113896.8,recovery,recovery,7,0.9931771765499628,8.0,2025-09-06T00:00:00+00:00
2025-09-11 00:00:00+00:00,115427.0,recovery,recovery,7,0.9922212012076522,8.0,2025-09-06T00:00:00+00:00
2025-09-12 00:00:00+00:00,115978.4,recovery,recovery,7,0.9844888378008945,8.0,2025-09-06T00:00:00+00:00
2025-09-13 00:00:00+00:00,115862.7,recovery,recovery,7,0.9374782637328275,8.0,2025-09-06T00:00:00+00:00
2025-09-14 00:00:00+00:00,115210.0,recovery,recovery,7,0.8721857506472441,8.0,2025-09-06T00:00:00+00:00
2025-09-15 00:00:00+00:00,115300.6,recovery,recovery,7,0.8850673449379391,8.0,2025-09-06T00:00:00+00:00
2025-09-16 00:00:00+00:00,116747.3,recovery,recovery,7,0.8956591984294024,8.0,2025-09-06T00:00:00+00:00
2025-09-17 00:00:00+00:00,116402.5,recovery,recovery,7,0.8100781209166361,8.0,2025-09-06T00:00:00+00:00
2025-09-18 00:00:00+00:00,117017.1,recovery,stress,2,0.39633113849395385,8.0,2025-09-06T00:00:00+00:00
2025-09-19 00:00:00+00:00,115569.5,recovery,recovery,6,0.44265159637068713,8.0,2025-09-06T00:00:00+00:00
2025-09-20 00:00:00+00:00,115624.9,recovery,recovery,6,0.8890188551467182,8.0,2025-09-06T00:00:00+00:00
2025-09-21 00:00:00+00:00,115183.9,recovery,recovery,6,0.9530762113045215,8.0,2025-09-06T00:00:00+00:00
2025-09-22 00:00:00+00:00,112604.7,recovery,recovery,6,0.9917886252458998,8.0,2025-09-06T00:00:00+00:00
2025-09-23 00:00:00+00:00,111947.0,recovery,recovery,6,0.9544493188714448,8.0,2025-09-06T00:00:00+00:00
2025-09-24 00:00:00+00:00,113254.0,recovery,recovery,6,0.9941020531618925,8.0,2025-09-06T00:00:00+00:00
2025-09-25 00:00:00+00:00,108934.5,recovery,recovery,6,0.9998967418372805,8.0,2025-09-06T00:00:00+00:00
2025-09-26 00:00:00+00:00,109588.5,recovery,recovery,6,0.9999054630221158,8.0,2025-09-06T00:00:00+00:00
2025-09-27 00:00:00+00:00,109577.3,recovery,recovery,6,0.9999891877168657,8.0,2025-09-06T00:00:00+00:00
2025-09-28 00:00:00+00:00,112119.6,recovery,recovery,6,0.9999888830717929,8.0,2025-09-06T00:00:00+00:00
2025-09-29 00:00:00+00:00,114257.1,recovery,recovery,6,0.9998386343819213,8.0,2025-09-06T00:00:00+00:00
2025-09-30 00:00:00+00:00,113988.8,recovery,recovery,6,0.9926704830707296,8.0,2025-09-06T00:00:00+00:00
2025-10-01 00:00:00+00:00,118552.4,recovery,recovery,6,0.9994705440430184,8.0,2025-09-06T00:00:00+00:00
2025-10-02 00:00:00+00:00,120481.3,recovery,recovery,7,0.9782934285271677,8.0,2025-09-06T00:00:00+00:00
2025-10-03 00:00:00+00:00,122182.7,recovery,recovery,7,0.9968421005868966,8.0,2025-09-06T00:00:00+00:00
2025-10-04 00:00:00+00:00,122343.2,recovery,recovery,7,0.9858681919165433,8.0,2025-09-06T00:00:00+00:00
2025-10-05 00:00:00+00:00,123426.7,recovery,recovery,7,0.9977303496222876,8.0,2025-09-06T00:00:00+00:00
2025-10-06 00:00:00+00:00,124628.5,recovery,bull,2,0.999973599957191,8.0,2025-10-06T00:00:00+00:00
2025-10-07 00:00:00+00:00,121286.5,recovery,bull,2,0.9993059971261362,8.0,2025-10-06T00:00:00+00:00
2025-10-08 00:00:00+00:00,123237.5,recovery,bull,2,0.9888187689867948,8.0,2025-10-06T00:00:00+00:00
2025-10-09 00:00:00+00:00,121579.3,recovery,bull,2,0.988065730609448,8.0,2025-10-06T00:00:00+00:00
2025-10-10 00:00:00+00:00,112714.9,bull,stress,0,0.9999999977664569,8.0,2025-10-06T00:00:00+00:00
2025-10-11 00:00:00+00:00,110579.1,bull,stress,0,0.9999935939047071,8.0,2025-10-06T00:00:00+00:00
2025-10-12 00:00:00+00:00,114894.4,bull,stress,0,0.9999998284056281,8.0,2025-10-06T00:00:00+00:00
2025-10-13 00:00:00+00:00,115111.9,bull,stress,0,0.9999999851138314,8.0,2025-10-06T00:00:00+00:00
2025-10-14 00:00:00+00:00,112983.8,bull,stress,0,0.9999984023242385,8.0,2025-10-06T00:00:00+00:00
2025-10-15 00:00:00+00:00,110699.0,bull,stress,0,0.99997797620343,8.0,2025-10-06T00:00:00+00:00
2025-10-16 00:00:00+00:00,108129.4,bull,stress,0,0.8072715613078814,8.0,2025-10-06T00:00:00+00:00
2025-10-17 00:00:00+00:00,106378.6,bull,stress,5,0.9998989622096983,8.0,2025-10-06T00:00:00+00:00
2025-10-18 00:00:00+00:00,107117.5,bull,stress,5,0.939479708026192,8.0,2025-10-06T00:00:00+00:00
2025-10-19 00:00:00+00:00,108586.2,bull,stress,5,0.9765100872655587,8.0,2025-10-06T00:00:00+00:00
2025-10-20 00:00:00+00:00,110469.9,bull,stress,5,0.999169299730273,8.0,2025-10-06T00:00:00+00:00
2025-10-21 00:00:00+00:00,108253.7,bull,stress,5,0.9996249001705385,8.0,2025-10-06T00:00:00+00:00
2025-10-22 00:00:00+00:00,107532.0,bull,stress,5,0.9162631455529399,8.0,2025-10-06T00:00:00+00:00
2025-10-23 00:00:00+00:00,110025.9,stress,bull,7,0.775836801610882,8.0,2025-10-06T00:00:00+00:00
2025-10-24 00:00:00+00:00,110965.4,stress,bull,7,0.9943901429669255,8.0,2025-10-06T00:00:00+00:00
2025-10-25 00:00:00+00:00,111589.4,stress,bull,7,0.999639737146455,8.0,2025-10-06T00:00:00+00:00
2025-10-26 00:00:00+00:00,114497.8,stress,bull,7,0.9927120373824702,8.0,2025-10-06T00:00:00+00:00
2025-10-27 00:00:00+00:00,114064.1,stress,bull,7,0.9914445183520787,8.0,2025-10-06T00:00:00+00:00
2025-10-28 00:00:00+00:00,112833.5,stress,bull,7,0.9816777040268629,8.0,2025-10-06T00:00:00+00:00
2025-10-29 00:00:00+00:00,109985.6,bull,stress,5,0.8805116958055649,8.0,2025-10-06T00:00:00+00:00
2025-10-30 00:00:00+00:00,108263.5,bull,stress,5,0.969442657804733,8.0,2025-10-06T00:00:00+00:00
2025-10-31 00:00:00+00:00,109557.3,bull,stress,5,0.9972396960943766,8.0,2025-10-06T00:00:00+00:00
2025-11-01 00:00:00+00:00,110047.2,bull,stress,5,0.9203538902057923,8.0,2025-10-06T00:00:00+00:00
2025-11-02 00:00:00+00:00,110494.9,stress,recovery,3,0.9095502066738191,8.0,2025-10-06T00:00:00+00:00
2025-11-03 00:00:00+00:00,106544.0,recovery,stress,5,0.9448793208839514,8.0,2025-10-06T00:00:00+00:00
2025-11-04 00:00:00+00:00,101450.3,recovery,stress,5,0.9999777342978726,8.0,2025-10-06T00:00:00+00:00
2025-11-05 00:00:00+00:00,103837.0,drawdown,drawdown,3,0.9887734925686908,8.0,2025-11-05T00:00:00+00:00
2025-11-06 00:00:00+00:00,101305.6,drawdown,drawdown,3,0.9964005204856307,8.0,2025-11-05T00:00:00+00:00
2025-11-07 00:00:00+00:00,103305.2,drawdown,drawdown,3,0.9946640709817393,8.0,2025-11-05T00:00:00+00:00
2025-11-08 00:00:00+00:00,102269.3,drawdown,drawdown,3,0.9865147259553789,8.0,2025-11-05T00:00:00+00:00
2025-11-09 00:00:00+00:00,104670.6,drawdown,drawdown,3,0.9999802999628278,8.0,2025-11-05T00:00:00+00:00
2025-11-10 00:00:00+00:00,105966.3,drawdown,drawdown,3,0.9999860743449926,8.0,2025-11-05T00:00:00+00:00
2025-11-11 00:00:00+00:00,103005.8,drawdown,drawdown,3,0.9999812205230535,8.0,2025-11-05T00:00:00+00:00
2025-11-12 00:00:00+00:00,101605.8,drawdown,drawdown,3,0.9997878823271747,8.0,2025-11-05T00:00:00+00:00
2025-11-13 00:00:00+00:00,99654.3,drawdown,drawdown,3,0.9999830964813449,8.0,2025-11-05T00:00:00+00:00
2025-11-14 00:00:00+00:00,94544.9,drawdown,drawdown,3,0.9999931147989892,8.0,2025-11-05T00:00:00+00:00
2025-11-15 00:00:00+00:00,95560.3,drawdown,drawdown,3,0.9999899698991477,8.0,2025-11-05T00:00:00+00:00
2025-11-16 00:00:00+00:00,94221.7,drawdown,drawdown,3,0.9999999632173784,8.0,2025-11-05T00:00:00+00:00
2025-11-17 00:00:00+00:00,92169.7,drawdown,drawdown,3,0.9999532188024313,8.0,2025-11-05T00:00:00+00:00
2025-11-18 00:00:00+00:00,92916.9,drawdown,drawdown,3,0.9999999545378443,8.0,2025-11-05T00:00:00+00:00
2025-11-19 00:00:00+00:00,91508.9,drawdown,drawdown,3,0.999999990806554,8.0,2025-11-05T00:00:00+00:00
2025-11-20 00:00:00+00:00,86601.3,drawdown,drawdown,3,0.9999999841618036,8.0,2025-11-05T00:00:00+00:00
2025-11-21 00:00:00+00:00,85093.5,drawdown,drawdown,3,0.9999999522548262,8.0,2025-11-05T00:00:00+00:00
2025-11-22 00:00:00+00:00,84689.4,drawdown,drawdown,3,0.9999999783637963,8.0,2025-11-05T00:00:00+00:00
2025-11-23 00:00:00+00:00,86807.7,drawdown,drawdown,3,0.999999999990699,8.0,2025-11-05T00:00:00+00:00
2025-11-24 00:00:00+00:00,88247.1,drawdown,drawdown,3,0.9999999999156124,8.0,2025-11-05T00:00:00+00:00
2025-11-25 00:00:00+00:00,87324.1,drawdown,drawdown,3,0.9999999999988365,8.0,2025-11-05T00:00:00+00:00
2025-11-26 00:00:00+00:00,90438.1,drawdown,drawdown,3,0.999999999999984,8.0,2025-11-05T00:00:00+00:00
2025-11-27 00:00:00+00:00,91292.2,drawdown,drawdown,3,0.9997779934086479,8.0,2025-11-05T00:00:00+00:00
2025-11-28 00:00:00+00:00,90847.8,drawdown,drawdown,3,0.9962279595193151,8.0,2025-11-05T00:00:00+00:00
2025-11-29 00:00:00+00:00,90765.0,drawdown,drawdown,3,0.9994200895535882,8.0,2025-11-05T00:00:00+00:00
2025-11-30 00:00:00+00:00,90320.6,drawdown,drawdown,3,0.9995043035738189,8.0,2025-11-05T00:00:00+00:00
2025-12-01 00:00:00+00:00,86241.6,drawdown,drawdown,3,0.9999999109695996,8.0,2025-11-05T00:00:00+00:00
2025-12-02 00:00:00+00:00,91249.1,drawdown,drawdown,3,0.9999983770775518,8.0,2025-11-05T00:00:00+00:00
2025-12-03 00:00:00+00:00,93376.7,drawdown,drawdown,3,0.9927473990974878,8.0,2025-11-05T00:00:00+00:00
2025-12-04 00:00:00+00:00,92034.7,drawdown,drawdown,3,0.8098537649758656,8.0,2025-11-05T00:00:00+00:00
2025-12-05 00:00:00+00:00,89288.5,drawdown,stress,5,0.9999999957091266,8.0,2025-12-05T00:00:00+00:00
2025-12-06 00:00:00+00:00,89197.1,drawdown,stress,5,0.9999997810732486,8.0,2025-12-05T00:00:00+00:00
2025-12-07 00:00:00+00:00,90345.4,drawdown,stress,5,0.999999980197231,8.0,2025-12-05T00:00:00+00:00
2025-12-08 00:00:00+00:00,90610.8,drawdown,stress,5,0.9999915271249195,8.0,2025-12-05T00:00:00+00:00
2025-12-09 00:00:00+00:00,92638.4,drawdown,stress,5,0.7745252374742169,8.0,2025-12-05T00:00:00+00:00
2025-12-10 00:00:00+00:00,91977.5,stress,bull,2,0.9881886805690464,8.0,2025-12-05T00:00:00+00:00
2025-12-11 00:00:00+00:00,92477.5,stress,bull,2,0.991317167085023,8.0,2025-12-05T00:00:00+00:00
2025-12-12 00:00:00+00:00,90229.6,stress,bull,2,0.9967660238947998,8.0,2025-12-05T00:00:00+00:00
2025-12-13 00:00:00+00:00,90191.3,stress,bull,2,0.9963379971200238,8.0,2025-12-05T00:00:00+00:00
2025-12-14 00:00:00+00:00,88118.8,stress,bull,2,0.8750649963377128,8.0,2025-12-05T00:00:00+00:00
2025-12-15 00:00:00+00:00,86389.9,bull,stress,6,0.8261005970920602,8.0,2025-12-05T00:00:00+00:00
2025-12-16 00:00:00+00:00,87826.3,stress,bull,2,0.890042527970239,8.0,2025-12-05T00:00:00+00:00
2025-12-17 00:00:00+00:00,86201.6,bull,stress,6,0.9960830852082017,8.0,2025-12-05T00:00:00+00:00
2025-12-18 00:00:00+00:00,85469.7,bull,stress,6,0.9998242452791424,8.0,2025-12-05T00:00:00+00:00
2025-12-19 00:00:00+00:00,88100.0,bull,stress,6,0.9993529308493898,8.0,2025-12-05T00:00:00+00:00
2025-12-20 00:00:00+00:00,88320.8,bull,stress,6,0.8916262748782197,8.0,2025-12-05T00:00:00+00:00
2025-12-21 00:00:00+00:00,88621.3,bull,stress,6,0.9227899706986217,8.0,2025-12-05T00:00:00+00:00
2025-12-22 00:00:00+00:00,88581.5,bull,stress,6,0.796079552020534,8.0,2025-12-05T00:00:00+00:00
2025-12-23 00:00:00+00:00,87463.0,stress,bull,7,0.8768116608421802,8.0,2025-12-05T00:00:00+00:00
2025-12-24 00:00:00+00:00,87627.3,stress,bull,7,0.9999128543609682,8.0,2025-12-05T00:00:00+00:00
2025-12-25 00:00:00+00:00,87182.8,stress,bull,7,0.9999922917750305,8.0,2025-12-05T00:00:00+00:00
2025-12-26 00:00:00+00:00,87318.2,stress,bull,7,0.9992826865243616,8.0,2025-12-05T00:00:00+00:00
2025-12-27 00:00:00+00:00,87829.4,stress,bull,7,0.999462356133333,8.0,2025-12-05T00:00:00+00:00
2025-12-28 00:00:00+00:00,87920.5,stress,bull,7,0.9993112581288537,8.0,2025-12-05T00:00:00+00:00
2025-12-29 00:00:00+00:00,87203.3,stress,bull,7,0.9989800749267398,8.0,2025-12-05T00:00:00+00:00
2025-12-30 00:00:00+00:00,88455.3,stress,bull,7,0.9988120852845744,8.0,2025-12-05T00:00:00+00:00
2025-12-31 00:00:00+00:00,87608.2,stress,bull,7,0.999999809492046,8.0,2025-12-05T00:00:00+00:00
2026-01-01 00:00:00+00:00,88800.0,stress,bull,7,0.9999999999993836,8.0,2025-12-05T00:00:00+00:00
2026-01-02 00:00:00+00:00,89951.4,stress,bull,7,0.9999999999991083,8.0,2025-12-05T00:00:00+00:00
2026-01-03 00:00:00+00:00,90595.8,stress,bull,7,0.9999999999998757,8.0,2025-12-05T00:00:00+00:00
2026-01-04 00:00:00+00:00,91497.1,chop,chop,3,0.999999999999174,8.0,2026-01-04T00:00:00+00:00
2026-01-05 00:00:00+00:00,93822.4,chop,chop,3,0.9999999994410054,8.0,2026-01-04T00:00:00+00:00
2026-01-06 00:00:00+00:00,93708.0,chop,chop,3,0.9999999999945164,8.0,2026-01-04T00:00:00+00:00
2026-01-07 00:00:00+00:00,91328.0,chop,chop,3,0.9999999960181096,8.0,2026-01-04T00:00:00+00:00
2026-01-08 00:00:00+00:00,91059.8,chop,chop,3,0.999999999999206,8.0,2026-01-04T00:00:00+00:00
2026-01-09 00:00:00+00:00,90603.6,chop,chop,3,0.9999999999989893,8.0,2026-01-04T00:00:00+00:00
2026-01-10 00:00:00+00:00,90469.6,chop,chop,3,0.9999999999987246,8.0,2026-01-04T00:00:00+00:00
2026-01-11 00:00:00+00:00,90964.4,chop,chop,3,0.999999999999929,8.0,2026-01-04T00:00:00+00:00
2026-01-12 00:00:00+00:00,91252.6,chop,chop,3,0.9999999999866098,8.0,2026-01-04T00:00:00+00:00
2026-01-13 00:00:00+00:00,95375.2,chop,chop,3,0.999999999979206,8.0,2026-01-04T00:00:00+00:00
2026-01-14 00:00:00+00:00,96907.9,chop,chop,3,0.9999998716736809,8.0,2026-01-04T00:00:00+00:00
2026-01-15 00:00:00+00:00,95567.3,chop,chop,3,0.9999998108962062,8.0,2026-01-04T00:00:00+00:00
2026-01-16 00:00:00+00:00,95503.7,chop,chop,3,0.9999950584711965,8.0,2026-01-04T00:00:00+00:00
2026-01-17 00:00:00+00:00,95107.9,chop,chop,3,0.9999990416276114,8.0,2026-01-04T00:00:00+00:00
2026-01-18 00:00:00+00:00,93614.0,chop,chop,3,0.9999999826415583,8.0,2026-01-04T00:00:00+00:00
2026-01-19 00:00:00+00:00,92589.6,chop,chop,3,0.9999999499588282,8.0,2026-01-04T00:00:00+00:00
2026-01-20 00:00:00+00:00,88390.6,chop,chop,3,0.9999999974630178,8.0,2026-01-04T00:00:00+00:00
2026-01-21 00:00:00+00:00,89411.4,chop,chop,3,0.9999999884500054,8.0,2026-01-04T00:00:00+00:00
2026-01-22 00:00:00+00:00,89518.5,chop,chop,3,0.9999940028353872,8.0,2026-01-04T00:00:00+00:00
2026-01-23 00:00:00+00:00,89558.7,chop,chop,3,0.9999997891256855,8.0,2026-01-04T00:00:00+00:00
2026-01-24 00:00:00+00:00,89180.7,chop,chop,3,0.9999994751808314,8.0,2026-01-04T00:00:00+00:00
2026-01-25 00:00:00+00:00,86628.9,chop,chop,3,0.9999999794920902,8.0,2026-01-04T00:00:00+00:00
2026-01-26 00:00:00+00:00,88300.6,chop,chop,3,0.9999992396123143,8.0,2026-01-04T00:00:00+00:00
2026-01-27 00:00:00+00:00,89197.8,chop,chop,3,0.9991887608152898,8.0,2026-01-04T00:00:00+00:00
2026-01-28 00:00:00+00:00,89261.7,chop,chop,3,0.9871802537239812,8.0,2026-01-04T00:00:00+00:00
2026-01-29 00:00:00+00:00,84604.7,chop,chop,3,0.9999962625785943,8.0,2026-01-04T00:00:00+00:00
2026-01-30 00:00:00+00:00,84211.4,chop,chop,3,0.9999999983755252,8.0,2026-01-04T00:00:00+00:00
2026-01-31 00:00:00+00:00,78706.8,chop,chop,3,0.9998750261116555,8.0,2026-01-04T00:00:00+00:00
2026-02-01 00:00:00+00:00,76931.5,chop,chop,3,0.9999442416870044,8.0,2026-01-04T00:00:00+00:00
2026-02-02 00:00:00+00:00,78692.5,chop,drawdown,7,0.8820348808544265,8.0,2026-01-04T00:00:00+00:00
2026-02-03 00:00:00+00:00,75732.4,chop,drawdown,7,0.976232492410042,7.0,2026-02-03T00:00:00+00:00
2026-02-04 00:00:00+00:00,73137.4,stress,stress,1,0.9691206900013186,7.0,2026-02-03T00:00:00+00:00
2026-02-05 00:00:00+00:00,62868.1,stress,stress,1,0.9999999999961204,7.0,2026-02-03T00:00:00+00:00
2026-02-06 00:00:00+00:00,70544.5,stress,stress,1,1.0,7.0,2026-02-03T00:00:00+00:00
2026-02-07 00:00:00+00:00,69254.2,stress,stress,1,1.0,7.0,2026-02-03T00:00:00+00:00
2026-02-08 00:00:00+00:00,70288.1,stress,stress,1,1.0,7.0,2026-02-03T00:00:00+00:00
2026-02-09 00:00:00+00:00,70110.5,stress,stress,1,1.0,7.0,2026-02-03T00:00:00+00:00
2026-02-10 00:00:00+00:00,68805.3,stress,stress,1,1.0,7.0,2026-02-03T00:00:00+00:00
2026-02-11 00:00:00+00:00,67054.4,stress,stress,1,1.0,7.0,2026-02-03T00:00:00+00:00
2026-02-12 00:00:00+00:00,66243.1,stress,stress,1,1.0,7.0,2026-02-03T00:00:00+00:00
2026-02-13 00:00:00+00:00,68821.5,stress,stress,1,1.0,7.0,2026-02-03T00:00:00+00:00
2026-02-14 00:00:00+00:00,69795.4,stress,stress,1,1.0,7.0,2026-02-03T00:00:00+00:00
2026-02-15 00:00:00+00:00,68796.9,stress,stress,1,1.0,7.0,2026-02-03T00:00:00+00:00
2026-02-16 00:00:00+00:00,68862.5,stress,stress,1,1.0,7.0,2026-02-03T00:00:00+00:00
2026-02-17 00:00:00+00:00,67475.9,stress,stress,1,1.0,7.0,2026-02-03T00:00:00+00:00
2026-02-18 00:00:00+00:00,66422.8,stress,stress,1,1.0,7.0,2026-02-03T00:00:00+00:00
2026-02-19 00:00:00+00:00,66974.0,stress,stress,1,1.0,7.0,2026-02-03T00:00:00+00:00
2026-02-20 00:00:00+00:00,67979.3,stress,stress,1,1.0,7.0,2026-02-03T00:00:00+00:00
2026-02-21 00:00:00+00:00,67933.1,stress,stress,1,1.0,7.0,2026-02-03T00:00:00+00:00
2026-02-22 00:00:00+00:00,67613.5,stress,stress,1,1.0,7.0,2026-02-03T00:00:00+00:00
2026-02-23 00:00:00+00:00,64625.8,stress,stress,1,1.0,7.0,2026-02-03T00:00:00+00:00
2026-02-24 00:00:00+00:00,64031.3,stress,stress,1,1.0,7.0,2026-02-03T00:00:00+00:00
2026-02-25 00:00:00+00:00,67952.5,stress,stress,1,1.0,7.0,2026-02-03T00:00:00+00:00
2026-02-26 00:00:00+00:00,67448.2,stress,stress,1,1.0,7.0,2026-02-03T00:00:00+00:00
2026-02-27 00:00:00+00:00,65836.0,stress,stress,1,1.0,7.0,2026-02-03T00:00:00+00:00
2026-02-28 00:00:00+00:00,66937.1,stress,stress,1,1.0,7.0,2026-02-03T00:00:00+00:00
2026-03-01 00:00:00+00:00,65750.0,stress,stress,1,1.0,7.0,2026-02-03T00:00:00+00:00
2026-03-02 00:00:00+00:00,68801.8,stress,stress,1,1.0,7.0,2026-02-03T00:00:00+00:00
2026-03-03 00:00:00+00:00,68295.3,stress,stress,1,0.9999999999995239,7.0,2026-02-03T00:00:00+00:00
2026-03-04 00:00:00+00:00,72641.4,stress,stress,1,1.0,7.0,2026-02-03T00:00:00+00:00
2026-03-05 00:00:00+00:00,70854.8,stress,stress,5,0.9999999999999698,8.0,2026-03-05T00:00:00+00:00
2026-03-06 00:00:00+00:00,68083.0,stress,stress,5,0.9999999999997833,8.0,2026-03-05T00:00:00+00:00
2026-03-07 00:00:00+00:00,67232.1,stress,drawdown,1,0.6867117430488703,8.0,2026-03-05T00:00:00+00:00
2026-03-08 00:00:00+00:00,65934.3,stress,drawdown,1,0.9999998918732788,8.0,2026-03-05T00:00:00+00:00
2026-03-09 00:00:00+00:00,68394.1,stress,drawdown,1,0.9999999999968878,8.0,2026-03-05T00:00:00+00:00
2026-03-10 00:00:00+00:00,69901.9,stress,drawdown,1,0.9999999998229221,8.0,2026-03-05T00:00:00+00:00
2026-03-11 00:00:00+00:00,70150.0,stress,drawdown,1,0.9992416945153775,8.0,2026-03-05T00:00:00+00:00
2026-03-12 00:00:00+00:00,70480.1,stress,drawdown,1,0.999807755990126,8.0,2026-03-05T00:00:00+00:00
2026-03-13 00:00:00+00:00,70895.5,stress,drawdown,1,0.999979296968338,8.0,2026-03-05T00:00:00+00:00
2026-03-14 00:00:00+00:00,71174.4,stress,drawdown,1,0.9999997322347095,8.0,2026-03-05T00:00:00+00:00
2026-03-15 00:00:00+00:00,72778.9,stress,drawdown,1,0.8757555339219604,8.0,2026-03-05T00:00:00+00:00
2026-03-16 00:00:00+00:00,74846.4,drawdown,bull,4,0.9932898403131953,8.0,2026-03-05T00:00:00+00:00
2026-03-17 00:00:00+00:00,73872.4,drawdown,bull,4,0.9995856125626666,8.0,2026-03-05T00:00:00+00:00
2026-03-18 00:00:00+00:00,71202.9,drawdown,bull,4,0.864636084528604,8.0,2026-03-05T00:00:00+00:00
2026-03-19 00:00:00+00:00,69887.4,drawdown,drawdown,1,0.9450835517492835,8.0,2026-03-05T00:00:00+00:00
2026-03-20 00:00:00+00:00,70472.7,drawdown,drawdown,1,0.9805602915760147,8.0,2026-03-05T00:00:00+00:00
2026-03-21 00:00:00+00:00,68881.5,drawdown,drawdown,1,0.9975257845122957,8.0,2026-03-05T00:00:00+00:00
2026-03-22 00:00:00+00:00,67830.6,drawdown,drawdown,1,0.9834522249943238,8.0,2026-03-05T00:00:00+00:00
2026-03-23 00:00:00+00:00,70865.9,drawdown,drawdown,1,0.9977300677470802,8.0,2026-03-05T00:00:00+00:00
2026-03-24 00:00:00+00:00,70523.9,drawdown,drawdown,1,0.9710288583592452,8.0,2026-03-05T00:00:00+00:00
2026-03-25 00:00:00+00:00,71297.5,drawdown,drawdown,1,0.9854187887731548,8.0,2026-03-05T00:00:00+00:00
2026-03-26 00:00:00+00:00,68788.0,drawdown,drawdown,1,0.9999645911406533,8.0,2026-03-05T00:00:00+00:00
2026-03-27 00:00:00+00:00,66364.2,drawdown,drawdown,1,0.9999803959407061,8.0,2026-03-05T00:00:00+00:00
2026-03-28 00:00:00+00:00,66334.8,drawdown,drawdown,1,0.999893196731716,8.0,2026-03-05T00:00:00+00:00
2026-03-29 00:00:00+00:00,65977.9,drawdown,drawdown,1,0.9970258082301314,8.0,2026-03-05T00:00:00+00:00
2026-03-30 00:00:00+00:00,66764.4,drawdown,drawdown,1,0.9997959815693298,8.0,2026-03-05T00:00:00+00:00
2026-03-31 00:00:00+00:00,68241.5,drawdown,drawdown,1,0.9983977053516937,8.0,2026-03-05T00:00:00+00:00
2026-04-01 00:00:00+00:00,68086.5,drawdown,drawdown,1,0.9544380156246627,8.0,2026-03-05T00:00:00+00:00
2026-04-02 00:00:00+00:00,66868.5,drawdown,drawdown,1,0.5605831457929096,8.0,2026-03-05T00:00:00+00:00
2026-04-03 00:00:00+00:00,66930.0,drawdown,bull,2,0.9999999689962356,8.0,2026-03-05T00:00:00+00:00
2026-04-04 00:00:00+00:00,67271.0,bull,stress,7,0.9999885058723473,8.0,2026-04-04T00:00:00+00:00
2026-04-05 00:00:00+00:00,68997.9,bull,stress,7,0.9999380194845574,8.0,2026-04-04T00:00:00+00:00
2026-04-06 00:00:00+00:00,68817.9,bull,stress,7,0.9082030548383948,8.0,2026-04-04T00:00:00+00:00
2026-04-07 00:00:00+00:00,71890.2,bull,stress,7,0.9955801180534333,8.0,2026-04-04T00:00:00+00:00
2026-04-08 00:00:00+00:00,71038.1,stress,chop,3,0.9919600419963844,8.0,2026-04-04T00:00:00+00:00
2026-04-09 00:00:00+00:00,71750.4,stress,chop,3,0.964063235594275,8.0,2026-04-04T00:00:00+00:00
2026-04-10 00:00:00+00:00,72917.4,stress,chop,3,0.7699219102438308,8.0,2026-04-04T00:00:00+00:00
2026-04-11 00:00:00+00:00,73013.4,stress,stress,7,0.9875991396560876,8.0,2026-04-04T00:00:00+00:00
2026-04-12 00:00:00+00:00,70711.1,stress,stress,7,0.9799521498192768,8.0,2026-04-04T00:00:00+00:00
2026-04-13 00:00:00+00:00,74385.0,stress,stress,7,0.9999999968849309,8.0,2026-04-04T00:00:00+00:00
2026-04-14 00:00:00+00:00,74106.9,stress,stress,7,0.9999999804643542,8.0,2026-04-04T00:00:00+00:00
2026-04-15 00:00:00+00:00,74776.2,stress,stress,7,0.9999999917128193,8.0,2026-04-04T00:00:00+00:00
2026-04-16 00:00:00+00:00,75106.8,stress,stress,7,0.9999999995887023,8.0,2026-04-04T00:00:00+00:00
2026-04-17 00:00:00+00:00,77030.6,stress,stress,7,0.9999999999601776,8.0,2026-04-04T00:00:00+00:00
2026-04-18 00:00:00+00:00,75653.8,stress,stress,7,0.9999999999900595,8.0,2026-04-04T00:00:00+00:00
2026-04-19 00:00:00+00:00,73758.4,stress,stress,7,0.9999999977881586,8.0,2026-04-04T00:00:00+00:00
2026-04-20 00:00:00+00:00,75790.1,stress,stress,7,0.9999999999843521,8.0,2026-04-04T00:00:00+00:00
2026-04-21 00:00:00+00:00,76288.2,stress,stress,7,0.9999999999935856,8.0,2026-04-04T00:00:00+00:00
2026-04-22 00:00:00+00:00,78139.8,stress,stress,7,0.9999999980969374,8.0,2026-04-04T00:00:00+00:00
2026-04-23 00:00:00+00:00,78216.8,stress,stress,7,0.9999999997268603,8.0,2026-04-04T00:00:00+00:00
2026-04-24 00:00:00+00:00,77395.4,stress,stress,7,0.9999999999950298,8.0,2026-04-04T00:00:00+00:00
2026-04-25 00:00:00+00:00,77585.0,stress,stress,7,0.9999988791341139,8.0,2026-04-04T00:00:00+00:00
2026-04-26 00:00:00+00:00,78613.5,stress,stress,7,0.9996775954520629,8.0,2026-04-04T00:00:00+00:00
2026-04-27 00:00:00+00:00,77331.2,stress,stress,7,0.9999913782626411,8.0,2026-04-04T00:00:00+00:00
2026-04-28 00:00:00+00:00,76298.1,stress,stress,7,0.9998641934033713,8.0,2026-04-04T00:00:00+00:00
2026-04-29 00:00:00+00:00,75749.9,stress,stress,7,0.9999729239936526,8.0,2026-04-04T00:00:00+00:00
2026-04-30 00:00:00+00:00,76305.4,stress,stress,7,0.9753019289145164,8.0,2026-04-04T00:00:00+00:00
2026-05-01 00:00:00+00:00,78192.0,stress,stress,7,0.9021058247939284,8.0,2026-04-04T00:00:00+00:00
2026-05-02 00:00:00+00:00,78652.9,bull,bull,6,0.9992914216267883,8.0,2026-04-04T00:00:00+00:00
2026-05-03 00:00:00+00:00,78529.0,bull,bull,6,0.9990353278754764,8.0,2026-04-04T00:00:00+00:00
2026-05-04 00:00:00+00:00,79826.1,bull,bull,1,0.9994767887748911,8.0,2026-05-04T00:00:00+00:00
2026-05-05 00:00:00+00:00,80861.9,bull,bull,1,0.9989537321555041,8.0,2026-05-04T00:00:00+00:00
2026-05-06 00:00:00+00:00,81390.1,bull,bull,1,0.9996758342876786,8.0,2026-05-04T00:00:00+00:00
2026-05-07 00:00:00+00:00,79969.4,bull,bull,1,0.9582198947203319,8.0,2026-05-04T00:00:00+00:00
2026-05-08 00:00:00+00:00,80155.2,bull,bull,1,0.9810159148150741,8.0,2026-05-04T00:00:00+00:00
2026-05-09 00:00:00+00:00,80634.0,bull,bull,1,0.8406971675797396,8.0,2026-05-04T00:00:00+00:00
2026-05-10 00:00:00+00:00,82177.7,bull,bull,2,0.6472292854768571,8.0,2026-05-04T00:00:00+00:00
2026-05-11 00:00:00+00:00,81699.1,bull,bull,2,0.8415220802450627,8.0,2026-05-04T00:00:00+00:00
2026-05-12 00:00:00+00:00,80461.0,bull,bull,2,0.531640212051679,8.0,2026-05-04T00:00:00+00:00
2026-05-13 00:00:00+00:00,79288.3,bull,bull,2,0.9918302690079811,8.0,2026-05-04T00:00:00+00:00
2026-05-14 00:00:00+00:00,81048.9,bull,bull,2,0.9985838202714119,8.0,2026-05-04T00:00:00+00:00
2026-05-15 00:00:00+00:00,79074.0,bull,bull,2,0.9997141799225481,8.0,2026-05-04T00:00:00+00:00
2026-05-16 00:00:00+00:00,78104.2,bull,bull,2,0.9995726886024165,8.0,2026-05-04T00:00:00+00:00
2026-05-17 00:00:00+00:00,77430.4,bull,bull,2,0.9992068983118926,8.0,2026-05-04T00:00:00+00:00
2026-05-18 00:00:00+00:00,76963.2,bull,bull,2,0.9992720641231647,8.0,2026-05-04T00:00:00+00:00
2026-05-19 00:00:00+00:00,76799.9,bull,bull,2,0.9982186149262281,8.0,2026-05-04T00:00:00+00:00
2026-05-20 00:00:00+00:00,77510.3,bull,bull,2,0.9999995791881433,8.0,2026-05-04T00:00:00+00:00
2026-05-21 00:00:00+00:00,77586.2,bull,bull,2,0.9999997321467319,8.0,2026-05-04T00:00:00+00:00
2026-05-22 00:00:00+00:00,75513.1,bull,bull,2,0.999999998907402,8.0,2026-05-04T00:00:00+00:00
2026-05-23 00:00:00+00:00,76715.2,bull,bull,2,0.9999999997369553,8.0,2026-05-04T00:00:00+00:00
2026-05-24 00:00:00+00:00,77030.3,bull,bull,2,0.999999995815843,8.0,2026-05-04T00:00:00+00:00
2026-05-25 00:00:00+00:00,77281.5,bull,bull,2,0.9999997758504178,8.0,2026-05-04T00:00:00+00:00
2026-05-26 00:00:00+00:00,75905.5,bull,bull,2,0.9999999909874777,8.0,2026-05-04T00:00:00+00:00
2026-05-27 00:00:00+00:00,74418.1,bull,bull,2,0.9999998689420583,8.0,2026-05-04T00:00:00+00:00
2026-05-28 00:00:00+00:00,73591.4,bull,bull,2,0.9999999250026149,8.0,2026-05-04T00:00:00+00:00
2026-05-29 00:00:00+00:00,73428.2,bull,bull,2,0.9999999948626304,8.0,2026-05-04T00:00:00+00:00
2026-05-30 00:00:00+00:00,73856.8,bull,bull,2,0.9964059372383751,8.0,2026-05-04T00:00:00+00:00
2026-05-31 00:00:00+00:00,73653.2,bull,bull,2,0.9191377502356991,8.0,2026-05-04T00:00:00+00:00
2026-06-01 00:00:00+00:00,71391.5,bull,bull,2,0.9935908593907818,8.0,2026-05-04T00:00:00+00:00
2026-06-02 00:00:00+00:00,66730.0,bull,drawdown,3,0.9999916348628525,8.0,2026-05-04T00:00:00+00:00
2026-06-03 00:00:00+00:00,64117.7,bull,drawdown,5,0.9999938360297157,7.0,2026-06-03T00:00:00+00:00
2026-06-04 00:00:00+00:00,63853.4,bull,drawdown,5,0.9998430124104657,7.0,2026-06-03T00:00:00+00:00
2026-06-05 00:00:00+00:00,61022.0,bull,drawdown,5,0.9999963981969763,7.0,2026-06-03T00:00:00+00:00
2026-06-06 00:00:00+00:00,60849.7,bull,drawdown,5,0.9999670288799821,7.0,2026-06-03T00:00:00+00:00
2026-06-07 00:00:00+00:00,63298.5,bull,drawdown,5,0.9913081096961306,7.0,2026-06-03T00:00:00+00:00
2026-06-08 00:00:00+00:00,63057.9,bull,drawdown,5,0.9920064863059552,7.0,2026-06-03T00:00:00+00:00
2026-06-09 00:00:00+00:00,61695.0,bull,drawdown,5,0.8580084584114659,7.0,2026-06-03T00:00:00+00:00
2026-06-10 00:00:00+00:00,61483.7,drawdown,bull,1,0.7170459981328836,7.0,2026-06-03T00:00:00+00:00
